windowDays,txCount,debitCount,creditCount,totalDebits,totalCredits,avgAmount,stdAmount,activeDays,debitCreditRatio,incomeRegularity,topCategoryShare,monthlyIncome,monthlyDebits,dti,dtiCapped,incomeTrend30_90,netCashflowVolatility,recurringExpenseShare,label
90,25,22,3,2105773.706022773,3948826.5714163035,73722.11461574123,479445.8108289334,23,0.5332656848657128,0.8469647258633579,0.76,1316275.5238054346,701924.5686742576,0.5332656848654427,0.5332656848654427,0.4051990161817004,6.195771026343467,0.9478720126480044,0
90,25,22,3,921826.9676775209,4273977.666675681,134086.0279599264,483803.1655896298,24,0.215683618298901,0.8344841573269507,0.76,1424659.2222252272,307275.655892507,0.2156836182988001,0.2156836182988001,0.3835204046736526,3.4626654464843014,0.9494422592088217,0
90,23,20,3,1922795.180982704,8204526.859995123,273118.7686527138,958958.172352672,22,0.23435783851935765,0.9004028351112169,0.8695652173913043,2734842.286665041,640931.7269942347,0.2343578385193006,0.2343578385193006,0.29440909778662117,3.3976048839848345,0.9446471366773183,0
90,21,18,3,820455.8127236619,4165736.24910543,159299.06839913182,514535.07345898997,20,0.19695337478450622,0.7849029297131953,0.8571428571428571,1388578.74970181,273485.2709078873,0.19695337478441166,0.19695337478441166,0.39934344597317384,3.1235556348085196,0.8409724100408118,0
90,26,23,3,3068325.326419451,6003234.916225874,112881.13806947783,703379.8175638923,26,0.5111119869931628,0.9979403616425166,0.7692307692307693,2001078.3054086247,1022775.1088064836,0.5111119869929925,0.5111119869929925,0.3329929651399293,6.231154554135821,0.9536816069864843,0
90,21,18,3,1245432.6107855975,6036960.131331982,228167.9771688755,750164.2051377564,19,0.20630128138855233,0.7659130852175701,0.8571428571428571,2012320.0437773273,415144.20359519916,0.206301281388484,0.206301281388484,0.3711740042235876,3.0630016574786794,0.7886208340131643,0
90,21,18,3,582408.0467375712,2770029.9401155896,104172.47111323898,334651.37289465446,20,0.21025333997402856,0.9757092482223373,0.8571428571428571,923343.3133718632,194136.01557919043,0.21025333997387674,0.21025333997387674,0.32194701848356255,3.0847526482230667,0.9389371345062368,0
90,26,23,3,1406095.2060057637,4375846.919694749,114221.21975726869,519444.1155937217,24,0.3213309861633663,0.6370603008267689,0.7692307692307693,1458615.6398982496,468698.40200192126,0.3213309861632194,0.3213309861632194,0.5026564768592272,4.311203672303937,0.9999999999999999,0
90,22,19,3,2575986.4223325537,11874238.091799296,422647.8031575793,1410820.5886115478,22,0.21693909136885084,0.9151690963273474,0.8636363636363636,3958079.363933099,858662.1407775179,0.2169390913688143,0.2169390913688143,0.296676365353241,3.3380525772712977,0.908711080929163,0
90,23,20,3,277349.38797477563,1373369.0994464,47653.030933548886,161254.32837630762,23,0.20194817845135163,0.8331245591561119,0.8695652173913043,457789.6998154667,92449.79599159188,0.20194817845105753,0.20194817845105753,0.4119991699852993,3.3839259584094314,0.8291341743492169,0
90,25,22,3,1143076.540909042,2674211.3159568636,61245.39100191285,314628.0067645649,25,0.4274443586742541,0.8617647778716184,0.76,891403.7719856212,381025.5136363474,0.42744435867393443,0.42744435867393443,0.26831148385432957,5.13717035049382,1,1
90,26,23,3,1488374.4842025787,3813270.065778653,89419.06082984904,436349.2365147845,24,0.3903144698717448,0.8070100031129739,0.7692307692307693,1271090.0219262177,496124.8280675262,0.39031446987154006,0.39031446987154006,0.29053890466099014,4.695626399956999,0.8773998995595599,0
90,24,21,3,3384299.540136278,7569940.172079133,174401.69299761901,917391.5530806693,23,0.44707084378532297,0.8502233694670424,0.75,2523313.3906930443,1128099.8467120926,0.4470708437852049,0.4470708437852049,0.318977195124459,5.07242910421621,0.9761579185207944,1
90,25,22,3,3391437.4380060416,10041644.45393979,266008.2806373499,1146425.7457310532,24,0.3377372554427666,0.9786661206633938,0.76,3347214.81797993,1130479.146002014,0.33773725544269945,0.33773725544269945,0.32330957244422104,4.228074368463569,0.9298819055327749,0
90,25,22,3,462742.8505632168,1877265.4742050357,56580.904945672795,210344.0294633121,25,0.24649835461280598,0.9974049135132133,0.88,625755.1580683453,154247.61685440558,0.24649835461254332,0.24649835461254332,0.3338687502383993,3.7175798029663936,0.9061608024236454,0
90,23,20,3,763118.0781699517,3262919.5635053176,108687.02110153764,379327.65137770947,21,0.23387584747872509,0.9961015784522005,0.8695652173913043,1087639.8545017724,254372.69272331722,0.23387584747858173,0.23387584747858173,0.331810782882226,3.2062272923507895,0.8984902679573008,0
90,23,20,3,763389.5920165555,3547792.7061143857,121061.00496077519,415474.90189656697,23,0.21517311050915938,0.8626860647796685,0.8695652173913043,1182597.5687047953,254463.19733885184,0.21517311050903806,0.21517311050903806,0.27415252001933743,3.431946579559227,0.9403030809456936,0
90,26,23,3,1365450.1423067874,3065243.8546715276,65376.681244797706,350106.7536552536,25,0.44546215800265065,0.9958347612401283,0.7692307692307693,1021747.9515571758,455150.0474355958,0.44546215800236005,0.44546215800236005,0.3351028491389455,5.182946853623023,0.9332758219746016,0
90,26,23,3,1338371.604415674,3614939.304637881,87560.29616239257,405278.25065190374,25,0.3702334926338058,0.9842294628846362,0.7692307692307693,1204979.768212627,446123.868138558,0.37023349263360095,0.37023349263360095,0.33859511891231514,4.54074340713459,0.9499149535589744,1
90,27,24,3,1211879.08189706,3867401.0170212816,98352.66426386006,426884.13936136174,25,0.3133574916495601,0.8490677721445328,0.7777777777777778,1289133.6723404273,403959.69396568666,0.3133574916493981,0.3133574916493981,0.3524300398582668,4.151869111502434,0.9999999999999998,0
90,20,17,3,1341610.102997122,7225875.619826207,294213.27584145416,889059.1690978602,20,0.18566747804457837,0.96966026427533,0.85,2408625.2066087355,447203.36766570737,0.18566747804452702,0.18566747804452702,0.32658465706027534,3.021818667264815,0.8743290606710769,0
90,27,24,3,6750627.744029146,9389952.861539582,97752.78213001622,1156758.9874129884,26,0.7189203016852621,0.9986542604374089,0.7777777777777778,3129984.2871798608,2250209.248009715,0.718920301685109,0.718920301685109,0.33292855847891,11.56420840656299,0.9772194078227057,0
90,27,24,3,2638691.1388873206,4646509.566895348,74363.64548177879,541009.2634809322,24,0.5678867332344358,0.9084771799081715,0.7777777777777778,1548836.5222984494,879563.7129624402,0.5678867332341915,0.5678867332341915,0.325785968265373,6.785584849559552,0.9759883366326871,0
90,26,23,3,2104263.206908749,4913427.530306011,108044.78166912544,559148.8379979474,24,0.4282678830468607,0.9999053743266879,0.7692307692307693,1637809.1767686706,701421.068969583,0.4282678830466864,0.4282678830466864,0.3333671808890484,4.894784313173469,0.9598367533655403,0
90,25,22,3,9178984.526285127,19461072.131869398,411283.5042233707,2327649.4302194924,23,0.4716587279512302,0.8433741186483477,0.76,6487024.043956466,3059661.508761709,0.4716587279511817,0.4716587279511817,0.3875079177371644,5.411988832090085,0.9788424478466375,1
90,22,19,3,564826.0992056327,2649213.7317197826,94744.89238700678,322037.2833540691,21,0.21320518327479487,0.7726303120300024,0.8636363636363636,883071.2439065942,188275.36640187757,0.21320518327463392,0.21320518327463392,0.27773823485812543,3.2871329599191315,1,0
90,24,21,3,1409212.0276920875,5775741.071846912,181938.71017311772,659433.1493110546,24,0.2439880891754067,0.9784480300148236,0.875,1925247.0239489705,469737.34256402915,0.24398808917532225,0.24398808917532225,0.34343426175688435,3.6244796320693293,0.9159191031218756,0
90,26,23,3,3493775.850451356,5719871.265874788,85619.05443936282,694023.9704953341,26,0.6108137208078253,0.9866334849009786,0.7692307692307693,1906623.755291596,1164591.9501504519,0.6108137208076116,0.6108137208076116,0.3275781328565947,8.105952291014265,0.9999999999999998,0
90,22,19,3,1012183.6084011103,4419948.7715382315,154898.41650623278,525193.9501353442,21,0.22900347056480044,0.9371062925171215,0.8636363636363636,1473316.2571794104,337394.5361337034,0.22900347056469683,0.22900347056469683,0.3130839603712617,3.281469265764279,0.9597679976729117,0
90,22,19,3,3528450.2416861537,14497122.235721942,498575.9997288995,1723197.1485335378,21,0.2433897006808398,0.9845086368444088,0.8636363636363636,4832374.07857398,1176150.0805620512,0.2433897006808062,0.2433897006808062,0.3268863520237148,3.306324237109093,0.8756993735751109,0
90,25,22,3,2945397.6929324544,5872695.447631895,117091.91018797761,696467.0127472194,23,0.5015410247639617,0.99888470533416,0.76,1957565.1492106316,981799.2309774848,0.5015410247637908,0.5015410247637908,0.33322153510196556,5.658494993055932,0.924783853667731,0
90,25,22,3,3017465.304787527,5999954.393673503,119299.56355543905,712271.910935182,23,0.5029147068132238,0.9999993721941335,0.76,1999984.7978911677,1005821.7682625089,0.5029147068130562,0.5029147068130562,0.33333346982553747,5.677203854373845,1,0
90,22,19,3,1953697.3427347862,9212030.297163663,329924.2252013125,1126981.9213138404,22,0.21208108090309988,0.7461355658344768,0.8636363636363636,3070676.765721221,651232.4475782621,0.21208108090305386,0.21208108090305386,0.4502243283696485,3.415881087915763,0.9215413971801075,0
90,24,21,3,1721196.0752876622,4997412.595059602,136509.02165716412,587794.6959346696,24,0.3444174445369744,0.8828039926044547,0.75,1665804.1983532005,573732.0250958874,0.3444174445368366,0.3444174445368366,0.27854128350950147,4.305903659661278,0.9816021107747802,0
90,24,21,3,2833635.1981874625,5556170.035070755,113438.95153680384,673337.377031162,21,0.5099979266834781,0.9536081561915838,0.75,1852056.6783569183,944545.0660624875,0.5099979266832945,0.5099979266832945,0.3115985993936939,5.514617828074901,0.94551275015427,0
90,22,19,3,457081.37782377575,2263373.02258851,82104.16567112427,267310.7037498929,22,0.20194699382819012,0.9883130608227569,0.8636363636363636,754457.6741961701,152360.4592745919,0.20194699382801162,0.20194699382801162,0.33727031067275226,3.255750808276581,0.969867341579861,0
90,25,22,3,2392939.0810556216,4391462.857361048,79940.95105221706,531403.5856551055,24,0.5449070523376941,0.8758158262003772,0.76,1463820.952453683,797646.3603518739,0.544907052337446,0.544907052337446,0.3215203007783464,6.408744865592948,0.9506366509633685,0
90,26,23,3,1395893.961235887,2029832.8522254832,24382.265038061396,251994.7075488124,24,0.6876891167195164,0.9850066313774848,0.7692307692307693,676610.9507418277,465297.98707862897,0.6876891167188388,0.6876891167188388,0.3300548856929259,9.865183796217496,0.9750168913515725,0
90,21,18,3,712679.1974478783,4034541.0833772486,158183.89932997,485800.12462078035,21,0.1766444268925698,0.9337011523675585,0.8571428571428571,1344847.0277924163,237559.7324826261,0.1766444268924822,0.1766444268924822,0.34063314636633885,3.071109807480059,0.9282126458647153,0
90,25,22,3,1428933.5875536082,3255883.6262899823,73078.00154945497,383378.8213201835,25,0.43887735299108716,0.846926137138035,0.76,1085294.5420966607,476311.19585120276,0.4388773529908176,0.4388773529908176,0.2827466370898419,5.24615907915173,0.9702460770035539,0
90,22,19,3,1180963.0993374442,4827038.581026434,165730.7037131359,580821.4207488128,21,0.24465582354762874,0.8478098213929629,0.8636363636363636,1609012.8603421447,393654.3664458147,0.24465582354752738,0.24465582354752738,0.27307232991910113,3.383912786452325,0.7949236619720527,0
90,24,21,3,11223264.23741172,50577741.15095962,1639769.8713978287,5756104.225391825,24,0.22190125501875163,0.9794658250300177,0.875,16859247.050319873,3741088.07913724,0.22190125501874286,0.22190125501874286,0.3270492768124272,3.5103122247766994,0.8923277462911469,0
90,24,21,3,1400008.5820655206,3422247.8186979378,84259.96819301735,404016.7369777909,23,0.40909035705011354,0.9254871774264183,0.75,1140749.2728993127,466669.52735517354,0.4090903570498744,0.4090903570498744,0.3154915997814825,4.703265261637924,0.9455393155321365,0
90,23,20,3,1162054.7500497522,4543027.991887572,146998.83660164438,529808.1310010795,23,0.2557885956513063,0.9961632628898968,0.8695652173913043,1514342.6639625242,387351.5833499174,0.2557885956511937,0.2557885956511937,0.33276288096169143,3.6041654699160297,0.8823319748972968,0
90,26,23,3,1381974.0893713443,3276432.413159237,72863.78168414971,373254.970176768,26,0.42179233846559977,0.987234883838159,0.7692307692307693,1092144.1377197455,460658.0297904481,0.42179233846534225,0.42179233846534225,0.32875609656767735,5.122640652795554,0.9999999999999998,0
90,26,23,3,732289.5586913585,1445226.8748018257,27420.666004248742,168035.81695926428,26,0.5066952265133222,0.9766846169924495,0.7692307692307693,481742.29160060856,244096.5195637862,0.506695226512621,0.506695226512621,0.34422705266512266,6.128072050733546,0.9618562088872269,0
90,25,22,3,2435628.0530575598,6427972.734092721,159693.78724140645,736340.4731277877,24,0.37891076297493953,0.9997110459774043,0.76,2142657.578030907,811876.0176858533,0.3789107629748217,0.3789107629748217,0.33346949622006605,4.517715408036026,0.9371216480165377,0
90,23,20,3,613103.9869067582,2502015.742443963,82126.59806683501,292982.3355010051,22,0.24504401651271573,0.8960154660052649,0.8695652173913043,834005.247481321,204367.99563558606,0.24504401651251984,0.24504401651251984,0.2969379797785778,3.428462641953952,0.8854617584727037,0
90,25,22,3,2589768.843664482,3017384.0230276296,17104.607174525918,410669.6225453459,24,0.8582828118328344,0.8300082456451686,0.76,1005794.6743425432,863256.281221494,0.8582828118322654,0.8582828118322654,0.27748131078211624,23.143114160252225,0.9683400627233042,0
90,20,17,3,650723.961420345,2799486.938227015,107438.1488403335,348424.5081722822,20,0.23244400698373407,0.9150778434407926,0.85,933162.3127423384,216907.987140115,0.23244400698356799,0.23244400698356799,0.2993597793886668,3.2430241206672457,0.7678822585826085,0
90,25,22,3,2531243.828077154,4779692.56380566,89937.94942914024,572864.8339260451,24,0.5295829792996584,0.999059669475252,0.76,1593230.8546018868,843747.9426923846,0.5295829792994368,0.5295829792994368,0.3334628729718205,6.203653884956519,0.968948557832015,0
90,26,23,3,892156.6610319719,1562956.2316167175,25799.983484028668,184016.01941180648,25,0.5708135922069659,0.9855085882634347,0.7692307692307693,520985.4105389058,297385.553677324,0.5708135922062355,0.5708135922062355,0.33120565569936544,7.004254175259424,0.9794286567683788,0
90,28,25,3,2589748.153847687,3879403.4843972772,46059.11894819966,459285.00548160175,27,0.6675634963629918,0.9791744593118261,0.7857142857142857,1293134.4947990924,863249.3846158957,0.6675634963626477,0.6675634963626477,0.3309215441301842,9.7380521608747,0.9651306490402888,0
90,23,20,3,1368572.8517451438,6650394.070204621,229644.400802586,770473.9882742688,22,0.20578823409525104,0.9650780215125412,0.8695652173913043,2216798.0234015402,456190.95058171457,0.20578823409518918,0.20578823409518918,0.349677007044991,3.2443875577630075,0.9482150015211797,0
90,25,22,3,4541730.302274247,7449902.1281755,116326.87303605015,917711.1899225796,24,0.6096362373804659,0.9979267080067202,0.76,2483300.7093918333,1513910.1007580822,0.6096362373803023,0.6096362373803023,0.3341743654719245,7.654116348698552,0.9539410351161326,0
90,23,20,3,1483923.8851131143,6206091.824502105,205311.64953865172,723126.935692302,22,0.23910762635741786,0.9466148630279603,0.8695652173913043,2068697.274834035,494641.29503770475,0.23910762635734084,0.23910762635734084,0.341055229539034,3.403036992341606,0.8542174622693661,0
90,25,22,3,1338157.5096644964,5226805.4907781165,155545.91924454478,588860.7168846483,25,0.25601823370416416,0.9085031548039137,0.88,1742268.4969260388,446052.5032214988,0.25601823370406623,0.25601823370406623,0.3154401571194566,3.785767699601767,0.8581671120119441,0
90,24,21,3,3735110.1336059724,9721305.343312057,249424.80040442024,1140722.0033763763,21,0.38421899134926596,0.9794595385205627,0.75,3240435.1144373524,1245036.7112019907,0.3842189913491869,0.3842189913491869,0.34231777985579437,4.234039902552608,0.9628033703395356,0
90,20,17,3,1061995.0243167025,4278708.119483609,160835.65475834534,532964.7290372531,19,0.24820459696246466,0.94507240448559,0.85,1426236.0398278695,353998.34143890085,0.2482045969623487,0.2482045969623487,0.3575151232894959,3.1382173017168333,0.966267066882894,0
90,27,24,3,2208378.6656791437,4892865.495267354,99425.43813289666,549247.9321424309,27,0.4513466940415093,0.9997050684103215,0.7777777777777778,1630955.165089118,736126.2218930479,0.4513466940413248,0.4513466940413248,0.3333819771942785,5.524219379378107,0.9577874016233292,0
90,20,17,3,549077.6935386404,3031245.61637019,124108.39614157747,373033.2130712943,19,0.18113929487375574,0.9457229146737094,0.85,1010415.20545673,183025.89784621345,0.1811392948736362,0.1811392948736362,0.32936431441991776,2.8941371793843276,0.9526577319827174,0
90,22,19,3,1970694.428907103,7186106.704049336,237064.19432464705,885812.5881342636,21,0.2742367334729878,0.7526361915307347,0.8636363636363636,2395368.9013497788,656898.1429690343,0.2742367334729115,0.2742367334729115,0.2494101359806079,3.5407363754591934,0.9419316601734629,0
90,23,20,3,2589710.692625478,9915572.73274869,318515.74087492214,1157539.0273602535,23,0.26117610776753636,0.979748084401619,0.8695652173913043,3305190.9109162297,863236.897541826,0.26117610776748373,0.26117610776748373,0.3426499299403746,3.634165847430357,0.8660992592828773,0
90,23,20,3,625319.1662274512,2477169.5578280725,80515.23441741831,289628.58281552425,22,0.2524329286427469,0.9234663650693072,0.8695652173913043,825723.1859426908,208439.72207581706,0.25243292864254313,0.25243292864254313,0.29873800113118676,3.452426339450689,1.0000000000000002,0
90,22,19,3,389728.40351751645,1770199.1228527843,62748.66906069399,218155.99227100788,21,0.22016077089069228,0.7232699154028432,0.8636363636363636,590066.3742842615,129909.46783917215,0.22016077089044353,0.22016077089044353,0.21742645108162204,3.3574579223401106,0.789763263728191,0
90,25,22,3,5013021.52712597,13569458.805264145,342257.49112552695,1560532.4158476787,23,0.3694341534962946,0.9270479595616961,0.76,4523152.935088049,1671007.175708657,0.36943415349624015,0.36943415349624015,0.29935022461812527,4.298361187534166,0.9442904798635148,0
90,26,23,3,1245395.1953904855,2688874.9039265714,55518.450328311,309469.43867286865,26,0.4631659113525023,0.9039622943052439,0.7692307692307693,896291.6346421904,415131.7317968285,0.46316591135215773,0.46316591135215773,0.3726835365348007,5.574172853118777,0.9698892978347312,0
90,25,22,3,1118477.5951726593,2303882.3725612797,47416.19109554482,273678.2659957011,25,0.4854751303681951,0.951645660905738,0.76,767960.7908537599,372825.8650575531,0.4854751303677737,0.4854751303677737,0.3387323765831768,5.771831512962748,0.984879906532702,0
90,23,20,3,406595.5646025282,2215096.299029335,78630.46671420899,257423.74020718728,21,0.18355660870388193,0.8855884014844735,0.8695652173913043,738365.4330097783,135531.8548675094,0.18355660870371618,0.18355660870371618,0.2802685692577923,3.057712086080744,0.919326263845824,0
90,25,22,3,3563794.5704688574,5399278.915848679,73419.37381519286,680329.3664566124,22,0.6600500966911109,0.9997226645060356,0.76,1799759.6386162264,1187931.5234896191,0.6600500966908665,0.6600500966908665,0.3334092508733039,8.739625356397962,0.9789621402129355,0
90,27,24,3,2714903.242932994,8090904.856834503,199111.17088524107,908417.0144725181,27,0.33555001461169587,0.7841986495656348,0.7777777777777778,2696968.285611501,904967.7476443313,0.33555001461161293,0.33555001461161293,0.2481042390780143,4.562360868198236,0.9742515663962613,1
90,23,20,3,659199.210685249,2598260.3941228357,84307.00797554724,302923.72534110583,22,0.25370790863613146,0.9990187664027638,0.8695652173913043,866086.7980409452,219733.07022841633,0.2537079086359362,0.2537079086359362,0.3330566981716791,3.4577960178253186,0.949444079660346,0
90,23,20,3,2929082.2917839484,6006488.21122393,133800.25736695578,755699.0487031983,22,0.4876530492992689,0.819733626270014,0.7391304347826086,2002162.7370746434,976360.7639279828,0.4876530492991065,0.4876530492991065,0.31715497592809777,5.541091196286779,0.9228741010265323,1
90,24,21,3,1261624.016855247,5083018.252598204,159224.7598226232,580555.5826801541,22,0.24820371561918256,0.9992928834788164,0.875,1694339.4175327346,420541.338951749,0.2482037156190849,0.2482037156190849,0.3336653992112134,3.375589944251878,0.8832176598793449,0
90,22,19,3,841359.077263514,3917311.7162416503,139816.02904446077,466259.0165794758,21,0.2147797107324705,0.8953013824157545,0.8636363636363636,1305770.57208055,280453.02575450466,0.21477971073236085,0.21477971073236085,0.38114876445642887,3.217914210457183,0.9452547847046188,0
90,25,22,3,2026214.1526350598,5660063.216763235,145353.962565127,645668.9129538632,25,0.35798436784835297,0.9947203699494456,0.76,1886687.7389210782,675404.7175450199,0.3579843678482265,0.3579843678482265,0.3354046999233436,4.442045483693807,0.9191448926191347,0
90,25,22,3,2110639.1150907497,5179518.741669697,122755.1850631579,597098.2690945731,24,0.40749714797053627,0.9481850809463818,0.76,1726506.2472232322,703546.3716969165,0.4074971479703789,0.4074971479703789,0.3187033015071216,4.772568207532356,0.9371311940955798,0
90,21,18,3,242214.69259430477,1249047.6567303475,47944.42686362108,150469.34395253542,19,0.19391949641710246,0.9913093732924713,0.8571428571428571,416349.21891011583,80738.23086476825,0.19391949641679193,0.19391949641679193,0.33441911936265123,2.8919973277129714,0.8592973805211951,0
90,22,19,3,1892814.2899949104,7165050.997015232,239647.12304637826,885913.3026598329,22,0.2641731776623979,0.7337743365164122,0.8636363636363636,2388350.332338411,630938.0966649702,0.2641731776623242,0.2641731776623242,0.31610928105718616,3.696740822065649,0.9244486962042265,0
90,26,23,3,2047500.254414413,4683826.029752299,101397.14520530331,537460.0663424428,24,0.4371426781028962,0.939853327028179,0.7692307692307693,1561275.3432507664,682500.0848048043,0.43714267810270957,0.43714267810270957,0.3356402920052825,5.017078358235988,0.9646658679896314,0
90,22,19,3,246383.84273395513,1245160.9363350277,45398.958800048735,150454.35307878695,20,0.19787309057330102,0.7898723358303282,0.8636363636363636,415053.6454450092,82127.94757798505,0.19787309057298322,0.19787309057298322,0.42886605513021286,3.103848991446883,0.842591011523604,1
90,23,20,3,1865375.1723819089,7135736.541831035,229146.1464977881,833022.7070028636,23,0.26141312273042394,0.998654537302283,0.8695652173913043,2378578.8472770117,621791.724127303,0.2614131227303507,0.2614131227303507,0.3329037648158016,3.6353336930641738,0.982037714644637,0
90,24,21,3,1908511.1398907925,3251821.1666935636,55971.25111678213,409360.17657244374,22,0.586905319221712,0.9933472250851918,0.75,1083940.3888978546,636170.3799635975,0.5869053192213509,0.5869053192213509,0.33521596632550615,6.917147995802578,0.9621403904458908,1
90,26,23,3,2041324.4631423336,3308784.0119184097,48748.44418369522,398751.60825864243,26,0.6169409836933331,0.9990616816241044,0.7692307692307693,1102928.0039728032,680441.4877141112,0.6169409836929601,0.6169409836929601,0.333483924374805,8.17978122025548,0.9922843871013767,0
90,25,22,3,2446070.4720602147,3321825.622478655,35030.206016737626,443351.78853198513,23,0.7363632983944196,0.7173068270907443,0.76,1107275.207492885,815356.8240200715,0.7363632983939762,0.7363632983939762,0.27775767128827583,12.262131278465814,0.9686431478622191,0
90,23,20,3,913920.0711852036,3680752.7533179345,120297.0731362057,433156.69669109816,21,0.24829705563926346,0.8634384489986057,0.8695652173913043,1226917.5844393114,304640.0237284012,0.24829705563912857,0.24829705563912857,0.29711724185022675,3.330199717835986,0.9245179496600497,0
90,27,24,3,913941.5997787334,2121596.972244552,44727.976757993274,237834.83751553993,27,0.4307800264304651,0.9168923412643389,0.7777777777777778,707198.9907481839,304647.1999262445,0.430780026430059,0.430780026430059,0.37243938923069386,5.317361856027155,0.9297453764055258,0
90,22,19,3,678309.8267014485,3243780.8512422806,116612.31929731058,383717.02267508575,21,0.2091108671664626,0.9660773465829758,0.8636363636363636,1081260.283747427,226103.2755671495,0.20911086716633362,0.20911086716633362,0.31882353253875856,3.153027875183751,0.9327073106215933,0
90,25,22,3,701671.8602216771,1151472.0307582002,17992.006821460916,143336.23561334505,23,0.6093694344959848,0.7814571200988475,0.76,383824.0102527334,233890.62007389238,0.6093694344949264,0.6093694344949264,0.27419146569614966,7.588507773049107,0.9614789520192265,0
90,24,21,3,5233148.235431856,8935307.026390117,154256.61628992757,1115493.8600317964,22,0.585670779971561,0.998846744290372,0.75,2978435.6754633724,1744382.7451439518,0.58567077997143,0.58567077997143,0.3330194297102014,6.889442464978194,0.9842731579273067,0
90,22,19,3,1083808.4227870738,5158243.825667932,185201.60922185724,609981.8835414214,22,0.21011190230941112,0.9991043933211051,0.8636363636363636,1719414.6085559772,361269.4742623579,0.21011190230932966,0.21011190230932966,0.33337381507663627,3.293610061494749,0.8316376254237419,0
90,24,21,3,1752992.883832854,6862676.953254122,212903.50289255285,784828.6389458323,23,0.25543864235098085,0.9811454840582281,0.875,2287558.9844180406,584330.961277618,0.2554386423509064,0.2554386423509064,0.3310838136675877,3.5316216919758863,0.8976737600858601,0
90,24,21,3,933809.8147948361,4201073.918085568,136136.00430378047,478086.0790677514,24,0.22227883465096265,0.9998629685150685,0.875,1400357.9726951893,311269.93826494535,0.22227883465085682,0.22227883465085682,0.33339788523292946,3.5118268786368603,0.9194723123518945,0
90,26,23,3,1153397.1457047013,2921235.8908212464,67993.79788909786,333772.8202419589,26,0.3948319097846125,0.840403351846914,0.7692307692307693,973745.2969404155,384465.7152349004,0.3948319097843421,0.3948319097843421,0.34817158137728793,4.908871552982736,1.0000000000000002,0
90,21,18,3,2077308.3422540203,8554946.872797754,308458.9776449397,1083029.6433639415,21,0.24281954910310602,0.7156550653325373,0.8571428571428571,2851648.957599251,692436.1140846735,0.24281954910304931,0.24281954910304931,0.46390824299718547,3.511097818028438,0.9303046233404793,0
90,25,22,3,6111036.182620076,11579538.437204663,218740.09018338352,1384439.7651774327,25,0.5277443669935061,0.9243979007449034,0.76,3859846.1457348876,2037012.0608733587,0.5277443669934151,0.5277443669934151,0.30835885289489307,6.329154221388685,1.0000000000000002,0
90,26,23,3,2386289.586126477,5642852.191808541,125252.40791084866,642752.1578488677,24,0.4228871331398892,0.9947304479681554,0.7692307692307693,1880950.7306028472,795429.862042159,0.42288713313973925,0.42288713313973925,0.33213168095470913,4.94648118450745,0.8961122002903479,0
90,22,19,3,1262285.4926878514,6786691.934041632,251109.38369789906,808569.4785162051,20,0.18599422295214527,0.8543006691079394,0.8636363636363636,2262230.6446805443,420761.8308959505,0.18599422295209048,0.18599422295209048,0.26632407164436667,2.9829695844705144,0.9157167851940233,0
90,22,19,3,747315.5794353236,3259261.1421787683,114179.34376106564,386562.20197572024,22,0.2292898748627196,0.9811027847748245,0.8636363636363636,1086420.3807262562,249105.19314510786,0.22928987486257887,0.22928987486257887,0.3310096467115595,3.385570360093011,0.9299422897748455,0
90,27,24,3,2276315.727159132,4748591.340504009,91565.76345721766,539642.8508676465,27,0.4793665244979887,0.9758323958646619,0.7777777777777778,1582863.7801680032,758771.9090530439,0.47936652449778683,0.47936652449778683,0.32286250650618675,5.893500261305535,0.9660145541423352,0
90,26,23,3,697742.9936506615,1805605.3408669701,42610.09027755032,203922.09651375856,26,0.38643161817147176,0.9638963530521903,0.7692307692307693,601868.4469556567,232580.99788355385,0.3864316181710437,0.3864316181710437,0.33709656234754476,4.785770111743035,0.9703297886183038,0
90,25,22,3,1830433.8166194619,7323553.138498024,219724.77287514255,824794.7155855426,25,0.2499379443288388,0.9057123062755099,0.88,2441184.3794993414,610144.6055398206,0.2499379443287706,0.2499379443287706,0.2889554754673777,3.753762968049461,0.8121169070859405,0
90,26,23,3,1022611.3237052303,2546387.87390872,58606.7903924419,288034.1319439695,25,0.40159291291908117,0.9620027212528408,0.7692307692307693,848795.9579695733,340870.44123507675,0.4015929129187657,0.4015929129187657,0.31625212936604297,4.8249367545898645,0.96355182927313,0
90,25,22,3,1902895.575543164,5620717.74788703,148712.88689375465,640098.84689015,22,0.3385502814579458,0.9993862131934513,0.76,1873572.58262901,634298.5251810547,0.3385502814578254,0.3385502814578254,0.33362012511310146,3.9662936246345595,0.9797776882644471,0
90,23,20,3,802421.7674729729,3140146.827587855,101640.22000499489,366470.1009156579,23,0.2555363846120241,0.9650883239446798,0.8695652173913043,1046715.6091959517,267473.92249099095,0.2555363846118613,0.2555363846118613,0.3295374635895082,3.6055618621648295,0.9208114432570917,0
90,22,19,3,1708418.6512080834,7951704.348599704,283785.7135178009,940788.1650894231,22,0.21484936767156354,0.9996652694201381,0.8636363636363636,2650568.1161999013,569472.8837360278,0.2148493676715095,0.2148493676715095,0.33320043926998355,3.315135753044508,0.883153586987509,0
90,26,23,3,1869818.3937158019,4576572.951617692,104105.94453468808,528471.7289722371,25,0.4085630041261473,0.7754908358956598,0.7692307692307693,1525524.3172058973,623272.7979052673,0.4085630041259688,0.4085630041259688,0.23206048010339142,4.914938069191739,0.9125701264415038,0
90,25,22,3,1737377.0947294605,4225329.5119611155,99518.09668926621,492735.5368547807,24,0.41118144509460397,0.9125018353994758,0.76,1408443.1706537053,579125.6982431535,0.41118144509440935,0.41118144509440935,0.3535179598557041,4.854220772992763,0.9999999999999999,0
90,23,20,3,847583.5618994231,4388737.982074702,153963.23565979477,507189.7065095426,23,0.19312694568714012,0.9957109056484461,0.8695652173913043,1462912.6606915675,282527.85396647436,0.1931269456870521,0.1931269456870521,0.3349926381087471,3.2942260815235223,0.9094099706748563,0
90,26,23,3,2784956.7946437444,3869066.047373404,41696.509720371534,490356.95938735845,26,0.7198007892715222,0.865279898008651,0.7692307692307693,1289688.6824578012,928318.9315479147,0.7198007892711501,0.7198007892711501,0.3958204088774043,11.760144018385935,0.9366587407150527,1
90,25,22,3,4188366.9745454392,10774160.288025761,263431.7325392128,1240769.558039417,25,0.38874184739946166,0.9959006963753583,0.76,3591386.7626752537,1396122.3248484798,0.38874184739938955,0.38874184739938955,0.33364366807239676,4.710023147458189,0.9634239733780651,0
90,26,23,3,973035.1809750759,2833574.6897801086,71559.21187711667,315981.8995294116,24,0.343394929551069,0.978761883368819,0.7692307692307693,944524.8965933695,324345.0603250253,0.34339492955082657,0.34339492955082657,0.333860041943322,4.189716575513335,0.9061551397624888,0
90,22,19,3,1142585.4042112203,4565629.728181217,155592.92381681802,577776.1194354235,22,0.2502580086944841,0.6498669487381415,0.8636363636363636,1521876.5760604057,380861.80140374013,0.2502580086943745,0.2502580086943745,0.49832389984892017,3.7133830077769794,0.9363336850599344,0
90,25,22,3,2229718.0234276964,5235926.257536897,120248.32936436804,609871.0992941508,23,0.42584977590501477,0.989381860674952,0.76,1745308.7525122992,743239.3411425655,0.4258497759048521,0.4258497759048521,0.3285938267721077,4.795372409858627,0.9418213851959537,0
90,25,22,3,3987445.522536296,8490432.040525258,180119.46071955844,996333.9064063837,25,0.46963988446094956,0.9978460351651421,0.76,2830144.013508419,1329148.5075120986,0.469639884460839,0.469639884460839,0.334247498539919,5.5315172631574745,0.9244685219959327,0
90,27,24,3,2705480.501489115,4116299.1522716605,52252.54262157575,488889.1201713279,25,0.6572604180129584,0.9098167196130351,0.7777777777777778,1372099.7174238868,901826.833829705,0.657260418012639,0.657260418012639,0.37528094325078304,8.93896880360901,0.9711682329661979,0
90,26,23,3,6271570.619684945,8804149.10520795,97406.86482780789,1107645.8622682958,25,0.7123426176385845,0.9841825793092073,0.7692307692307693,2934716.36840265,2090523.5398949815,0.7123426176384227,0.7123426176384227,0.3307837618113044,11.192792757538044,0.9860715173911371,0
90,22,19,3,3775198.985483174,18854257.75638192,685411.7623135793,2225796.451688444,22,0.2002305810317629,0.9924091672182125,0.8636363636363636,6284752.5854606405,1258399.6618277247,0.2002305810317416,0.2002305810317416,0.3346024843514371,3.247385840260622,0.8048244605363746,0
90,26,23,3,5699450.772666357,8699706.034951918,115394.4331648293,1074348.9211753919,24,0.6551314205063484,0.998707289980807,0.7692307692307693,2899902.011650639,1899816.9242221192,0.655131420506198,0.655131420506198,0.33380624302117706,8.925907263432665,1.0000000000000002,0
90,27,24,3,8563800.463713378,13358974.75428923,177599.04779910564,1613454.920518296,26,0.6410522230355377,0.7927909084216865,0.7777777777777778,4452991.584763077,2854600.1545711257,0.6410522230354416,0.6410522230354416,0.2642182962280996,8.942224672410472,0.9916700520772652,1
90,24,21,3,2802980.329710885,6391477.273253543,149520.7059809441,765500.2456355531,23,0.4385496826281612,0.9287486328078486,0.75,2130492.424417848,934326.776570295,0.438549682628024,0.438549682628024,0.3568109677038313,5.0229382456525995,0.9345106817463962,0
90,23,20,3,511492.5519125671,2445381.143219754,84082.11266552989,283707.3384085594,23,0.20916680139231478,0.9459133592907065,0.8695652173913043,815127.047739918,170497.51730418904,0.20916680139214372,0.20916680139214372,0.34986096759110846,3.3741699561444687,0.8950040442454054,0
90,20,17,3,1308501.692379317,6934404.144731667,281295.12261761754,853322.0399796973,19,0.18869706251159982,0.981860833411476,0.85,2311468.048243889,436167.2307931057,0.18869706251154542,0.18869706251154542,0.33065453423683455,2.9080488605681096,0.8574015683968149,0
90,23,20,3,312802.75717665465,1350182.5204809445,45103.46796975175,156926.21914070682,23,0.23167442359200474,0.9995265941694637,0.8695652173913043,450060.84016031487,104267.58572555154,0.23167442359166154,0.23167442359166154,0.3332088800164453,3.4792495167437854,0.8533699838266987,1
90,23,20,3,1214296.1593667464,5124109.502635148,169991.88448993055,596486.54844793,23,0.2369770120529313,0.9629659794739096,0.8695652173913043,1708036.5008783827,404765.38645558216,0.23697701205283883,0.23697701205283883,0.3203937061855503,3.508911912084567,0.8593014878928092,0
90,23,20,3,797722.7324598213,3558854.7901837816,120049.2199010417,413236.7236235639,23,0.22415152612012085,0.986351424979434,0.8695652173913043,1186284.9300612605,265907.5774866071,0.22415152611999486,0.22415152611999486,0.32719103987317316,3.4422274793685346,1.0000000000000002,0
90,25,22,3,1452978.7714276009,3696153.9155559624,89727.00576513447,432131.4806506895,23,0.39310559154803376,0.827769225884218,0.76,1232051.3051853208,484326.2571425336,0.39310559154782104,0.39310559154782104,0.39745656751444497,4.545870344341352,0.953952539347062,0
90,23,20,3,1380194.6917687957,5724443.6178525025,188880.388090596,667870.7568069908,22,0.2411054739825227,0.9345921522793242,0.8695652173913043,1908147.8726175008,460064.8972562652,0.24110547398243845,0.24110547398243845,0.3641654061753724,3.3858537517036975,0.9227828149916139,0
90,26,23,3,5774111.057405333,14172293.067428403,323007.00038550264,1641241.311998991,25,0.407422498951516,0.779180762529677,0.7692307692307693,4724097.689142801,1924703.6858017778,0.4074224989514585,0.4074224989514585,0.349997771888211,4.9242972629632975,0.9224002803183009,0
90,26,23,3,3802438.0102243763,5247093.901937707,55563.68814282041,669200.630543153,26,0.7246750451367838,0.7914818790462572,0.7692307692307693,1749031.3006459025,1267479.3367414589,0.7246750451365077,0.7246750451365077,0.4200156633606231,12.04384829190967,0.9914254355588962,0
90,21,18,3,1415791.7328554785,6787576.653907292,255799.2819548482,819614.4601699568,21,0.2085857449639651,0.9966313179127388,0.8571428571428571,2262525.5513024307,471930.5776184928,0.20858574496390364,0.20858574496390364,0.3347617582741882,3.204131199677976,1.0000000000000002,0
90,23,20,3,1560493.202994709,7146954.583619723,242889.62524456586,829926.1460696068,23,0.21834379731067866,0.954987208180841,0.8695652173913043,2382318.194539908,520164.4009982363,0.21834379731061757,0.21834379731061757,0.3544739930940535,3.4168859424544635,0.9197386784111954,0
90,22,19,3,1548002.3505935427,5765342.010440497,191697.25726577063,712322.198414811,21,0.2685013912080127,0.7396055713365164,0.8636363636363636,1921780.6701468322,516000.7835311809,0.26850139120791955,0.26850139120791955,0.3301732965306756,3.5948403429838054,0.8381647168461565,0
90,26,23,3,3117401.2744755535,5051251.669735568,74378.8613561544,610480.231065337,23,0.6171542180629721,0.9311343329177516,0.7692307692307693,1683750.5565785225,1039133.7581585179,0.6171542180627277,0.6171542180627277,0.3303484502654432,7.686835480572356,0.9760582347824127,1
90,25,22,3,2141974.6442361516,4347361.818521868,88215.48697142868,515681.3784999849,24,0.492706780261493,0.9969426091475385,0.76,1449120.606173956,713991.5480787172,0.49270678026126635,0.49270678026126635,0.3340957016145486,5.733455245473745,0.9485876239435762,0
90,24,21,3,6381085.358423334,9578236.422400376,133214.62766571014,1257754.1965906513,23,0.6662067083142139,0.8123238796899281,0.75,3192745.4741334585,2127028.452807778,0.666206708314075,0.666206708314075,0.3593501176648734,9.155047537895392,0.9538035258004269,0
90,21,18,3,799790.5083817906,3449910.8372193063,126196.2061351198,418271.64538509795,20,0.23182932722580307,0.9781095690152144,0.8571428571428571,1149970.2790731022,266596.83612726355,0.23182932722566868,0.23182932722566868,0.3231718423705216,3.17012827172339,0.9608373989230431,0
90,22,19,3,575493.4983013136,2474158.024208443,86302.93299577861,293550.05662518134,21,0.23260175488798807,0.9989301675163105,0.8636363636363636,824719.3414028143,191831.16610043787,0.23260175488780002,0.23260175488780002,0.333541880974948,3.2756631258626117,0.9268976288539971,0
90,27,24,3,1728896.6349756513,5435897.21198444,137296.3176669922,602992.3620246836,26,0.31805175255405144,0.8158773267436129,0.7777777777777778,1811965.7373281466,576298.878325217,0.3180517525539344,0.3180517525539344,0.38266842473172447,4.27471678449969,0.9497448843337014,0
90,26,23,3,1712743.8442882404,2674985.1039330643,37009.2792171086,325538.80728212994,25,0.6402816381180334,0.9964175435426258,0.7692307692307693,891661.7013110215,570914.6147627468,0.6402816381175547,0.6402816381175547,0.33263161667631735,8.643143900391738,1.0000000000000002,0
90,27,24,3,1900104.0033120287,2811976.807608327,33773.06682578884,337672.18855411734,26,0.6757182342934934,0.9214487282094398,0.7777777777777778,937325.6025361089,633368.0011040096,0.6757182342930128,0.6757182342930128,0.30960049757979624,9.840107371747301,0.9538385719500472,0
90,24,21,3,2441108.658029,3265327.317482547,34342.444143897774,433893.2946350956,23,0.7475846739647104,0.9116597984561924,0.75,1088442.439160849,813702.8860096666,0.7475846739642525,0.7475846739642525,0.3474054362175522,12.408642024563793,0.9928402774068923,0
90,25,22,3,5053014.193307419,12666700.895167712,304547.4680744118,1461318.3632779564,24,0.398921095171255,0.9298797490215146,0.76,4222233.63172257,1684338.0644358064,0.39892109517119206,0.39892109517119206,0.30167479190203095,4.706113548717079,0.9768703346235958,0
90,21,18,3,1146732.2266336996,5969394.2894627005,229650.5744204286,720489.5944739148,21,0.1921019405030328,0.9356898959696286,0.8571428571428571,1989798.0964875668,382244.07554456656,0.19210194050296847,0.19210194050296847,0.36091803946088624,3.137329816348529,0.8716910410942942,0
90,21,18,3,1525866.0958630266,7211298.2381193675,270734.86391696864,872163.9271414317,21,0.21159381369043823,0.9545761521896842,0.8571428571428571,2403766.0793731227,508622.0319543422,0.21159381369037958,0.21159381369037958,0.3191280432695486,3.221468836779341,0.927920530726454,0
90,26,23,3,3417796.408292308,4712837.973682351,49809.290976540135,591734.1975780608,23,0.7252098263036837,0.9952412136437557,0.7692307692307693,1570945.9912274505,1139265.4694307693,0.7252098263033759,0.7252098263033759,0.332327537027672,10.814510300322285,0.964872127737051,0
90,23,20,3,1497442.922533912,6246889.487882312,206497.67675427833,743795.2591986635,21,0.23971016702607034,0.7901944091591816,0.8695652173913043,2082296.4959607709,499147.6408446373,0.2397101670259936,0.2397101670259936,0.29944407701463266,3.377898446736675,0.9739996187547798,0
90,26,23,3,1052530.871418824,2265894.3118913714,46667.82463355952,259721.3275383675,25,0.46451013442890826,0.906349230079958,0.7692307692307693,755298.1039637905,350843.62380627467,0.46451013442849826,0.46451013442849826,0.37405646154412003,5.471710018223043,0.973741017251529,0
90,20,17,3,411648.7821963715,2319720.418381977,95403.58180928027,289791.50775845785,20,0.1774562050384168,0.8219306602148231,0.85,773240.139460659,137216.26073212383,0.17745620503826376,0.17745620503826376,0.40141901297888505,3.037532787130967,0.7960126614241753,1
90,25,22,3,789261.4214306761,2679975.851955185,75628.57722098037,303412.9577327269,21,0.29450318399495035,0.932398576816719,0.76,893325.2839850617,263087.14047689206,0.2945031839947306,0.2945031839947306,0.3403577280488326,3.643504339716377,1,0
90,23,20,3,1918084.4123236367,7397213.207119612,238222.9910780859,878683.0721089733,23,0.2592982463283976,0.8156024777233488,0.8695652173913043,2465737.7357065375,639361.4707745456,0.25929824632832754,0.25929824632832754,0.41929098405520876,3.688489797432128,0.8914123984162902,0
90,27,24,3,346568.16835360834,1020744.6360782332,24969.49880461574,112580.78535730041,26,0.33952484892284723,0.8656373722516992,0.7777777777777778,340248.21202607773,115522.72278453612,0.339524848922182,0.339524848922182,0.3087340883387643,4.423045444788879,1,0
90,26,23,3,1702361.6245212813,2935491.935855178,47428.08889745755,353088.57430948986,25,0.5799237953023922,0.9521622887236818,0.7692307692307693,978497.3119517261,567453.8748404271,0.579923795301997,0.579923795301997,0.3108137580262245,7.2253757709855355,0.9725671237627981,0
90,22,19,3,1336055.2003087162,6105133.809321817,216776.3004096864,727023.0014581698,22,0.21884126409621016,0.8966769332351451,0.8636363636363636,2035044.6031072724,445351.7334362387,0.21884126409613847,0.21884126409613847,0.3766339158973824,3.353793749966266,0.893963845885086,0
90,25,22,3,2764595.9570525005,6056285.80858964,131667.59406148558,708822.5491236786,25,0.45648373350065696,0.9884660391563236,0.76,2018761.9361965468,921531.9856841668,0.4564837335005062,0.4564837335005062,0.3375980723892477,5.383424480189804,0.9422549958185787,0
90,21,18,3,653441.6641296919,3555211.138771114,138179.49879244866,427603.03733090794,21,0.18379827206419455,0.9911585211472264,0.8571428571428571,1185070.3795903714,217813.88804323063,0.18379827206409113,0.18379827206409113,0.3374074054952047,3.094547607023028,1.0000000000000002,0
90,24,21,3,718924.1221808952,3412537.680931176,112233.89828126172,391630.9538328698,22,0.2106714091973081,0.8621051767587922,0.875,1137512.560310392,239641.3740602984,0.21067140919718463,0.21067140919718463,0.31379974186947884,3.2474263703024877,0.9011191247048347,0
90,22,19,3,692068.5412726112,2948667.476004988,102572.67885147166,350328.0838154005,21,0.23470552271632472,0.9593281924285583,0.8636363636363636,982889.1586683294,230689.5137575371,0.23470552271616552,0.23470552271616552,0.33530322216848335,3.287400724152938,0.8404861783341137,0
90,24,21,3,1290900.9234012642,5788942.294639951,187418.39046827858,659670.9229677438,22,0.22299426349374762,0.9499071828979899,0.875,1929647.4315466501,430300.30780042143,0.22299426349367063,0.22299426349367063,0.33225220935479166,3.273424753076005,0.9999999999999998,0
90,26,23,3,8934285.485186901,26386510.22796777,671239.4131838797,2940471.5415867227,25,0.33859291766885014,0.9653933237988733,0.7692307692307693,8795503.40932259,2978095.161728967,0.33859291766882443,0.33859291766882443,0.32963445493945687,4.296702375026534,0.8436085124800828,0
90,22,19,3,611641.9959506147,2747163.96612359,97069.18046240798,325435.6377975589,22,0.22264488159163465,0.9999481210994982,0.8636363636363636,915721.3220411966,203880.66531687157,0.22264488159147255,0.22264488159147255,0.3333172971238063,3.3526154876751835,0.9449041608244484,0
90,23,20,3,1133478.7826437396,5092508.754277866,172131.73789713593,598918.3270037434,23,0.22257767975192178,0.843297665075268,0.8695652173913043,1697502.9180926222,377826.26088124653,0.22257767975183435,0.22257767975183435,0.26372561585562443,3.4794183473484193,0.8009821287389439,0
90,24,21,3,2908646.0642760913,5154212.101793021,93565.25156320543,644209.2257311377,22,0.5643240919914184,0.9989873632645255,0.75,1718070.7005976737,969548.6880920305,0.5643240919911995,0.5643240919911995,0.33380210830475854,6.634512174109442,0.9413345819060163,0
90,25,22,3,1438004.4156627434,4910481.353860223,138899.07752789918,555665.5295078794,24,0.2928438806782166,0.9110754889239847,0.88,1636827.1179534076,479334.8052209145,0.29284388067809736,0.29284388067809736,0.3438217553912814,3.8487424352790374,1.0000000000000002,0
90,25,22,3,1346584.3773865665,2809367.2436214993,58511.31464939732,333831.7683563025,24,0.47931945545511245,0.9044887392300615,0.76,936455.747873833,448861.4591288555,0.4793194554547712,0.4793194554547712,0.2982381343666181,5.486198354171152,0.9425760615783375,0
90,22,19,3,512970.7128898768,2038792.7557473346,69355.54740261172,242601.09929321773,22,0.25160512830132753,0.9930836206749133,0.8636363636363636,679597.5852491115,170990.23762995892,0.25160512830108067,0.25160512830108067,0.3305436633261096,3.497933595439897,0.8653446263913713,0
90,26,23,3,17689617.043667004,30048672.595790282,475348.29046627966,3611277.852379822,23,0.5886987848556302,0.974211834940536,0.7692307692307693,10016224.19859676,5896539.0145556675,0.588698784855591,0.588698784855591,0.33545284882204146,7.0424488169583315,0.9446025790250205,0
90,25,22,3,2972626.4572543865,11143685.000997148,326842.3417497105,1251650.6886065095,23,0.2667543507365944,0.9971457725160935,0.76,3714561.6669990495,990875.4857514622,0.2667543507365466,0.2667543507365466,0.3343492904702162,3.640874959533121,0.9478464749434472,0
90,21,18,3,317632.84475213825,1533905.7721668102,57917.75844831771,185556.27818339967,21,0.20707454819942422,0.9393795809718669,0.8571428571428571,511301.9240556034,105877.61491737941,0.20707454819915422,0.20707454819915422,0.34902007754327624,3.2037890131016558,0.91724685615579,0
90,26,23,3,1176011.4343926648,3748624.879747656,98946.67097519196,417157.032198525,26,0.31371808919742217,0.9300720970619747,0.7692307692307693,1249541.626582552,392003.8114642216,0.3137180891972548,0.3137180891972548,0.3652413096719054,4.215978446600788,0.9807081931050208,0
90,21,18,3,560778.506354897,2918903.3690027893,112291.66012609012,359559.25157035666,21,0.19211958583825564,0.7936956625441361,0.8571428571428571,972967.7896675965,186926.16878496567,0.19211958583812397,0.19211958583812397,0.38719649152950736,3.202012074301979,0.8625162989008817,0
90,23,20,3,2277188.500132276,9335398.019937433,306878.67477413727,1089569.400407264,22,0.2439305207200254,0.9319684457743882,0.8695652173913043,3111799.3399791443,759062.8333774254,0.2439305207199732,0.2439305207199732,0.303926091952296,3.448607003444369,0.8956353674769437,0
90,26,23,3,4099344.342810524,9238998.11833509,197678.99136632946,1106593.0528509822,25,0.4437000949999978,0.6861393738870472,0.7692307692307693,3079666.03944503,1366448.1142701746,0.44370009499990176,0.44370009499990176,0.42176072851740404,5.377312252790244,0.9443241805274334,0
90,25,22,3,3314216.394352697,8091311.93090448,191083.82146207133,939655.0662158034,24,0.4096018572332819,0.9411730251828037,0.76,2697103.97696816,1104738.7981175657,0.4096018572331807,0.4096018572331807,0.349360205847819,4.7500022692961155,0.8720355144949439,0
90,20,17,3,914696.2649467617,4475986.622884825,178064.51789690315,556717.7194262203,20,0.20435634464810465,0.8771850287079606,0.85,1491995.5409616083,304898.7549822539,0.20435634464801333,0.20435634464801333,0.3780540764349072,3.1264944077484627,0.8084806917038291,0
90,21,18,3,959521.3201172886,5213996.459361039,202594.05424970237,650097.8147005907,19,0.18402799610544637,0.7386072904829412,0.8571428571428571,1737998.819787013,319840.4400390962,0.18402799610537582,0.18402799610537582,0.4140792334786486,2.9817197542242764,0.9155755332838224,0
90,23,20,3,2862351.4227665155,14716089.781778704,515379.92865270376,1701495.2057119904,22,0.1945048899001997,0.9790694623523261,0.8695652173913043,4905363.260592901,954117.1409221719,0.19450488990017328,0.19450488990017328,0.32835949890505595,3.189171070624703,0.8698283298830899,0
90,25,22,3,1749391.7322447894,3922661.062431347,86930.7732074623,460794.1054539467,25,0.44597065726602286,0.9496401381392481,0.76,1307553.6874771158,583130.5774149298,0.44597065726579543,0.44597065726579543,0.3563836969394409,5.300701793471343,0.9519796847547946,0
90,24,21,3,1803864.755853392,7006035.6145146955,216757.11911088767,807527.336797496,23,0.2574729640420315,0.8770685189660152,0.875,2335345.2048382317,601288.2519511307,0.2574729640419581,0.2574729640419581,0.2757902848104537,3.614694825630994,0.9081101823522928,0
90,22,19,3,2083624.2176248513,7702854.867363911,255419.57498813907,921586.00753035,22,0.27050025652860876,0.9317215563809536,0.8636363636363636,2567618.2891213037,694541.4058749505,0.2705002565285386,0.2705002565285386,0.30528164122901724,3.6081259925733478,0.9494578864139664,0
90,23,20,3,977445.2361363053,4225122.727089095,141203.36917186042,491019.1650563015,23,0.23134126492214022,0.9976371792099775,0.8695652173913043,1408374.2423630317,325815.07871210173,0.2313412649220307,0.2313412649220307,0.33437049474709984,3.4773898663508405,1.0000000000000002,0
90,22,19,3,1653454.9705810475,6522695.173412083,221329.10012868344,776565.7684150359,22,0.253492601849713,0.9749416764509126,0.8636363636363636,2174231.724470694,551151.6568603491,0.25349260184963535,0.25349260184963535,0.32152103497253015,3.5086473850931594,1,0
90,22,19,3,1585894.831897844,6689824.5256237835,231996.80426027,794306.3459426395,22,0.23706075186624306,0.982624131691403,0.8636363636363636,2229941.5085412613,528631.6106326147,0.2370607518661722,0.2370607518661722,0.3251559728706039,3.423781411437496,0.8528605617581583,0
90,22,19,3,1459574.8869787143,6267508.611108153,218542.4420058836,743808.9349351833,21,0.2328795981854128,0.9927573519538853,0.8636363636363636,2089169.537036051,486524.9623262381,0.2328795981853385,0.2328795981853385,0.3305144794605375,3.267550830356582,0.8403985178268766,0
90,25,22,3,1914870.1483180546,2487500.3026666366,22905.206173943272,327952.7602224054,25,0.7697969508845953,0.9110690278349086,0.76,829166.7675555455,638290.0494393515,0.7697969508839764,0.7697969508839764,0.314624227699017,14.317826162209503,0.9589108410684865,0
90,25,22,3,2252798.333267213,4942756.460474277,107598.32508828251,577658.0975454401,24,0.45577773278568373,0.9995081526512138,0.76,1647585.486824759,750932.7777557377,0.4557777327854993,0.4557777327854993,0.3332130393378943,5.176026796966123,0.9716594797003589,0
90,23,20,3,477619.93942823634,2325753.0413815193,80353.61312840358,269421.2981541676,23,0.20536141668090446,0.9654114804635416,0.8695652173913043,775251.0137938397,159206.64647607878,0.20536141668072785,0.20536141668072785,0.34156957579812297,3.3529456568466243,0.787473031559405,0
90,26,23,3,1679530.4099613647,4972920.079441188,126668.83344153166,553450.1069126854,24,0.3377352507442182,0.99660386700924,0.7692307692307693,1657640.026480396,559843.4699871215,0.3377352507440823,0.3377352507440823,0.3340034358345923,4.150072156466133,1.0000000000000002,0
90,21,18,3,2946671.441520108,17424414.956602193,689416.3578610516,2106531.122077238,20,0.16911164299398365,0.8818287142195749,0.8571428571428571,5808138.3188673975,982223.8138400359,0.1691116429939642,0.1691116429939642,0.35400464758938743,2.95555976913536,0.7920707663803502,0
90,23,20,3,1579123.8522682497,3467800.5531332,82116.37829847612,444579.5727858837,21,0.45536755302753407,0.7028482771676166,0.7391304347826086,1155933.5177110666,526374.6174227499,0.4553675530272714,0.4553675530272714,0.4251373957367579,5.1194896267853105,0.9676814544469263,0
90,21,18,3,838967.3678338027,3550448.887530037,129118.1676045826,431298.46816044056,21,0.2362989566700159,0.9519430420991923,0.8571428571428571,1183482.9625100123,279655.78927793424,0.2362989566698828,0.2362989566698828,0.315812332428464,3.340339133977865,0.8185368653130324,0
90,23,20,3,525552.1103846391,2315928.4452874856,77842.449343602,269154.6304313566,22,0.22692933862176096,0.961489494626697,0.8695652173913043,771976.1484291619,175184.0367948797,0.22692933862156497,0.22692933862156497,0.35148551032349123,3.3510516863739483,0.8926844072803662,0
90,24,21,3,2877042.582118143,5381249.6223244,104341.96000859405,662126.2567409446,22,0.5346420969177947,0.9760925515849612,0.75,1793749.8741081331,959014.194039381,0.5346420969175961,0.5346420969175961,0.3279398302771121,6.11201567473683,0.9999999999999999,0
90,22,19,3,587165.9400803978,2671496.608638018,94742.30311625543,316328.3187079784,21,0.2197891392344035,0.9991328108859306,0.8636363636363636,890498.869546006,195721.98002679925,0.21978913923423893,0.21978913923423893,0.33292545274274155,3.189748422118557,0.8576757078019767,0
90,20,17,3,1177925.7855693095,6086098.2626729,245408.62385517958,749368.0143667939,20,0.1935436686577244,0.9978346177189963,0.85,2028699.4208909667,392641.9285231032,0.19354366865766082,0.19354366865766082,0.3343341568890538,3.0535520822037494,0.8531151130855549,0
90,21,18,3,1469432.4630120774,6603261.998492125,244468.07311809756,799132.645026108,21,0.22253129791721185,0.997244090596585,0.8571428571428571,2201087.3328307085,489810.8210040258,0.2225312979171445,0.2225312979171445,0.33208704674697714,3.26886302505765,0.8962933672259874,0
90,26,23,3,1316889.4596975883,2304174.6629221835,37972.5078163306,278203.2532291425,25,0.5715232794144698,0.9060830168520362,0.7692307692307693,768058.2209740612,438963.15323252947,0.5715232794139737,0.5715232794139737,0.3522561904688423,7.201926717532301,0.9398479996224942,0
90,24,21,3,611275.5422494581,2453703.257096842,76767.82145197432,282770.2174414085,24,0.24912366256238108,0.870512893397256,0.875,817901.0856989473,203758.51408315272,0.24912366256217802,0.24912366256217802,0.285657226720051,3.683447205996657,0.8818850158534027,0
90,27,24,3,4295513.449085449,10168489.12439949,217517.6176042238,1135276.9604648575,25,0.4224337948867799,0.9637283997977191,0.7777777777777778,3389496.3747998304,1431837.8163618164,0.42243379488669686,0.42243379488669686,0.350374517830304,5.034258546817375,0.9434680980686071,0
90,25,22,3,1131100.003115128,2410658.553308523,51182.34200773579,286996.964647881,24,0.4692078857714104,0.8551509847242773,0.76,803552.851102841,377033.3343717093,0.46920788577102107,0.46920788577102107,0.2826276038603075,5.502729593524205,0.9468480879078996,0
90,23,20,3,2350294.648007317,4839435.3414937025,108223.50841245153,596875.2805736385,22,0.48565472666929105,0.9950254646811174,0.7391304347826086,1613145.1138312342,783431.5493357723,0.4856547266690903,0.4856547266690903,0.33497070301243237,5.329612417110396,0.9479482538867494,0
90,22,19,3,1106431.3370153191,5249476.889789987,188320.25239884853,647904.3592793866,22,0.21076982721213058,0.7131350935171047,0.8636363636363636,1749825.6299299959,368810.44567177305,0.2107698272120503,0.2107698272120503,0.26780138621259003,3.4404390978816872,0.824993777262307,0
90,22,19,3,2093895.1988111536,9785570.334926557,349621.5970961547,1168196.6926289843,22,0.21397783952739377,0.870519003280577,0.8636363636363636,3261856.778308852,697965.0662703846,0.21397783952735008,0.21397783952735008,0.2794706177713779,3.3413173051330682,0.9773219533311892,0
90,24,21,3,2663601.894714793,5865097.5215213485,133395.65111693984,702714.9823808802,23,0.4541445193264965,0.9969194474559709,0.75,1955032.507173783,887867.2982382644,0.45414451932634164,0.45414451932634164,0.33225052580518505,5.080983006728551,0.9145400114005211,0
90,28,25,3,3965961.0173022877,9615929.689672522,201784.59544179408,1079087.9770107826,27,0.41243656570838955,0.7649495844318733,0.7857142857142857,3205309.8965575076,1321987.0057674292,0.4124365657083038,0.4124365657083038,0.3939284669474472,5.253752753105301,0.9578744489076159,0
90,27,24,3,5084355.7795124445,8971532.351854648,143969.50267934086,1040564.533077525,25,0.56672099927955,0.9898895941918684,0.7777777777777778,2990510.7839515493,1694785.2598374814,0.5667209992794238,0.5667209992794238,0.3296310259813617,6.825825432822661,0.9796255206647629,0
90,22,19,3,2872460.869328447,13256551.958853101,472004.14043293876,1570002.6136456858,21,0.21668235286551416,0.9669185964288591,0.8636363636363636,4418850.652951034,957486.9564428157,0.21668235286548143,0.21668235286548143,0.3474945316536534,3.1820110871568037,0.9999999999999999,0
90,26,23,3,2888362.7629100354,4530084.178478923,63143.131368034126,553929.231443853,26,0.637595825841636,0.997333209938531,0.7692307692307693,1510028.0594929743,962787.5876366785,0.6375958258413544,0.6375958258413544,0.33406006968574337,8.772596788183744,0.9505729975517876,0
90,23,20,3,911627.3939362491,4400985.802713586,151711.23516423203,518079.1070796393,22,0.20714163480689832,0.8236199742500719,0.8695652173913043,1466995.2675711953,303875.7979787497,0.2071416348068042,0.2071416348068042,0.35399866928128937,3.307261061767506,0.8922793575209844,0
90,25,22,3,7595998.558542599,15432230.29794624,313449.2695761457,1835783.715144575,25,0.49221651128113353,0.9915981464520056,0.76,5144076.76598208,2531999.5195142,0.49221651128106975,0.49221651128106975,0.3353280300588782,5.856717157519982,0.9430278971362729,0
90,22,19,3,2062944.2614735155,10086848.888718922,364722.9376020639,1192611.1974535263,21,0.20451820823651842,0.9590137155806888,0.8636363636363636,3362282.962906307,687648.0871578385,0.2045182082364779,0.2045182082364779,0.3230761296488025,3.155592012049961,0.9999999999999998,0
90,27,24,3,1810825.5856914697,2819582.303102879,37361.35990412628,344316.2535347634,26,0.6422318595552469,0.7317531431680456,0.7777777777777778,939860.7677009596,603608.5285638232,0.6422318595547912,0.6422318595547912,0.23650520129140173,8.945949120681812,0.9344063688398893,0
90,24,21,3,1482108.052848373,3229058.012855001,72789.58166694282,388019.6239868897,22,0.45899084096587506,0.8770012621803293,0.75,1076352.670951667,494036.01761612436,0.4589908409655907,0.4589908409655907,0.3170207176415217,5.034155428738866,0.9054657994720628,0
90,25,22,3,5705552.953889157,10556775.41963766,194048.8986299402,1258458.4288234897,25,0.540463610059865,0.9951643909658033,0.76,3518925.1398792197,1901850.9846297188,0.5404636100597627,0.5404636100597627,0.3313855885684043,6.485264475615191,0.9449307378581588,0
90,24,21,3,1255694.413567476,4853437.976951884,149905.98180768368,555044.1459626061,24,0.25872266618637907,0.997408684408151,0.875,1617812.6589839614,418564.804522492,0.25872266618627243,0.25872266618627243,0.33218521780884785,3.702615060891811,0.9999999999999998,0
90,22,19,3,1320574.759139627,5506239.942837065,190257.50834988357,654032.3661943078,22,0.23983240339122724,0.9934124127709348,0.8636363636363636,1835413.3142790217,440191.58637987566,0.23983240339114015,0.23983240339114015,0.3304441702107097,3.437616585349707,0.9433648827684439,0
90,23,20,3,557911.9103334511,2410356.0607405687,80541.05001770078,282640.64630863315,22,0.23146452070728685,0.8698572610691659,0.8695652173913043,803452.0202468563,185970.63677781704,0.23146452070709475,0.23146452070709475,0.3587148672081037,3.3917691791539024,0.9666632229031219,0
90,22,19,3,2185953.9437149637,9322226.257368822,324376.01425699366,1110830.1285860802,22,0.23448840259447962,0.911326556755447,0.8636363636363636,3107408.752456274,728651.3145716545,0.23448840259442932,0.23448840259442932,0.3253426283839965,3.4245137733968742,0.8617769894745062,0
90,25,22,3,1890429.6587240482,3889557.8292932715,79965.12682276893,460835.92752333125,22,0.4860268806099873,0.9999735641744482,0.76,1296519.2764310904,630143.2195746828,0.4860268806097374,0.4860268806097374,0.3333287083807427,5.342666359329391,0.9531710213918887,0
90,24,21,3,1666391.606510982,6193200.482193424,188617.03648676843,731655.1676862768,23,0.26906792559063625,0.7544323747894051,0.875,2064400.1607311415,555463.8688369939,0.2690679255905493,0.2690679255905493,0.40248068345406707,3.7651340294078026,0.9700529399561145,0
90,22,19,3,1770797.9328327768,7560979.15789984,263190.05568486656,921418.1430712958,22,0.23420219734138306,0.775834650236745,0.8636363636363636,2520326.3859666134,590265.9776109256,0.2342021973413211,0.2342021973413211,0.4085704453435641,3.500961085593085,0.9106920496116097,0
90,22,19,3,1401771.298720322,6124797.395606372,214683.00440391127,726247.2406599128,22,0.22886819076262913,0.9951625719092339,0.8636363636363636,2041599.1318687906,467257.0995734407,0.22886819076255438,0.22886819076255438,0.33561213075086704,3.3828818572435564,0.9726869600114836,0
90,26,23,3,824745.6930929096,1580260.7453313433,29058.271239939764,185950.56731060013,25,0.5219048157267604,0.9495720660187539,0.7692307692307693,526753.5817771144,274915.2310309699,0.5219048157260998,0.5219048157260998,0.3514397847484246,6.279753346956052,0.9701475590452006,1
90,21,18,3,1023394.4939105527,5292887.585470557,203309.19483619064,639476.4099260152,21,0.19335277339342466,0.925348980761141,0.8571428571428571,1764295.861823519,341131.49797018425,0.19335277339335163,0.19335277339335163,0.33798004788144,3.145339346005014,0.7547737130474809,0
90,22,19,3,653990.4452854935,2781750.4293909827,96716.36291388587,334977.68720877764,21,0.23510033048810874,0.8353581231694824,0.8636363636363636,927250.1431303276,217996.8150951645,0.23510033048793968,0.23510033048793968,0.3169944806388251,3.33497371610008,0.8565218124946663,0
90,21,18,3,941046.7077561128,4250049.946730174,157571.5828082887,514277.0925251936,20,0.2214201525984175,0.9895177881755819,0.8571428571428571,1416683.3155767247,313682.23591870425,0.2214201525983133,0.2214201525983133,0.3364640183513524,3.11512143789731,0.8794301854013666,0
90,26,23,3,4420390.2805486405,8641330.84780349,162343.86797134034,1013997.8375224839,24,0.5115404511646181,0.9219551559239705,0.7692307692307693,2880443.6159344967,1473463.4268495468,0.5115404511644998,0.5115404511644998,0.30018955079573856,5.93496776994052,0.9586999842242698,0
90,26,23,3,8130626.700348102,16034009.231341874,303976.25119206816,1867412.6718503283,24,0.5070863177784979,0.9321168296972069,0.7692307692307693,5344669.743780625,2710208.900116034,0.5070863177784346,0.5070863177784346,0.3276395237202129,5.926658564048335,0.9604541820487577,0
90,22,19,3,2055860.1974155388,12613773.491382249,479905.1497257594,1480722.5400455433,21,0.16298534287300648,0.9793884099262375,0.8636363636363636,4204591.163794083,685286.7324718463,0.16298534287298064,0.16298534287298064,0.34101335787090026,2.9846587096697488,0.9600168721569097,0
90,22,19,3,1222933.0485376972,5777326.189030175,207017.87002238535,684440.8514000095,21,0.21167803383848335,0.9446444625748744,0.8636363636363636,1925775.3963433916,407644.3495125657,0.21167803383841008,0.21167803383841008,0.35867009839127373,3.1970308008966475,0.8896178995777649,0
90,24,21,3,10008799.365728455,17795077.289215706,324428.2468119686,2183531.6169188735,23,0.5624476479117904,0.9882943676056472,0.75,5931692.429738569,3336266.455242818,0.5624476479117271,0.5624476479117271,0.32961255424886293,6.607186247779182,0.925433455278316,0
90,24,21,3,803004.4842933863,3239231.249481257,101509.44854949466,373072.00636711717,23,0.24789970905032938,0.8727704571274144,0.875,1079743.7498270858,267668.1614311288,0.2478997090501763,0.2478997090501763,0.3520916312089179,3.5421051743665086,1,0
90,22,19,3,1008697.9042298336,5212519.388069348,191082.79471997794,615930.5666740692,21,0.19351446568014571,0.9390018610515858,0.8636363636363636,1737506.4626897827,336232.63474327786,0.19351446568007147,0.19351446568007147,0.3514621967408465,3.0905235086290537,1.0000000000000002,0
90,25,22,3,1423122.403575867,4862153.11252768,137561.22835807252,568802.6483385682,25,0.29269386846514545,0.729415108465435,0.88,1620717.7041758932,474374.134525289,0.2926938684650251,0.2926938684650251,0.4327590037448974,4.134905271809854,1,0
90,25,22,3,2441573.503520646,5074091.351982005,105300.71393845436,600570.8877282045,24,0.4811843804440878,0.9636592787259061,0.76,1691363.7839940016,813857.834506882,0.48118438044389816,0.48118438044389816,0.316202311476254,5.516141111182678,0.9396673846751455,0
90,27,24,3,3761437.892786817,6058014.02858282,85058.37539985191,706934.6831430665,25,0.6209028033013861,0.9059334936112643,0.7777777777777778,2019338.0095276067,1253812.630928939,0.6209028033011811,0.6209028033011811,0.3698111305523493,7.909294533856422,0.951782864628073,0
90,23,20,3,1055150.5146240022,3640454.858084015,112404.53667217442,427665.3795638155,23,0.28984029626974744,0.9383259168419162,0.8695652173913043,1213484.9526946717,351716.8382080007,0.2898402962695882,0.2898402962695882,0.3619470155077909,3.8046985666360453,0.9454156343650684,0
90,23,20,3,476437.0455929482,1933920.2395961857,63368.83452187988,225223.8225066698,21,0.24635816712491967,0.9992292526186562,0.8695652173913043,644640.0798653952,158812.34853098274,0.24635816712466493,0.24635816712466493,0.33323968473381393,3.3073070722227627,0.915453962318326,0
90,22,19,3,2461205.750408671,11909479.369891353,429466.9827037584,1407647.8089175362,22,0.2066593907228807,0.9777029134515093,0.8636363636363636,3969826.456630451,820401.9168028902,0.206659390722846,0.206659390722846,0.3387860373061585,3.2776624644163586,0.9382940390767853,0
90,21,18,3,1549675.3830163372,7489058.214970635,282827.7539025857,937211.8173622233,21,0.20692526864303545,0.7376473575631138,0.8571428571428571,2496352.738323545,516558.46100544574,0.20692526864298022,0.20692526864298022,0.39490469189376737,3.313719408462697,0.9722602924087589,0
90,23,20,3,738379.3585476684,2806044.0410460094,89898.4644564496,328297.432415282,23,0.2631389057857266,0.9400184088045132,0.8695652173913043,935348.0136820031,246126.4528492228,0.263138905785539,0.263138905785539,0.32191819874296607,3.6518691881625025,0.9049811761106324,0
90,21,18,3,2048934.7325700412,8013606.386324062,284031.9835120962,979998.584020422,21,0.25568197809995713,0.9026629399853054,0.8571428571428571,2671202.128774687,682978.2441900137,0.25568197809989335,0.25568197809989335,0.29139938941352517,3.450310672407905,0.911955189739869,0
90,24,21,3,1325951.8736660327,3291998.4404149298,81918.6069478707,387834.2753232885,23,0.4027802253449745,0.999175095728504,0.75,1097332.8134716433,441983.95788867754,0.40278022534472974,0.40278022534472974,0.3333466501081529,4.574734270628707,0.9350175647664363,0
90,23,20,3,1951801.201167729,7021764.361123541,220433.18086764403,821483.2023947961,22,0.2779644973525068,0.9801482579882297,0.8695652173913043,2340588.120374514,650600.400389243,0.2779644973524276,0.2779644973524276,0.34075248123146723,3.57588717595282,0.9608360527225805,0
90,27,24,3,1523584.4030262642,5357453.475421209,141995.15082944234,581515.1683632754,25,0.28438593261067824,0.9999783299638724,0.7777777777777778,1785817.825140403,507861.4676754214,0.2843859326105721,0.2843859326105721,0.33334317162536126,3.85153917793434,1.0000000000000002,0
90,24,21,3,5833091.480702945,11650364.279224984,242386.366605085,1452210.8026094963,22,0.5006788921702694,0.7555346783452177,0.75,3883454.7597416616,1944363.8269009816,0.5006788921701835,0.5006788921701835,0.2770262237243128,5.5462080902553295,0.9698567402065111,0
90,21,18,3,3093585.355711038,13182985.69340432,480447.6351282515,1619282.6514159306,20,0.2346650013629749,0.8444659362917142,0.8571428571428571,4394328.564468107,1031195.118570346,0.23466500136293927,0.23466500136293927,0.2716814028353452,3.2413604424005866,0.9413628953745775,0
90,21,18,3,395149.8345026634,1852030.2296423553,69375.2569114139,223820.3519688858,20,0.2133603589066455,0.9988934860227094,0.8571428571428571,617343.4098807852,131716.6115008878,0.2133603589064151,0.2133603589064151,0.3338420524933204,3.091929273066403,0.889629959712345,0
90,23,20,3,1380908.6171602404,6385036.955039553,217570.7972991006,740367.7818368564,23,0.21627261155788718,0.9982459170117617,0.8695652173913043,2128345.651679851,460302.8723867468,0.21627261155781946,0.21627261155781946,0.3328992592787252,3.402882146980642,0.9209631047685299,0
90,24,21,3,1286641.6693274311,6114577.1750138085,201163.97940359905,694817.7486034657,24,0.21042201815439757,0.9849784270032943,0.875,2038192.3916712694,428880.55644247704,0.21042201815432876,0.21042201815432876,0.3379836781257696,3.453986894969829,1.0000000000000002,0
90,24,21,3,2227793.6920833243,2885465.4531234233,27402.990043337453,386530.13295810856,23,0.7720742903613826,0.998861328606881,0.75,961821.8177078078,742597.8973611081,0.7720742903608474,0.7720742903608474,0.333867950737678,13.626763490364098,0.9622306913676102,1
90,24,21,3,5405255.367765611,10914244.58957674,229541.21757546373,1325540.5440496313,21,0.4952477767382281,0.9993724519915346,0.75,3638081.5298589133,1801751.7892552037,0.4952477767381374,0.4952477767381374,0.33362911509366316,5.324715341666321,0.9480550911412825,0
90,23,20,3,468688.48418493586,1966682.4141656924,65130.17086872855,229202.95667118806,22,0.23831427016828488,0.9411299564981646,0.8695652173913043,655560.8047218975,156229.49472831195,0.23831427016804252,0.23831427016804252,0.3604416265238511,3.3722532829316587,1.0000000000000002,0
90,23,20,3,2077828.5594940118,7393975.202819968,231136.81057938933,885030.9370056982,22,0.28101643601689025,0.8087067931330327,0.7391304347826086,2464658.4009399894,692609.5198313373,0.28101643601681425,0.28101643601681425,0.3682584044639498,3.71179191952415,0.926847226856661,0
90,21,18,3,2662244.247337796,13141522.522322837,499013.2511897638,1585304.7829306559,21,0.2025826339996278,0.9997113229680398,0.8571428571428571,4380507.507440946,887414.7491125986,0.20258263399959697,0.20258263399959697,0.3333346558180032,3.1768791292570753,0.7023561855177445,0
90,26,23,3,575205.0084638798,1634808.5607192768,40753.98277905374,184303.72503223873,25,0.35184854195432613,0.8526063946814295,0.7692307692307693,544936.1869064256,191735.00282129328,0.35184854195389564,0.35184854195389564,0.39659047773361117,4.432229759784076,0.9117653725795094,0
90,27,24,3,2464368.7571431287,6214090.143227281,138878.56985496863,693384.6798806223,24,0.39657756813016953,0.8831740043051965,0.7777777777777778,2071363.3810757603,821456.2523810429,0.3965775681300419,0.3965775681300419,0.37748347637342833,4.680241358630599,0.9814112966409578,0
90,26,23,3,2068192.6146218718,8365580.411925785,242207.22297322747,920266.5603201359,25,0.24722643412443387,0.9929930671356371,0.7692307692307693,2788526.8039752617,689397.5382072906,0.24722643412437478,0.24722643412437478,0.33569115579910525,3.6671711720520155,0.8857326929823277,0
90,22,19,3,518617.54594787426,2356143.641715768,83523.91344399517,279005.9408007489,22,0.22011287290192189,0.996215205242286,0.8636363636363636,785381.2139052559,172872.5153159581,0.22011287290173506,0.22011287290173506,0.33258206736900225,3.3404318511067945,0.8829199407632975,0
90,26,23,3,2328141.2854354824,4414951.7998834485,80261.94286338332,522158.66934362886,25,0.5273310765241913,0.9656675834749354,0.7692307692307693,1471650.5999611495,776047.0951451608,0.5273310765239525,0.5273310765239525,0.3183603430781385,6.401748300894211,0.975369261560696,0
90,23,20,3,1481285.3093502012,5898640.692891039,192058.92971916692,718756.1627348346,23,0.2511231631950688,0.704610349224637,0.8695652173913043,1966213.564297013,493761.7697834004,0.2511231631949837,0.2511231631949837,0.27342713465245116,3.742373050719768,0.8612285661107663,0
90,22,19,3,711249.4202178402,3042688.406787789,105974.49938954311,361125.9093231685,21,0.23375690347750167,0.982429227096262,0.8636363636363636,1014229.468929263,237083.1400726134,0.233756903477348,0.233756903477348,0.3407156844711996,3.2874091886246775,0.8948319776071789,0
90,22,19,3,2041455.2845705827,9902798.618733559,357333.78791649884,1171038.8458822041,22,0.20614932840383787,0.9719621922573455,0.8636363636363636,3300932.8729111864,680485.0948568609,0.20614932840379627,0.20614932840379627,0.33059272003738216,3.2771567802386863,0.9443193368816207,0
90,22,19,3,1981013.9145920633,8361279.078145778,290012.0528888053,1045071.7709375607,21,0.23692713711346922,0.6823035905193807,0.8636363636363636,2787093.0260485928,660337.9715306878,0.23692713711341257,0.23692713711341257,0.4638927972570622,3.490162150149529,0.8884303226247684,0
90,26,23,3,711707.8919706101,1690719.5649040265,37654.295112823704,191573.99683135533,24,0.4209496990179972,0.99292666128119,0.7692307692307693,563573.1883013422,237235.96399020337,0.42094969901749923,0.42094969901749923,0.3366650920978292,4.838317374684866,0.9205135743423716,0
90,22,19,3,1248598.1759593165,5726352.9958424885,203534.30999468963,688620.347513721,22,0.21804422061748896,0.8280135004513941,0.8636363636363636,1908784.3319474962,416199.39198643883,0.21804422061741283,0.21804422061741283,0.3960902754589725,3.3833133466701724,1,0
90,24,21,3,1768225.6841916444,4138405.8497074833,98757.50689649333,489907.08505544584,21,0.4272721788067745,0.960118071162275,0.75,1379468.6165691612,589408.5613972148,0.4272721788065679,0.4272721788065679,0.32274234105074795,4.58881597244691,0.874000385713296,0
90,21,18,3,341860.73007063253,1330357.4740824758,47071.27352437349,163344.869850437,20,0.25696907540294833,0.8708859789238664,0.8571428571428571,443452.49136082525,113953.57669021084,0.256969075402562,0.256969075402562,0.39306659898254415,3.3278039716188426,0.8521851162664268,0
90,25,22,3,2450020.1946758367,4314463.748751412,74577.74216302304,522479.3518676045,23,0.5678620420404029,0.9783241420634741,0.76,1438154.5829171373,816673.398225279,0.5678620420401398,0.5678620420401398,0.3347628469827782,6.704441469226844,0.9338881310621499,0
90,26,23,3,3802543.7648114744,7061905.926159376,125360.08312876544,835244.584828488,24,0.5384585697644592,0.8807425130257743,0.7692307692307693,2353968.6420531254,1267514.5882704915,0.5384585697643067,0.5384585697643067,0.363393560728236,6.382170687002279,1.0000000000000002,0
90,23,20,3,631703.4596346342,2869610.477595429,97300.30512873022,341514.7704953799,23,0.22013561233012566,0.7803448930627989,0.8695652173913043,956536.825865143,210567.8198782114,0.22013561232997222,0.22013561232997222,0.3927996543832409,3.5099044143801943,0.9686613707140099,1
90,26,23,3,1049395.878919179,2477201.041721847,54915.58318471801,283464.76967316103,25,0.4236216040783448,0.8826777538932957,0.7692307692307693,825733.680573949,349798.626306393,0.4236216040780027,0.4236216040780027,0.38844212078181234,5.01419815898752,0.9603659342039965,0
90,22,19,3,661132.4435241355,2733268.7695187773,94188.01481793822,326121.1095137184,22,0.24188343674679805,0.9126221630284251,0.8636363636363636,911089.5898395925,220377.48117471184,0.24188343674662102,0.24188343674662102,0.3599466037998083,3.4624480634891333,1,0
90,23,20,3,1419655.3467290946,6292728.999993965,211872.7675332553,735906.6629586694,22,0.22560249245283412,0.8838319758291336,0.8695652173913043,2097576.333331322,473218.4489096982,0.22560249245276245,0.22560249245276245,0.3795134498945425,3.3612233319415434,0.9151611728134682,0
90,23,20,3,703677.898851828,2933234.2119805096,96937.23100559485,341362.3527866159,22,0.23989829928257492,0.9849777543281726,0.8695652173913043,977744.7373268366,234559.29961727597,0.23989829928241133,0.23989829928241133,0.33494318621866775,3.377169596549885,0.856220961857353,0
90,22,19,3,1064899.634430124,3871769.4819497303,127584.99306907301,466149.77827966126,21,0.2750421065599161,0.8775433074114553,0.8636363636363636,1290589.8273165768,354966.5448100413,0.275042106559774,0.275042106559774,0.38523822621221754,3.535516947637679,0.9332403139746136,0
90,22,19,3,1278863.3366811662,5453310.171573281,189747.58340418708,649997.2431372252,21,0.23451138784427134,0.91112813861453,0.8636363636363636,1817770.0571910937,426287.77889372205,0.23451138784418535,0.23451138784418535,0.31108100895269536,3.3152671963789198,0.8145398807074786,0
90,24,21,3,1114963.4238233925,2762478.909281398,68646.47856075024,325253.4252142846,23,0.40360975067607796,0.955015875974831,0.75,920826.3030937994,371654.4746077975,0.40360975067578575,0.40360975067578575,0.3283082684095308,4.598781930280726,0.9425281898917736,0
90,25,22,3,3844294.2636974454,7996198.124988397,166076.1544516381,943227.5988051989,23,0.48076525914026713,0.9898483938511147,0.76,2665399.374996132,1281431.4212324817,0.4807652591401469,0.4807652591401469,0.3286551830629114,5.325283739164331,0.9383634793943391,0
90,27,24,3,3543478.494896883,6564316.958646259,111882.90606479174,766356.2648017576,26,0.5398091708885283,0.8721886243656757,0.7777777777777778,2188105.6528820866,1181159.498298961,0.5398091708883639,0.5398091708883639,0.3132155532308263,6.744281568318457,0.9897421975603443,0
90,26,23,3,3747676.4066906758,6805081.434726059,117592.50107828395,811838.9463804712,24,0.5507173488866542,0.9357037228687779,0.7692307692307693,2268360.4782420197,1249225.468896892,0.5507173488864925,0.5507173488864925,0.363055698782882,6.581453520695089,0.9568679926731362,0
90,24,21,3,5397081.029658884,12591302.867094724,299759.2432264933,1522801.914076716,22,0.4286356294202746,0.8146673960060078,0.75,4197100.9556982415,1799027.0098862946,0.4286356294202065,0.4286356294202065,0.3267864598710351,4.81209058481195,0.9878513700244479,0
90,25,22,3,580325.1792222507,2201373.602155513,64841.93691733048,247345.45510544698,24,0.26361957763723143,0.9630687482892948,0.88,733791.2007185044,193441.7264074169,0.2636195776369919,0.2636195776369919,0.35057316463972654,3.6643174255061095,0.9474959355302393,0
90,23,20,3,507850.3813455611,2802569.193012003,99770.38311593229,333073.7808485051,22,0.18120886457029037,0.7628194935916767,0.8695652173913043,934189.731004001,169283.46044852037,0.18120886457016103,0.18120886457016103,0.224870522223069,3.2322189216604613,1,0
90,22,19,3,926692.4680809033,3688673.547148587,125544.59450307653,439922.52454805706,21,0.25122647917623464,0.9346591003868139,0.8636363636363636,1229557.849049529,308897.4893603011,0.2512264791760984,0.2512264791760984,0.31873056387153015,3.384170089339159,0.7616788020036597,0
90,26,23,3,985910.1016686751,2425835.530342757,55381.74725669545,281615.55396276416,25,0.40642083493968995,0.7770464459596221,0.7692307692307693,808611.8434475856,328636.700556225,0.4064208349393548,0.4064208349393548,0.3664102068090798,4.894903047605372,0.982452167747303,0
90,22,19,3,714198.1497739529,3481587.26106603,125790.41414963984,415568.37577093585,21,0.2051357890007522,0.8613163109406374,0.8636363636363636,1160529.08702201,238066.04992465096,0.2051357890006343,0.2051357890006343,0.3709975687674799,3.199575258753364,0.88398252450851,0
90,23,20,3,1132789.8646834982,4789757.520414253,158998.59372742413,557580.3505986008,23,0.23650254942034932,0.9604109300826841,0.8695652173913043,1596585.8401380843,377596.6215611661,0.2365025494202506,0.2365025494202506,0.31480949674535474,3.506825673885959,0.858412957120157,0
90,24,21,3,3409371.114448898,8958074.145930374,231195.9596450615,1063399.1663205358,24,0.38059197310812437,0.8492836250047302,0.75,2986024.7153101247,1136457.0381496327,0.3805919731080395,0.3805919731080395,0.32035214798618195,4.599557742914263,0.9336349270465373,0
90,24,21,3,2342559.1565985614,10743922.724152043,350056.8153147285,1223550.8177996622,24,0.2180357413900916,0.9495527072070898,0.875,3581307.574717348,780853.0521995205,0.21803574139005102,0.21803574139005102,0.310380443194138,3.4952920905027915,1.0000000000000002,0
90,26,23,3,2968382.7338149105,7499084.475322759,174257.75928876342,846941.0610860573,25,0.3958326837872774,0.9992713967504335,0.7692307692307693,2499694.825107586,989460.9112716368,0.3958326837871719,0.3958326837871719,0.3335010817628674,4.766516051910053,0.8929886851962149,0
90,25,22,3,1226641.0507328617,3523311.075516671,91866.80099135237,402338.3860784856,24,0.3481500850879693,0.9361865645458516,0.76,1174437.0251722236,408880.3502442872,0.3481500850877717,0.3481500850877717,0.3036268949060887,4.290768149938654,0.899638693683163,0
90,21,18,3,1192918.9041958917,5670768.683735425,213230.94188283492,685248.81530561,21,0.2103628221720881,0.9726122615722604,0.8571428571428571,1890256.2279118083,397639.6347319639,0.21036282217201394,0.21036282217201394,0.3364952910205642,3.2136462431372808,0.8815048126879284,0
90,25,22,3,2890757.4708758444,8362753.1184125,218879.8259014662,952710.9075378573,25,0.3456705501099679,0.9997518448644732,0.76,2787584.3728041667,963585.8236252815,0.3456705501098853,0.3456705501098853,0.33321749794340294,4.352666599627091,0.9004739702966771,0
90,24,21,3,999727.214207434,4144280.7898961855,131023.06565369795,474821.1243624284,24,0.24123056928105396,0.9116834565026267,0.875,1381426.9299653952,333242.40473581135,0.24123056928093753,0.24123056928093753,0.29632501451851956,3.6239506531909886,0.9438376789212294,0
90,26,23,3,3329759.796081978,6539232.560321566,123441.26016306106,762658.5037849674,24,0.5091973355230737,0.9626463103082485,0.7692307692307693,2179744.1867738552,1109919.932027326,0.509197335522918,0.509197335522918,0.3184324354595264,5.835343085418809,0.9785261926728112,0
90,23,20,3,1877548.3341819637,8323906.814230973,280276.4556543048,966719.1328833789,23,0.2255609506550201,0.9809396831337952,0.8695652173913043,2774635.6047436576,625849.4447273213,0.22556095065496595,0.22556095065496595,0.3255602933399814,3.4491628296894428,0.8812349958154269,0
90,22,19,3,1100736.5506712773,5595838.351470847,204322.8091272532,663513.8749462655,22,0.19670628090637318,0.9052629677091266,0.8636363636363636,1865279.4504902821,366912.18355709244,0.1967062809063029,0.1967062809063029,0.29157250947592256,3.247380347681979,0.9338638574288958,0
90,26,23,3,792623.4444037952,1635205.6162568326,32407.006609732227,189062.91069473882,25,0.4847240227915273,0.9299298049094971,0.7692307692307693,545068.5387522775,264207.8148012651,0.48472402279093457,0.48472402279093457,0.3597099448773581,5.742821691668754,0.9506437889399532,0
90,25,22,3,3456824.3301973525,6242808.410656381,111439.36321836112,756152.8518218905,24,0.5537290435336845,0.9736172107332163,0.76,2080936.1368854605,1152274.7767324508,0.553729043533507,0.553729043533507,0.3257313020030517,6.661014117615653,0.966514978135188,0
90,25,22,3,2431244.128326283,7400236.6845888235,198759.70225050155,844738.3947494806,24,0.32853599579984794,0.9140837754898805,0.76,2466745.561529608,810414.7094420943,0.3285359957997592,0.3285359957997592,0.3736827896031346,4.129569127212249,0.9833655368995176,0
90,27,24,3,2252249.891829019,3819495.2987033734,58046.12618053163,448970.0112041709,24,0.589672120448221,0.998014591726683,0.7777777777777778,1273165.0995677912,750749.9639430064,0.5896721204479122,0.5896721204479122,0.3336831288217757,7.288867350326492,1.0000000000000002,1
90,25,22,3,1403278.9054112416,2435238.777328347,41278.39487668421,295580.7700210892,23,0.5762387321009135,0.9990585673200981,0.76,811746.259109449,467759.6351370805,0.5762387321004402,0.5762387321004402,0.33299237381352054,6.814728306795258,0.9738059894063634,0
90,25,22,3,1671682.0117664463,5021417.255676754,133989.40975641235,583593.7293957795,25,0.33291039693549923,0.7852747846168092,0.76,1673805.7518922512,557227.3372554821,0.33291039693536667,0.33291039693536667,0.23425672367827616,4.355521309127155,0.9755544186202078,0
90,26,23,3,876487.772716928,2220290.8414580645,51684.733413120615,249948.02507729395,26,0.39476259431892446,0.9658845068773154,0.7692307692307693,740096.9471526882,292162.59090564266,0.3947625943185688,0.3947625943185688,0.31766423854770615,4.836012659185091,0.9261015870757249,0
90,23,20,3,1013703.6708982103,4525864.429553485,152702.6416806641,525299.1348681457,22,0.22398012284207922,0.9999724114866942,0.8695652173913043,1508621.4765178282,337901.2236327368,0.22398012284198027,0.22398012284198027,0.33333734797901177,3.3049876215935146,0.8170571648669277,0
90,26,23,3,1440041.77686993,3087710.033988415,63371.85604301864,355696.1929390053,24,0.46637856567423613,0.9999675011480631,0.7692307692307693,1029236.6779961382,480013.92562331003,0.46637856567393404,0.46637856567393404,0.33334630719908964,5.309151247177668,1,0
90,23,20,3,1779748.272735752,7852173.743754079,264018.49873992725,912813.8905430785,21,0.22665676165803203,0.9551325033729087,0.8695652173913043,2617391.247918026,593249.4242452506,0.22665676165797433,0.22665676165797433,0.3302116379564321,3.238274128902798,0.8913585616439405,0
90,24,21,3,1730776.7683888646,4344198.866894633,108892.5874377403,513129.90164587914,23,0.3984110353644281,0.9920695865203962,0.75,1448066.2889648776,576925.5894629549,0.3984110353642447,0.3984110353642447,0.33696414038089856,4.553124365829318,0.9384944686338607,0
90,24,21,3,1011325.5877241449,3799454.658457944,116172.04461390828,435055.51790507237,24,0.2661765117982321,0.9998973201740604,0.875,1266484.8861526481,337108.5292413816,0.26617651179809193,0.26617651179809193,0.33328952053077804,3.744924343435736,0.9228822567839025,0
90,22,19,3,1135174.7724896234,4614062.23459308,158131.24827742987,548631.4927524212,21,0.24602502410535643,0.988331623608272,0.8636363636363636,1538020.7448643602,378391.59082987445,0.24602502410524976,0.24602502410524976,0.3385446202472856,3.360955853665006,0.8185637974039204,0
90,22,19,3,1273953.0788164882,6057640.14021277,217440.32097255823,716398.4814501621,20,0.21030517649262856,0.9881420766750219,0.8636363636363636,2019213.3800709231,424651.02627216274,0.21030517649255917,0.21030517649255917,0.3279169866360552,3.0226448574100866,0.9211747623930535,0
90,26,23,3,1210161.5053137145,2717606.6900363467,57978.660950870486,310181.7988151994,25,0.4453041382883422,0.9709570231491218,0.7692307692307693,905868.8966787822,403387.16843790485,0.4453041382880145,0.4453041382880145,0.3257752435107562,5.149548438388,0.9836927793508289,0
90,22,19,3,888207.1452954537,5216613.181391724,196745.72891346688,628267.2285185736,21,0.17026509622442837,0.7854775385747281,0.8636363636363636,1738871.0604639081,296069.0484318179,0.17026509622436312,0.17026509622436312,0.3989220647893108,3.057021848010463,0.9715342822357402,0
90,27,24,3,741726.784942514,1559927.5051100808,30303.73037657654,176507.13591913733,26,0.4754879842250723,0.9277362624552113,0.7777777777777778,519975.8350366936,247242.26164750467,0.4754879842244627,0.4754879842244627,0.3197314497480741,5.644965807795759,0.966923179076802,1
90,27,24,3,1036762.3899207013,2220283.9579124283,43834.13214784172,249925.26080923033,26,0.4669503584104741,0.999983752528716,0.7777777777777778,740094.6526374761,345587.4633069004,0.4669503584100534,0.4669503584100534,0.3333261731462107,5.600669188315778,1.0000000000000004,0
90,27,24,3,1558715.2999088755,2443177.7653323477,32757.869089758224,290409.9005034581,24,0.6379868554903143,0.9646349755459935,0.7777777777777778,814392.588444116,519571.7666362918,0.637986855489792,0.637986855489792,0.3189432498092415,8.469834615508116,1,0
90,26,23,3,476397.80239176005,1494224.4990105713,39147.18063918505,167940.37884681806,24,0.3188261219829396,0.8462261707318416,0.7692307692307693,498074.83300352376,158799.26746392003,0.31882612198251287,0.31882612198251287,0.28129610167453883,4.094952784224951,1,0
90,25,22,3,2515544.157848576,4469328.6178917345,78151.37840172637,538786.9903139414,24,0.5628460945515888,0.9884228150452113,0.76,1489776.2059639115,838514.7192828587,0.5628460945513369,0.5628460945513369,0.3287486187763831,6.63446558236134,0.9452036493794688,1
90,27,24,3,1470801.050725193,3105215.0899448604,60533.85330443213,354355.83139735827,27,0.4736551279450457,0.8331547058374464,0.7777777777777778,1035071.6966482868,490267.01690839767,0.47365512794474063,0.47365512794474063,0.40972059825606955,5.853845609487401,0.9747793888176123,0
90,25,22,3,2537554.1398952478,9665876.030158384,285132.87561052537,1085583.6541667094,25,0.2625270727637715,0.9690068539137267,0.88,3221958.676719461,845851.3799650826,0.2625270727637173,0.2625270727637173,0.3428027560437402,3.807290379401024,0.9170372217053279,0
90,23,20,3,859669.5124215129,2362725.423746244,65350.25701411875,281933.2374604332,23,0.3638465577849884,0.9976196266908641,0.7391304347826086,787575.141248748,286556.5041405043,0.3638465577846804,0.3638465577846804,0.3344544032761154,4.31418712546468,0.9074495282187532,0
90,24,21,3,2871164.0634382986,7560486.371557787,195388.4295049788,895193.1456749927,23,0.37975917452071734,0.9116704992425552,0.75,2520162.1238525957,957054.6878127662,0.3797591745206169,0.3797591745206169,0.36299519603204194,4.491584757946096,0.9794718962154929,1
90,25,22,3,1993113.5616951503,3214776.0432512504,48866.49926224401,400128.438955762,25,0.6199851979980551,0.9507878987373384,0.76,1071592.0144170835,664371.1872317168,0.6199851979976694,0.6199851979976694,0.32203001845367313,8.188195286923841,0.9348794145215129,1
90,23,20,3,1155668.3020286798,5404485.356312111,184731.1762731927,626418.2327384125,23,0.21383503253990974,0.9990800840793358,0.8695652173913043,1801495.1187707037,385222.76734289323,0.21383503253983058,0.21383503253983058,0.33311063717817724,3.3909719267344065,0.959000543915713,0
90,25,22,3,2927621.64776768,5881097.151082434,118139.02013259014,698467.3233291911,22,0.4978019530298602,0.9583287955117109,0.76,1960365.717027478,975873.8825892267,0.4978019530296909,0.4978019530296909,0.3376985871692404,5.496515948404261,0.9652655716602562,0
90,26,23,3,1033216.7065564074,3653468.029942087,100778.89705329537,404960.09220540826,26,0.2828043650822648,0.9216731342955825,0.7692307692307693,1217822.6766473623,344405.5688521358,0.28280436508210993,0.28280436508210993,0.3278323692010335,4.0183024823861,0.9537423602363789,0
90,26,23,3,3124768.139539565,8521143.492540948,207552.89819236088,958256.5610860161,24,0.36670760705702105,0.944014809752777,0.7692307692307693,2840381.164180316,1041589.3798465217,0.36670760705693506,0.36670760705693506,0.30819681149469325,4.417440811938152,0.8892646350001298,0
90,26,23,3,2640992.8260689112,5771554.174715237,120406.20571716633,661117.8973611755,25,0.45758780843441665,0.9915610446631592,0.7692307692307693,1923851.3915717455,880330.9420229704,0.4575878084342581,0.4575878084342581,0.33450001355794257,5.388677493812386,0.979647972366294,0
90,25,22,3,4553393.612060857,7287110.85429378,109348.68968931699,919909.0094584086,23,0.6248558177727238,0.9380951113926472,0.76,2429036.95143126,1517797.8706869523,0.6248558177725524,0.6248558177725524,0.3305204983845289,7.901481716729138,0.9797796942728376,1
90,24,21,3,1046239.9240551651,2383236.481704071,55708.18990203773,285193.8741645214,23,0.4389996259652083,0.9993877430956966,0.75,794412.1605680237,348746.6413517217,0.4389996259648399,0.4389996259648399,0.33341955546869867,4.983740299545942,0.9877127941721767,0
90,25,22,3,2387467.1675896584,7475809.037077449,203533.6747795116,854190.1314038897,24,0.31935903602517407,0.8761152282759562,0.76,2491936.3456924832,795822.3891965528,0.31935903602508864,0.31935903602508864,0.34471568750712295,4.082499024290355,0.9339545988098794,0
90,24,21,3,719125.5055061745,2119544.4706655624,58350.79021497449,246200.66801852672,24,0.3392830466444619,0.9106030756701048,0.875,706514.8235551874,239708.5018353915,0.3392830466441417,0.3392830466441417,0.3480487348564465,4.219320202987161,0.8892590775239769,0
90,25,22,3,2729046.892712946,5828349.2864242615,123972.09574845262,686304.3198585527,24,0.4682366753600606,0.920421792083757,0.76,1942783.0954747538,909682.297570982,0.46823667535989993,0.46823667535989993,0.3422325799561675,5.428608181452686,0.952585237495743,0
90,21,18,3,2458904.2090606196,9960205.245839044,357204.8112751632,1211338.464735318,20,0.2468728453249093,0.954714610086918,0.8571428571428571,3320068.4152796813,819634.7363535399,0.24687284532485976,0.24687284532485976,0.3136238550980293,3.243910930929259,0.8321555875045918,0
90,24,21,3,1160858.6201507372,2467498.1402602745,54443.31333789739,297049.3644527281,23,0.47045977510962506,0.8930969387677363,0.75,822499.3800867582,386952.8733835791,0.4704597751092437,0.4704597751092437,0.3180584136391616,5.290470531290803,1,0
90,24,21,3,2335697.1697234577,10357463.56490755,334240.26646600384,1179173.6669947766,24,0.22550860595222189,0.9995121559412052,0.875,3452487.8549691834,778565.7232411526,0.22550860595217836,0.22550860595217836,0.33337605133268755,3.5279222322879056,1,0
90,25,22,3,3439152.4904652205,7850631.081752242,176459.14365148076,916847.9241766828,23,0.4380733796622592,0.9568194273750084,0.76,2616877.027250747,1146384.163488407,0.43807337966214766,0.43807337966214766,0.34631057196129816,4.956674041443951,1.0000000000000004,0
90,27,24,3,1684711.4885993486,3302008.098376398,59899.874436187005,375619.88844077603,26,0.510208163761686,0.9780055112236887,0.7777777777777778,1100669.366125466,561570.4961997828,0.5102081637613768,0.5102081637613768,0.3434378722078615,6.098771505614117,0.9432329872543924,0
90,27,24,3,2824247.113206406,5651240.0378368255,104703.4416529785,639634.5416305178,26,0.49975706115767254,0.9726611738707805,0.7777777777777778,1883746.6792789418,941415.7044021353,0.4997570611574957,0.4997570611574957,0.3242173185230636,5.917034459610826,0.9719510765734115,0
90,22,19,3,502862.2338825839,2201051.5810148786,77190.42486964977,261104.02147151658,21,0.22846453859590685,0.9717701007762816,0.8636363636363636,733683.8603382929,167620.74462752798,0.2284645385956992,0.2284645385956992,0.3434816686388852,3.2387644623412717,0.8530583838484562,0
90,25,22,3,656108.8110668794,1447677.5167455175,31662.748227145523,168772.2689456431,24,0.45321475499695935,0.9975109231308125,0.76,482559.1722485058,218702.93702229313,0.4532147549963332,0.4532147549963332,0.3329959791526802,5.2357460023088755,0.9349848056819172,0
90,26,23,3,6568567.731795335,16733447.581713682,390956.9173045518,1888676.9217807981,24,0.3925412082428893,0.9466111404782607,0.7692307692307693,5577815.860571227,2189522.5772651117,0.3925412082428424,0.3925412082428424,0.3252450184492115,4.652833238345855,0.9473235743421303,0
90,24,21,3,646380.6252425772,1710863.4196824778,44353.44976832918,200650.37752214127,24,0.3778096005829397,0.9988111926434068,0.75,570287.8065608259,215460.2084141924,0.37780960058249813,0.37780960058249813,0.3328509336401559,4.523895628540102,0.9298082791280431,0
90,24,21,3,1886809.297123354,3540306.3128656675,68895.70898926309,432773.97921515635,22,0.5329508608523654,0.9946683416434731,0.75,1180102.104288556,628936.4323744513,0.5329508608520642,0.5329508608520642,0.33162193906837323,5.94105650353069,0.9062429118354922,0
90,26,23,3,2409548.911900891,3963207.046659788,59756.08210611142,474820.7411408853,25,0.6079795689531445,0.9458736907854592,0.7692307692307693,1321069.0155532628,803182.9706336303,0.6079795689528377,0.6079795689528377,0.307863505311286,7.7078110623767,0.9334282448522263,0
90,22,19,3,2596072.399070789,9456394.391275272,311832.81782747636,1144558.341608208,22,0.27453089324042174,0.8395358917948917,0.8636363636363636,3152131.463758424,865357.4663569297,0.2745308932403637,0.2745308932403637,0.31158860999188237,3.6704229836314797,0.9241916936583264,0
90,23,20,3,1758744.2826903497,7077844.690621791,231265.235127454,827493.5546490636,22,0.24848585403695753,0.9198431904364968,0.8695652173913043,2359281.563540597,586248.0942301166,0.24848585403688736,0.24848585403688736,0.33468540296678573,3.432075392785838,0.9167563286228102,0
90,26,23,3,11175361.88268831,21615902.66592902,401559.26089387335,2555662.3946820092,26,0.51699723372193,0.91048577349001,0.7692307692307693,7205300.888643007,3725120.62756277,0.516997233721882,0.516997233721882,0.37346649085940414,6.364346794011736,0.9999999999999997,1
90,26,23,3,3183617.327535102,6334819.046464435,121200.06611266661,739042.0416197447,26,0.5025585267998188,0.909861727077384,0.7692307692307693,2111606.3488214784,1061205.775845034,0.5025585267996602,0.5025585267996602,0.29378589876589234,6.097703287774113,0.9258595750391105,0
90,23,20,3,1945569.0463863797,8439906.315151373,282362.48994630395,980813.8092292483,23,0.23052021832202704,0.9869401078620087,0.8695652173913043,2813302.1050504576,648523.0154621266,0.23052021832197242,0.23052021832197242,0.3273060805858565,3.473598102256051,0.9286164333121173,0
90,25,22,3,896267.9023263338,2935760.428754536,81579.70105712806,333806.2560776871,24,0.30529327037297127,0.9139092800940963,0.76,978586.8095848453,298755.9674421113,0.30529327037276327,0.30529327037276327,0.30303442830801264,3.9610418363661997,0.9147352516155568,0
90,21,18,3,1110679.3497993944,5616701.716824684,214572.4936678709,679146.1356397475,20,0.19774583123618358,0.922529444593662,0.8571428571428571,1872233.9056082282,370226.44993313146,0.19774583123611317,0.19774583123611317,0.32186719638055156,3.036787867275814,0.8936152052377143,0
90,26,23,3,4279683.464781544,6340330.049372304,79255.63786887543,781026.137141517,26,0.6749937986595129,0.9991718421405718,0.7692307692307693,2113443.349790768,1426561.1549271813,0.6749937986593001,0.6749937986593001,0.3337195965363133,9.85451834257939,0.9468651294135617,0
90,25,22,3,1294144.9729323448,5346183.100097097,162081.52508659018,598517.2413159839,24,0.24206895811492096,0.99659982689285,0.88,1782061.0333656992,431381.6576441149,0.24206895811483042,0.24206895811483042,0.3348085648412298,3.5641612428783898,0.9999999999999998,0
90,25,22,3,1300134.8351292186,4029127.862811123,109159.72110727616,459760.953301504,25,0.322683935431573,0.9107609484065864,0.76,1343042.620937041,433378.27837640623,0.32268393543141277,0.32268393543141277,0.29140785974952943,4.211818687640879,0.9794813889583955,0
90,24,21,3,1607575.7471776314,7467243.348533939,244152.8167231795,853546.4327446886,24,0.21528369602325,0.8990103909380609,0.875,2489081.1161779794,535858.5823925438,0.2152836960231924,0.2152836960231924,0.37608024516539934,3.4959516101300756,0.8924960387017684,0
90,28,25,3,3030399.031767613,6457191.0287165,122385.42846246022,717005.8318610187,25,0.4693060834487187,0.9826173973411081,0.7857142857142857,2152397.0095721665,1010133.0105892043,0.46930608344857344,0.46930608344857344,0.33863965819580577,5.444248697455821,1.0000000000000002,0
90,24,21,3,461761.39339522994,1938272.2736673628,61521.28667800554,221690.60439393204,23,0.2382335029336735,0.9252054028122514,0.875,646090.757889121,153920.46446507666,0.2382335029334277,0.2382335029334277,0.36858220441004264,3.4744578573723643,0.9118228875537522,0
90,21,18,3,2690636.0260445727,13067384.323241629,494130.87129509804,1577723.5060857902,21,0.20590471355914786,0.9779381249298642,0.8571428571428571,4355794.774413876,896878.6753481909,0.20590471355911635,0.20590471355911635,0.32439294764945475,3.1929264041881145,0.9292283362973922,0
90,25,22,3,2214337.951096315,5017853.729155874,112140.63112238236,605227.249012422,24,0.44129184918835396,0.7255377031745893,0.76,1672617.9097186245,738112.6503654383,0.44129184918817815,0.44129184918817815,0.4500594386639252,5.248604986352561,0.928623168502558,0
90,22,19,3,1563772.3987556316,6945333.344328944,244616.40661696868,823112.212934093,22,0.22515440530039782,0.9990926345060508,0.8636363636363636,2315111.1147763147,521257.4662518772,0.22515440530033298,0.22515440530033298,0.33368767623700063,3.364910082337993,0.9090142501299264,0
90,21,18,3,1478640.0168391226,7488870.531580557,286201.45308292547,902843.2769347522,21,0.19744499662579318,0.9798968943398844,0.8571428571428571,2496290.177193519,492880.0056130409,0.19744499662574047,0.19744499662574047,0.3238733473142067,3.1545726522569515,0.8728887782453975,0
90,26,23,3,1447298.8288508963,3805506.4727344713,90700.29399552214,427098.43700154766,23,0.3803170062171909,0.996915618280381,0.7692307692307693,1268502.157578157,482432.9429502988,0.380317006216991,0.380317006216991,0.3341825009312442,4.383425263630914,0.9577378739093949,0
90,22,19,3,820763.24233363,3631024.2342247423,127739.13599505053,430452.75326736656,21,0.22604179685643014,0.9855557226466872,0.8636363636363636,1210341.4114082474,273587.74744454335,0.22604179685630563,0.22604179685630563,0.3381985035566468,3.23098591892294,0.8815798032212147,0
90,25,22,3,1152060.0481583548,1289561.6967687916,5500.065944417471,184292.9247333744,24,0.8933733461874193,0.669207424759402,0.76,429853.89892293053,384020.0160527849,0.8933733461860337,0.8933733461860337,0.2665711858184026,33.08017385754372,0.9680352817419418,1
90,23,20,3,734808.3956490436,3001645.405601204,98558.1308674852,362598.55207367754,23,0.24480186576256266,0.7337947659080304,0.8695652173913043,1000548.4685337347,244936.13188301455,0.24480186576239954,0.24480186576239954,0.4570777282476112,3.67903235256688,0.9193364948917974,0
90,23,20,3,1647553.5357183605,6415717.047319647,207311.45702614292,763208.8723511803,22,0.25679959442825134,0.8058826578635716,0.8695652173913043,2138572.349106549,549184.5119061201,0.25679959442817135,0.25679959442817135,0.31212519908414504,3.535815429393111,0.909570506433823,0
90,27,24,3,6287363.630688748,9899523.262805715,133783.69007840607,1176187.854811397,26,0.6351178196944964,0.9551638760385276,0.7777777777777778,3299841.087601905,2095787.8768962494,0.6351178196943681,0.6351178196943681,0.3421676951151485,8.524327121639933,0.9724747730824193,0
90,21,18,3,627275.8160485569,2997985.5593240913,112890.9401559778,375697.6172274657,20,0.20923243412478937,0.7351123221803928,0.8571428571428571,999328.5197746971,209091.9386828523,0.20923243412464976,0.20923243412464976,0.43669129565100523,3.220279496963299,0.9290895062833718,0
90,23,20,3,672959.7387152464,2902270.3010285296,96926.546187534,337222.62493033044,23,0.23187355722054068,0.9987704958269069,0.8695652173913043,967423.4336761766,224319.91290508214,0.23187355722038086,0.23187355722038086,0.3330394857809323,3.4791565179098733,0.8552373545893579,0
90,22,19,3,1802694.2105785068,7418080.120477382,255244.81408631263,882442.7464414494,20,0.24301358050878716,0.9576309049697427,0.8636363636363636,2472693.3734924607,600898.0701928356,0.24301358050872168,0.24301358050872168,0.35227382983796207,3.2123613597624256,0.9437005425226627,0
90,23,20,3,437802.49021096574,1904121.992430679,63753.021835639745,221272.13485481194,22,0.22992355109131715,0.9807906157317109,0.8695652173913043,634707.3308102264,145934.16340365526,0.22992355109107562,0.22992355109107562,0.32456974983740133,3.358167300116445,0.9291014285738503,0
90,25,22,3,4206080.9635586,6947578.061087518,109659.8839011567,857658.4361552728,24,0.6054024764566098,0.8177026989901393,0.76,2315859.353695839,1402026.9878528668,0.6054024764564356,0.6054024764564356,0.39686501810461833,7.6927603006825045,0.9615178838980142,0
90,24,21,3,1103352.3024010484,3286391.4658731855,90959.96514467239,382005.2169086171,21,0.33573368049979246,0.9311960125342015,0.75,1095463.8219577286,367784.10080034944,0.33573368049958807,0.33573368049958807,0.30104030194564496,3.813055877669621,0.8572031356726861,0
90,22,19,3,1326196.21349224,6974665.075581558,256748.5846404236,828339.6007836226,22,0.19014478818991457,0.8815758213521794,0.8636363636363636,2324888.358527186,442065.4044974134,0.19014478818986008,0.19014478818986008,0.3545482815902882,3.2262674473570554,0.8099573182537921,0
90,28,25,3,1264149.5980507454,2258702.053242382,35519.73054255844,259384.89837348205,27,0.5596796603764054,0.8114312240307894,0.7857142857142857,752900.6844141274,421383.1993502485,0.5596796603759098,0.5596796603759098,0.37099943654291506,7.032749708132695,0.9666151571877735,0
90,21,18,3,1809332.3895836405,9763056.100715298,378748.74814912654,1176694.0113030924,20,0.1853243872531771,0.9431122196949618,0.8571428571428571,3254352.033571766,603110.7965278801,0.18532438725313913,0.18532438725313913,0.3065407689857156,2.9787068812976822,0.8813269836185167,0
90,25,22,3,2376689.34260707,4914904.632027097,101528.61157680105,579714.6420122682,24,0.4835677435365308,0.9912956132807954,0.76,1638301.5440090324,792229.7808690234,0.483567743536334,0.483567743536334,0.3370396711534451,5.543744613738044,0.9367080535097158,0
90,26,23,3,932109.5526449454,2965997.146367469,78226.44591240473,332832.74377831136,24,0.31426515490286605,0.8501369333843456,0.7692307692307693,988665.715455823,310703.1842149818,0.31426515490265405,0.31426515490265405,0.3684153928373347,4.083822209682284,0.8728165853324193,0
90,24,21,3,6006763.638971105,9087444.810024295,128361.71546054953,1189195.6743311095,23,0.6609958865823786,0.8195473868977513,0.75,3029148.2700080983,2002254.5463237017,0.6609958865822332,0.6609958865822332,0.32916406746210225,8.920338375619435,0.9693609568503223,0
90,24,21,3,1559678.486636973,4178072.596825586,109099.75459119222,488315.2514878884,23,0.37330095408624814,0.9761860992645557,0.75,1392690.8656085287,519892.828878991,0.37330095408606945,0.37330095408606945,0.34335147127578036,4.312610978393281,0.9291103521027957,0
90,22,19,3,2721721.7167903297,14899262.574878227,553524.5844585408,1852327.8859193732,22,0.18267492791081252,0.6754918927071449,0.8636363636363636,4966420.858292743,907240.5722634433,0.182674927910788,0.182674927910788,0.38526318917124996,3.3464238769592844,0.9191558207720409,0
90,23,20,3,1474370.3008117352,4802478.623852994,144700.36187135914,580897.4639226309,22,0.3070019496783416,0.7631544173483178,0.8695652173913043,1600826.207950998,491456.7669372451,0.30700194967821376,0.30700194967821376,0.2509525514050084,3.8614936189786513,0.9151630486376767,0
90,25,22,3,1831380.2465179034,6182037.257283922,174026.2804306408,714093.710636836,25,0.2962421885050599,0.7826184333398879,0.88,2060679.0857613075,610460.0821726344,0.29624218850496403,0.29624218850496403,0.31341928573956046,4.103367082636343,0.9573782847853749,0
90,25,22,3,691210.6733313346,1328003.834123749,25471.72643169659,159488.21612451025,24,0.5204884621337653,0.9392469176954696,0.76,442667.94470791635,230403.55777711153,0.5204884621329814,0.5204884621329814,0.31176193045190786,6.106802600603415,0.9493451782461148,0
90,22,19,3,566244.5420244217,2649918.546590073,94712.45475298417,313595.08535741793,22,0.2136837536960727,0.9768446681435176,0.8636363636363636,883306.182196691,188748.18067480726,0.2136837536959114,0.2136837536959114,0.32371341333865256,3.3110226756552974,0.960338527129214,0
90,22,19,3,720534.97163335,3328998.3197954716,118566.51582555095,393904.3375774972,22,0.2164419751576811,0.996793172396486,0.8636363636363636,1109666.1065984906,240178.32387778335,0.21644197515755106,0.21644197515755106,0.3318530783682189,3.3222224236877596,0.9400523398808278,0
90,23,20,3,722380.4073178947,2306082.85766691,68856.62827604414,273047.51955276274,22,0.3132499792520126,0.8858255369732764,0.8695652173913043,768694.28588897,240793.4691059649,0.3132499792517409,0.3132499792517409,0.2944999673308782,3.78131038636332,0.8978312515260523,1
90,25,22,3,1168958.0896400225,2511653.673231853,53707.823343673226,296715.16384753614,24,0.4654137240726379,0.9412983571530831,0.76,837217.8910772844,389652.6965466742,0.46541372407226733,0.46541372407226733,0.34941441272293866,5.432774793526791,0.9856353135587212,0
90,25,22,3,728538.6340213545,2003982.4370219377,51017.75212002334,229373.2280586996,24,0.36354541864331497,0.9539917478578589,0.76,667994.1456739792,242846.2113404515,0.3635454186429522,0.3635454186429522,0.32604338014602097,4.408823424402995,0.9209337334796354,0
90,25,22,3,711927.4463763998,2953948.490084705,89680.8417483322,331836.9151160276,25,0.24100875447416628,0.9177108981658174,0.88,984649.4966949016,237309.1487921333,0.2410087544740031,0.2410087544740031,0.3636537261379006,3.7001984888093293,0.975242245712628,0
90,24,21,3,5023432.928795884,6578008.489791302,64773.98170814238,882706.3593977658,23,0.7636707882927188,0.8417960824700845,0.75,2192669.4965971005,1674477.6429319615,0.7636707882924868,0.7636707882924868,0.40341210231406427,13.22656337518321,0.9743274914661699,0
90,22,19,3,1052742.9714313513,3932781.8358291625,130910.85747262779,469053.9601643481,22,0.2676840504703791,0.9994090559804827,0.8636363636363636,1310927.2786097208,350914.32381045044,0.26768405047024296,0.26768405047024296,0.33306905808663095,3.583002733435153,0.7779974261077905,0
90,24,21,3,1110011.1998777133,2010904.143549738,37537.20598633437,254868.30390635625,23,0.551996077703495,0.8026548095253696,0.75,670301.381183246,370003.7332925711,0.551996077702946,0.551996077702946,0.37172931064893416,6.656492178311236,0.9899189491745226,0
90,22,19,3,2344144.7733566607,11156525.556316504,400562.762861811,1319161.1157879373,20,0.21011422969665167,0.999997466789375,0.8636363636363636,3718841.8521055016,781381.591118887,0.21011422969661403,0.21011422969661403,0.33333452547720976,3.0245176519100063,0.9085920510827246,0
90,21,18,3,745991.8145613916,3595228.683531969,135677.94614145605,442990.49173009384,20,0.20749495518274472,0.8053855131377883,0.8571428571428571,1198409.5611773229,248663.93818713052,0.20749495518262928,0.20749495518262928,0.4248588057854058,3.122273116587544,0.9764683392878699,0
90,23,20,3,743684.132855815,2914949.574148267,94402.8452735849,344045.0251924451,21,0.2551276150541508,0.849726129536069,0.8695652173913043,971649.8580494224,247894.71095193832,0.25512761505397574,0.25512761505397574,0.3203605834922926,3.387512728798552,0.8631474760879512,0
90,29,26,3,2075497.1229324134,3056694.636976946,33834.397036018374,357552.6160554836,27,0.6790004790875642,0.951223188635603,0.7931034482758621,1018898.2123256488,691832.3743108044,0.6790004790871198,0.6790004790871198,0.3348177794871231,10.24519275700306,0.9709342994881132,0
90,21,18,3,1520951.833514595,7159941.446572546,268523.3149075215,865395.7690710883,20,0.2124251776168449,0.9759851391316045,0.8571428571428571,2386647.1488575153,506983.944504865,0.2124251776167856,0.2124251776167856,0.3445128840415983,3.0724859470504016,0.8925923565012488,0
90,22,19,3,2695818.836206465,11534679.829032846,401766.40876483545,1370748.1482702505,22,0.23371423187844728,0.9462551339633266,0.8636363636363636,3844893.276344282,898606.2787354883,0.23371423187840676,0.23371423187840676,0.3099683923729893,3.411803770457012,0.8704696421340593,0
90,23,20,3,866872.8659653555,3475309.4345577643,113410.28559097425,406999.4334033666,23,0.2494376061438156,0.901014803293997,0.8695652173913043,1158436.4781859214,288957.62198845187,0.24943760614367205,0.24943760614367205,0.2869569664936928,3.588734754338445,0.8883422797953882,0
90,27,24,3,7751227.968042735,12666969.330547273,182064.49490757548,1491159.0377407332,25,0.6119244284699972,0.9901517479316103,0.7777777777777778,4222323.110182424,2583742.656014245,0.6119244284699006,0.6119244284699006,0.33301323073191924,7.699532794402806,0.988000090570604,0
90,26,23,3,1478284.1515287545,2769715.1720739,49670.423867120975,329742.9118231773,25,0.5337314704534457,0.7449571558402253,0.7692307692307693,923238.3906912999,492761.38384291815,0.5337314704530602,0.5337314704530602,0.26920166662505357,6.404307310142004,0.9412991626225508,0
90,21,18,3,671026.7098429058,3440718.812540414,131890.1001284528,414850.8063892065,21,0.19502515212722837,0.9669166429583853,0.8571428571428571,1146906.2708468046,223675.56994763526,0.195025152127115,0.195025152127115,0.3271833541345115,3.1454279432802164,0.9498095078790687,0
90,22,19,3,487820.7117462536,1892757.154521862,63860.74739889128,225740.57267224562,22,0.257730216779567,0.9481197564454922,0.8636363636363636,630919.0515072873,162606.90391541788,0.2577302167792947,0.2577302167792947,0.3089425613607452,3.5348877340672953,0.9300800534729075,0
90,23,20,3,1078630.431405375,4365828.96807196,142921.67550724282,508936.03455393674,22,0.24706199883076807,0.95899189543091,0.8695652173913043,1455276.3226906534,359543.477135125,0.24706199883065488,0.24706199883065488,0.3525637469892769,3.426292576770117,1,0
90,24,21,3,2207090.044404507,6118389.046819523,162970.79176729234,714194.5192041253,22,0.3607305824318971,0.9837175548362982,0.75,2039463.0156065077,735696.6814681691,0.36073058243177925,0.36073058243177925,0.3279488367186866,4.197604002369827,0.979474213317716,0
90,25,22,3,2177501.9878213494,6355102.255405381,167104.01070336133,765856.0972051894,25,0.34263838728462875,0.6511234060236172,0.76,2118367.4184684604,725833.9959404498,0.34263838728452095,0.34263838728452095,0.2935127057296563,4.5831102076905506,0.9447980404108149,0
90,24,21,3,1372374.345036353,5204441.035613429,159669.44544071145,595614.6261549375,23,0.26369293755949574,0.9936884021022222,0.875,1734813.6785378095,457458.11501211766,0.26369293755939444,0.26369293755939444,0.33630864900447943,3.5847868161516936,0.934891272082909,0
90,23,20,3,733409.4267188113,2858165.075934075,92380.68040066362,336242.53978026914,22,0.2566014933475701,0.8715352176813407,0.8695652173913043,952721.6919780249,244469.80890627042,0.2566014933473905,0.2566014933473905,0.3416302128088371,3.5156722854673097,0.938813802279965,0
90,25,22,3,1683695.3786477044,3364961.094983691,67250.62865343943,398033.7362878199,25,0.5003610238338773,0.9803817005259664,0.76,1121653.698327897,561231.7928825681,0.5003610238335798,0.5003610238335798,0.32427035975796836,5.918661940441868,0.9457007915820236,0
90,22,19,3,1377202.619920421,6809371.838002669,246916.78264010214,804246.5728945248,22,0.20225105232675633,0.9962600662118946,0.8636363636363636,2269790.6126675564,459067.53997347364,0.20225105232669693,0.20225105232669693,0.3339238841764286,3.2571563758932953,0.7881248673125192,0
90,22,19,3,3195113.4073705575,12815873.467746899,437307.2754716519,1525034.361906539,22,0.2493090631248271,0.9824891658366016,0.8636363636363636,4271957.8225823,1065037.8024568525,0.24930906312478815,0.24930906312478815,0.3366602205143788,3.487329041709279,0.8790350249397985,0
90,22,19,3,1102765.1379978175,4023885.271292043,132778.18787701023,481018.66703008674,22,0.27405481609157634,0.9593345271616524,0.8636363636363636,1341295.090430681,367588.3793326058,0.2740548160914401,0.2740548160914401,0.3304262783734382,3.6227235415505286,0.941192162331241,0
90,24,21,3,1629179.7890833481,6795675.405894916,215270.65070048196,781301.6839299833,24,0.2397377290371866,0.8780549154244636,0.875,2265225.135298305,543059.9296944494,0.2397377290371161,0.2397377290371161,0.3893899464148484,3.629392494443761,0.901114696478691,0
90,21,18,3,483569.96311623766,2613316.606074118,101416.5068075181,318383.3591001337,21,0.18504071109948697,0.8462567274784528,0.8571428571428571,871105.5353580393,161189.98770541255,0.18504071109934533,0.18504071109934533,0.3550197975989324,3.1393642821997916,0.8458915734883506,0
90,22,19,3,1971826.677836661,9207194.921875069,328880.3747290184,1105987.0621591494,22,0.21416150027970507,0.8329882776808822,0.8636363636363636,3069064.9739583563,657275.559278887,0.21416150027965858,0.21416150027965858,0.30409546349960215,3.36288555699642,0.9999999999999999,0
90,25,22,3,1021925.5244867849,1726197.6048281027,28170.883213652713,217655.97285217425,24,0.592009583160068,0.8171425319755902,0.76,575399.2016093676,340641.841495595,0.5920095831593821,0.5920095831593821,0.4163759595104253,7.591132219823267,0.9795889557445238,0
90,25,22,3,768276.6994177224,3299744.5301214536,101258.7132281492,369644.374362918,25,0.23282914553061224,0.9406240145800912,0.88,1099914.8433738179,256092.2331392408,0.2328291455304711,0.2328291455304711,0.30544775316380696,3.650494486597022,0.9684071554503432,0
90,23,20,3,1380160.906620694,6098406.82218097,205141.12676349026,708274.3310777738,23,0.2263149945327658,0.9933608399569688,0.8695652173913043,2032802.2740603231,460053.63554023136,0.22631499453269158,0.22631499453269158,0.3364075484618305,3.452619873200265,0.8858186062496592,0
90,23,20,3,1479339.0695015187,5919125.88950898,193034.2095655418,690786.4941163312,23,0.24992525874863375,0.9436360112871212,0.8695652173913043,1973041.9631696602,493113.0231671729,0.2499252587485493,0.2499252587485493,0.31301668185985143,3.5785703252676915,0.9085428229600548,0
90,25,22,3,2369349.745611189,6509113.988668852,165590.56972230654,742299.4773919723,23,0.3640049551652374,0.9877328719215708,0.76,2169704.662889617,789783.248537063,0.36400495516512565,0.36400495516512565,0.3343882187750708,4.222885724526211,0.9620024434540189,0
90,21,18,3,1123095.162473537,4396474.3572468525,155875.19975111022,540511.7482320188,21,0.25545359103984017,0.8591765147247628,0.8571428571428571,1465491.4524156174,374365.0541578457,0.255453591039724,0.255453591039724,0.32999876156739494,3.4675929788163837,0.8650684206876008,0
90,26,23,3,2265465.4555432335,3811198.730734448,59451.279815046735,461561.4308215566,25,0.594423333864321,0.855394590835446,0.7692307692307693,1270399.5769114827,755155.1518477445,0.594423333864009,0.594423333864009,0.3393348768150188,7.627285769997051,1.0000000000000002,0
90,22,19,3,4191591.1286351522,19500733.331911203,695870.1001489115,2309433.0624601343,21,0.21494530781443866,0.9590126029105186,0.8636363636363636,6500244.443970401,1397197.042878384,0.2149453078144166,0.2149453078144166,0.3287589365914395,3.201009800552952,0.944499585722805,0
90,21,18,3,1032360.2526428152,5205128.429710953,198703.24652705414,641017.3363937831,20,0.19833521239358645,0.7995171135759379,0.8571428571428571,1735042.8099036508,344120.08421427174,0.19833521239351026,0.19833521239351026,0.24107702513169077,3.1231266568220057,0.7781652374069645,0
90,21,18,3,754359.2728220297,3393656.693393682,125680.82955103106,410796.56651967997,21,0.2222850868475569,0.984841185518904,0.8571428571428571,1131218.897797894,251453.09094067654,0.2222850868474259,0.2222850868474259,0.3378914413570684,3.268569820742732,0.8657361948416177,0
90,24,21,3,987193.8660507842,1909875.4137306002,38445.064486658994,232944.35483153578,23,0.5168891431101051,0.9928429222195269,0.75,636625.1379102,329064.6220169281,0.5168891431095638,0.5168891431095638,0.33485031121230746,5.94031605774294,0.9703323707855427,0
90,23,20,3,1657208.3217320992,7775020.86159184,265991.84955911926,902850.5590079908,22,0.21314519294969364,0.9383453414140878,0.8695652173913043,2591673.620530613,552402.7739106998,0.21314519294963885,0.21314519294963885,0.3279396194306806,3.2711222378029796,0.8737412837476298,0
90,23,20,3,1761093.8067304692,10118915.261835594,363383.54152630985,1166547.0513040072,23,0.1740397820478268,0.9751832587244054,0.8695652173913043,3372971.753945198,587031.2689101564,0.17403978204779244,0.17403978204779244,0.3447302153012699,3.2102363425734186,0.9607178868016968,0
90,22,19,3,1416519.5065145616,6040673.501611336,210188.81795894422,718653.9659778957,22,0.23449694907968022,0.9314752560781338,0.8636363636363636,2013557.8338704454,472173.1688381872,0.23449694907960256,0.23449694907960256,0.31997816305232674,3.4190875278381836,0.843438065132168,0
90,22,19,3,933423.9644981748,3831731.3553550025,131741.24503894674,488277.43919943256,21,0.2436037075494431,0.6265928377731205,0.8636363636363636,1277243.7851183342,311141.32149939163,0.24360370754931596,0.24360370754931596,0.24203928208644548,3.567427902366986,0.9213250978137557,0
90,25,22,3,1320471.3484561308,2554407.0477799047,49357.42797295095,308368.8095430234,25,0.516938500308033,0.7991300129456765,0.76,851469.0159266349,440157.1161520436,0.5169385003076282,0.5169385003076282,0.2808708772398677,6.247667720971385,0.9653275508392287,0
90,22,19,3,2960172.4243133804,14582723.416318968,528297.7723638903,1723141.6706514359,22,0.20299174165235567,0.967409703580025,0.8636363636363636,4860907.805439656,986724.1414377935,0.20299174165232783,0.20299174165232783,0.34155706571270267,3.261686421538189,0.8806484392887359,0
90,24,21,3,1037055.1815988636,3830212.921844433,116381.57251023209,438870.9053274418,23,0.2707565356703983,0.9866373494730125,0.875,1276737.640614811,345685.0605329545,0.2707565356702569,0.2707565356702569,0.32944853170036564,3.6120962031713666,0.9748113439689374,1
90,24,21,3,1548961.1397924307,6806017.385163106,219044.01022377817,775368.8291065664,24,0.22758700898544387,0.9884152446605837,0.75,2268672.461721035,516320.37993081025,0.22758700898537707,0.22758700898537707,0.33773302038830016,3.5397855814952432,0.9142523161677455,0
90,26,23,3,3080782.685970217,10592181.877684187,288899.9689120758,1178263.0875468694,24,0.29085439822937503,0.8970834919519217,0.7692307692307693,3530727.2925613956,1026927.5619900724,0.2908543982293202,0.2908543982293202,0.36215490521605226,3.8632783054282127,0.9153204096310628,0
90,26,23,3,2523660.823773075,4820273.116540214,88331.24202950537,566605.9925928554,26,0.5235514176806494,0.9999211827836797,0.7692307692307693,1606757.7055134047,841220.274591025,0.5235514176804322,0.5235514176804322,0.33331509594068426,6.414559328817961,0.9675992280268272,0
90,20,17,3,738778.6548213473,4393901.859048938,182756.16021137947,538691.8733479017,19,0.1681372680866131,0.9978863358729556,0.85,1464633.9530163128,246259.55160711578,0.1681372680865366,0.1681372680865366,0.33419288283500415,2.844006827622773,0.9225377040144662,0
90,27,24,3,5395993.271580509,9654696.347286176,157729.74354465425,1118315.6528718178,26,0.5588982892348242,0.9915794082409358,0.7777777777777778,3218232.1157620586,1798664.4238601697,0.5588982892347085,0.5588982892347085,0.330966043695773,6.973336252700625,0.965058143523403,0
90,22,19,3,697060.5462779861,3028172.6539015314,105959.6412556157,359186.77359774156,21,0.2301918106880912,0.9954282313837115,0.8636363636363636,1009390.8846338438,232353.51542599537,0.23019181068793912,0.23019181068793912,0.3325664434300048,3.240590999236039,0.8564249111685264,0
90,21,18,3,681064.5854264902,2980650.251596879,109504.07934144711,361088.01867327344,20,0.22849530402347015,0.9975288440565927,0.8571428571428571,993550.0838656264,227021.5284754967,0.22849530402331683,0.22849530402331683,0.3321719083108704,3.1539348909157083,0.950895461127691,0
90,27,24,3,2636293.3215381783,5145180.522246838,92921.74817439477,590316.4461034836,27,0.5123811127984347,0.8713035009696128,0.7777777777777778,1715060.1740822792,878764.4405127261,0.5123811127982355,0.5123811127982355,0.3210423681477762,6.352834053328718,0.9734959033066845,0
90,26,23,3,3267262.508339807,5018538.049882948,67356.75159781311,612700.8744325629,26,0.6510387040734623,0.9659900972272691,0.7692307692307693,1672846.0166276495,1089087.5027799357,0.651038704073203,0.651038704073203,0.318831828961139,9.096354261290701,0.9801122313450453,0
90,24,21,3,6942251.91395975,9411142.573041942,102870.44412842467,1296897.1580280173,22,0.7376630265750064,0.6981755037867772,0.75,3137047.524347314,2314083.9713199167,0.7376630265748497,0.7376630265748497,0.3708880135738771,12.164049218726438,0.9501968445737011,0
90,25,22,3,814088.7097767736,1793542.175705481,39178.13863714831,218762.20453760668,24,0.45389995328997595,0.7030718421912328,0.76,597847.3919018271,271362.90325892455,0.4538999532894698,0.4538999532894698,0.46465302547403625,5.474389323126695,0.939007378861727,0
90,23,20,3,768773.9299901058,3163276.0368041354,104108.78725278388,368452.68777207384,23,0.24303093408394316,0.9635926655456396,0.8695652173913043,1054425.3456013785,256257.9766633686,0.2430309340837895,0.2430309340837895,0.34221526397200214,3.539112283326327,0.8766034769662062,0
90,23,20,3,1055692.7437267809,3793562.1855131155,119037.80181679713,448166.0249829343,23,0.2782853402951954,0.8662689212863369,0.8695652173913043,1264520.7285043718,351897.5812422603,0.2782853402950487,0.2782853402950487,0.3905601456428296,3.7649050817395873,0.9407628117142331,0
90,27,24,3,3747955.38285999,6654252.970329701,107640.6513877671,772500.4805997984,26,0.5632420948784166,0.9977525284896203,0.7777777777777778,2218084.3234432335,1249318.46095333,0.5632420948782474,0.5632420948782474,0.33394387933954145,7.071378608760099,0.9765468168722566,0
90,22,19,3,1912097.1621873192,8457270.34537388,297507.8719630256,1058884.1091966336,21,0.2260891616445735,0.6728526886297872,0.8636363636363636,2819090.1151246266,637365.7207291065,0.2260891616445201,0.2260891616445201,0.3176971556262704,3.4096205713502328,0.9486292826466209,0
90,24,21,3,704962.5036644037,1222065.457519941,21545.956410647388,153269.8056161797,23,0.5768614924232269,0.9800483286270072,0.75,407355.152506647,234987.5012214679,0.5768614924222829,0.5768614924222829,0.3323695437733462,6.993189960532018,0.9639364568209893,0
90,22,19,3,1022311.1555152299,3954846.601503158,133297.065726724,489549.976075559,22,0.25849577961542464,0.7267246841723083,0.8636363636363636,1318282.2005010527,340770.3851717433,0.2584957796152939,0.2584957796152939,0.34462427398064793,3.6726238001031946,0.9652098317893126,0
90,25,22,3,661066.3460463204,1719759.48865475,42347.725704337194,197895.41846122898,23,0.3843946496047787,0.975500963327545,0.76,573253.1628849166,220355.4486821068,0.3843946496043317,0.3843946496043317,0.3301405211222974,4.368200609296615,0.9723146335778413,0
90,21,18,3,1256435.2021725136,5170341.429314496,186376.48700676108,627898.3617530387,20,0.24300816867694822,0.9828300182833603,0.8571428571428571,1723447.143104832,418811.7340575045,0.2430081686768542,0.2430081686768542,0.33097977919281957,3.2201015671118407,0.8898520174441394,0
90,24,21,3,523837.4442142965,2218125.963398434,70595.35496600573,254490.47922270795,24,0.23616217151684155,0.8944508246490565,0.875,739375.3211328114,174612.4814047655,0.2361621715166286,0.2361621715166286,0.38250649011490373,3.60491818961247,0.9486104565638631,0
90,27,24,3,1193220.6765189464,4305548.133996273,115271.38731397505,471345.938114983,26,0.27713560257220016,0.8643510206866076,0.7777777777777778,1435182.7113320911,397740.2255063155,0.2771356025720714,0.2771356025720714,0.35309810254745344,3.982235367812813,0.8928596651149449,0
90,26,23,3,3142259.25094381,4671082.49891042,58800.89415256189,576615.1354058253,25,0.672704721373708,0.9991602825532903,0.7692307692307693,1557027.4996368065,1047419.7503146034,0.67270472137342,0.67270472137342,0.3335446633261119,9.48686509828412,1.0000000000000002,0
90,24,21,3,946602.5977239544,4238648.162241605,137168.56518823546,482494.31280623225,24,0.2233265327743365,0.9927349441565345,0.875,1412882.7207472017,315534.1992413181,0.22332653277423112,0.22332653277423112,0.33661206355136253,3.51752832101576,0.9704858576441437,0
90,23,20,3,584429.5264489587,2551943.895921488,85544.10302054475,299116.808269405,23,0.2290134698426419,0.8719104784907148,0.8695652173913043,850647.9653071626,194809.8421496529,0.22901346984246237,0.22901346984246237,0.27656277999262635,3.496638549054291,0.9619895162314452,0
90,25,22,3,2427307.6156245074,3511661.4575015046,43374.153675079855,446230.06952408893,24,0.6912134455440389,0.9984048511303324,0.76,1170553.819167168,809102.5385415024,0.6912134455436452,0.6912134455436452,0.33316800937097085,10.099163800418145,1,0
90,24,21,3,1340307.3901614067,5836242.855970164,187330.6444086982,664857.8676404962,23,0.22965243620561718,0.9880383382852029,0.875,1945414.285323388,446769.1300538022,0.22965243620553846,0.22965243620553846,0.32784420665804787,3.4256565936968895,0.9165829355997283,0
90,24,21,3,1616298.278967584,2404360.5737911463,32835.92895098177,313670.9461732581,23,0.6722362263736367,0.8190561631100124,0.75,801453.5245970488,538766.0929891947,0.6722362263730775,0.6722362263730775,0.4186146290697414,9.17828119271935,0.982742860875455,0
90,20,17,3,734997.2108052393,4256044.6059927,176052.36975937302,522838.1834828014,20,0.17269490309621233,0.9556838171283221,0.85,1418681.5353309,244999.07026841308,0.1726949030961312,0.1726949030961312,0.3466355434262635,2.969787820490248,0.8132146713808609,0
90,24,21,3,1955706.8774291396,4325003.506718089,98720.69288703955,515551.8571608006,23,0.4521861946217755,0.9872746414561774,0.75,1441667.8355726963,651902.2924763799,0.45218619462156645,0.45218619462156645,0.3309726593775722,5.015512400738327,0.8935116654227581,0
90,22,19,3,1490598.3281176363,6594062.452487109,231975.64201679424,781501.109459594,22,0.22605159396923746,0.9952402305963834,0.8636363636363636,2198020.817495703,496866.10937254544,0.2260515939691689,0.2260515939691689,0.33268096408177167,3.3688929693732548,0.8565949115617199,0
90,26,23,3,2854417.509571868,5578845.204736865,104785.68058326916,651025.2847258742,24,0.5116502438798155,0.995934098976859,0.7692307692307693,1859615.0682456216,951472.5031906227,0.5116502438796321,0.5116502438796321,0.33515540770776425,5.883962527721822,1.0000000000000002,0
90,28,25,3,2263801.5162144597,7443142.012644843,184976.4463010851,795965.327547884,28,0.30414595239057346,0.9959508948323048,0.7857142857142857,2481047.337548281,754600.5054048199,0.30414595239049175,0.30414595239049175,0.33259167270542545,4.303063138362993,0.9425345097510862,0
90,28,25,3,1477458.0556046364,2375687.4739215095,32079.622082745485,276657.59927550505,27,0.6219075833090109,0.9911208165624462,0.7857142857142857,791895.8246405032,492486.0185348788,0.6219075833084872,0.6219075833084872,0.3331347257735306,8.353003290895476,0.9711329570459418,0
90,22,19,3,1349351.4955024614,6568534.972349932,237235.61258397604,777890.8731487273,22,0.20542655267610113,0.9348086399783871,0.8636363636363636,2189511.6574499775,449783.8318341538,0.20542655267603863,0.20542655267603863,0.30260499710430044,3.2789801862909287,0.8953564591785681,0
90,20,17,3,516960.55140805116,2374844.7838150375,92894.21162034929,305237.0761902083,19,0.2176818270107612,0.7282739588726621,0.85,791614.9279383458,172320.18380268372,0.21768182701057784,0.21768182701057784,0.2851715869371036,3.13817649782472,0.8276561049413014,0
90,26,23,3,857064.1296709146,2789465.8043307657,74323.1413330712,309765.08596857864,25,0.3072502729160467,0.9536855244059199,0.7692307692307693,929821.9347769219,285688.0432236382,0.30725027291582635,0.30725027291582635,0.3305077046916171,4.023447645183056,0.9255657133408414,0
90,26,23,3,4785253.200886196,8406194.46507156,139266.97169943716,1005554.851378916,25,0.5692532121126573,0.8642614312329605,0.7692307692307693,2802064.8216905203,1595084.400295399,0.569253212112522,0.569253212112522,0.3969720536532849,6.964878472477505,0.9665027449379114,0
90,25,22,3,2705177.9288259614,6743020.792887537,161513.71456246302,778151.2620640022,24,0.4011819052491951,0.9912730596834309,0.76,2247673.597629179,901725.9762753205,0.4011819052490762,0.4011819052490762,0.3352340908764163,4.730136290137578,0.9599859896608436,0
90,25,22,3,1452184.4335222198,4145729.8762368746,107741.8177085862,472884.4876889761,23,0.35028438341960516,0.9982632147358459,0.76,1381909.9587456249,484061.47784073994,0.35028438341943613,0.35028438341943613,0.33301539342654163,4.213968218502028,0.9517094272343585,0
90,25,22,3,1168070.2652007104,3440368.9563167165,90891.94764464021,403524.3752492835,24,0.3395188946394038,0.742304485689576,0.76,1146789.6521055722,389356.7550669035,0.3395188946392064,0.3395188946392064,0.2688140226951751,4.301537761107229,0.9545374174973302,0
90,24,21,3,4922464.8042505765,8811112.865608778,162027.0025565918,1094841.3766165895,23,0.558665503362601,0.9999617957193339,0.75,2937037.6218695925,1640821.6014168588,0.5586655033624743,0.5586655033624743,0.33334580770769945,6.63140136013968,0.946409786273601,0
90,26,23,3,1277801.1462173136,2867079.650907696,61126.09633424547,326966.90888191987,24,0.4456803792710557,0.9901136381985443,0.7692307692307693,955693.2169692321,425933.7154057712,0.4456803792707448,0.4456803792707448,0.3375677179974783,4.993133693271679,0.9489159823070755,0
90,24,21,3,3089012.925829684,10375463.873762693,303602.1228305421,1199907.2944468507,23,0.29772287421681765,0.8976820944501418,0.875,3458487.9579208978,1029670.9752765613,0.2977228742167603,0.2977228742167603,0.31162402717438065,3.8086559996103326,1.0000000000000002,0
90,24,21,3,2237249.3640164183,3698235.742983572,60874.43245696471,471593.7430065012,24,0.6049504465096377,0.9025072978033029,0.75,1232745.2476611908,745749.7880054727,0.6049504465093104,0.6049504465093104,0.3699129801877336,7.74699202874948,0.9427425916570361,0
90,25,22,3,1513016.9963440015,3987669.8123191064,98986.11263900423,466128.58448389673,23,0.3794238408780635,0.7882751237448112,0.76,1329223.2707730355,504338.99878133385,0.37942384087787323,0.37942384087787323,0.3560048545936534,4.51933238446551,0.9466775770148157,1
90,21,18,3,485009.3343115551,2680142.1769021545,104530.13536145711,323466.7858672266,21,0.18096403186788126,0.9141501341828351,0.8571428571428571,893380.7256340515,161669.77810385168,0.1809640318677462,0.1809640318677462,0.3402032519197624,3.0944835644344,0.784637458998686,0
90,22,19,3,1815743.9111152315,8571023.06029383,307058.1431444817,1013750.9276262784,21,0.21184681202488473,0.9943159306948618,0.8636363636363636,2857007.6867646105,605247.9703717438,0.2118468120248353,0.2118468120248353,0.3322408905488565,3.1780780232234918,0.9356016744988708,0
90,27,24,3,699481.5747966759,1284620.0392303849,21671.79497902626,148687.62738077826,25,0.5445046421782354,0.9659336196331796,0.7777777777777778,428206.6797434616,233160.52493222532,0.5445046421773877,0.5445046421773877,0.3388515707599879,6.575780038797351,0.9889701632022457,0
90,23,20,3,417824.9405662758,1870706.4903885536,63168.76303575121,218914.8618645175,21,0.22335141440561765,0.8775629164479681,0.8695652173913043,623568.8301295178,139274.9801887586,0.2233514144053789,0.2233514144053789,0.2775907519114755,3.229554814030593,0.9545625797615361,0
90,21,18,3,1360563.69926253,6498480.337544558,244662.697061049,785277.0765908251,21,0.20936644085875744,0.969194332988149,0.8571428571428571,2166160.1125148525,453521.23308751005,0.20936644085869305,0.20936644085869305,0.32246830275795857,3.2096314069147645,0.8475419152107133,0
90,24,21,3,3813817.8817058234,5030263.417017508,50685.23063798691,673498.3561193772,22,0.7581745856097362,0.9955797944779444,0.75,1676754.4723391694,1271272.6272352745,0.7581745856094348,0.7581745856094348,0.331669841417686,12.60766638850932,0.9647480173486509,0
90,22,19,3,998690.3474788526,4327773.989718623,151321.9837381714,518348.39741723536,22,0.23076305506044995,0.865734227099868,0.8636363636363636,1442591.3299062077,332896.78249295085,0.2307630550603433,0.2307630550603433,0.32836529882194637,3.425466575370139,0.9221639617866305,0
90,21,18,3,1109698.5914643817,6093624.413755166,237329.80106146602,734979.1448671989,21,0.1821081373113958,0.9225819186832424,0.8571428571428571,2031208.1379183887,369899.5304881272,0.18210813731133602,0.18210813731133602,0.35212366110178117,3.096868330807516,0.7989643047438514,1
90,25,22,3,2184288.9236540445,4304954.044354777,84826.60482802927,529423.6925433974,24,0.5073896030360334,0.7527104740920709,0.76,1434984.6814515924,728096.3078846815,0.5073896030357977,0.5073896030357977,0.2227491821985771,6.045373872248909,0.936208140897446,0
90,22,19,3,1725077.6521545476,7349711.18102433,255665.1604031719,872922.5157260443,22,0.23471366556663642,0.9614367609808352,0.8636363636363636,2449903.72700811,575025.8840515158,0.23471366556657255,0.23471366556657255,0.3152537722745401,3.4143193947351773,0.9713574657249372,0
90,20,17,3,1386178.6114093934,7128473.766550673,287114.757757064,878717.9805261358,20,0.19445657749540168,0.9606648800643683,0.85,2376157.922183558,462059.53713646444,0.19445657749534712,0.19445657749534712,0.31651121421310396,3.0605113696962367,0.9672997614115951,0
90,22,19,3,1938977.4279346,9457032.133393245,341729.7593390292,1139545.568030537,22,0.20503022518954656,0.8071528138354852,0.8636363636363636,3152344.044464415,646325.8093115333,0.20503022518950323,0.20503022518950323,0.2565212442255494,3.3346395415819265,0.9325167564994722,0
90,24,21,3,678421.568752981,3057612.8744699,99132.9710715383,348850.8214725545,22,0.22187948461931353,0.9305865050953326,0.875,1019204.2914899667,226140.52291766033,0.22187948461916837,0.22187948461916837,0.30295230812229246,3.265213963366913,0.9526843677016206,0
90,26,23,3,1902209.8938293974,3483115.405583432,60804.05814438594,412516.07877558726,25,0.5461231318318107,0.8833300721045891,0.7692307692307693,1161038.4685278106,634069.9646097991,0.5461231318314971,0.5461231318314971,0.27859803302451785,6.673497233184,0.9460978751720484,0
90,24,21,3,2037710.4831333575,4936896.3296679845,120799.41027227613,583052.5559549152,24,0.4127513212881228,0.8933028436217987,0.75,1645632.1098893282,679236.8277111192,0.41275132128795566,0.41275132128795566,0.2925689782159044,4.8266175690420665,0.9999999999999999,0
90,24,21,3,539309.6072212147,2313849.154105714,73939.14778685416,263840.646732128,24,0.23307898281269807,0.9693993247341536,0.875,771283.0513685714,179769.86907373823,0.23307898281249656,0.23307898281249656,0.32562608879091426,3.5683484950237503,0.9241308987065582,0
90,23,20,3,205820.98827111194,888314.6691031223,29673.638297043934,103683.98725355779,21,0.23169828826387082,0.9111940752750946,0.8695652173913043,296104.88970104075,68606.99609037065,0.23169828826334918,0.23169828826334918,0.3686147983259777,3.2403585839768674,0.9202539917865457,1
90,22,19,3,1358504.4549911313,6519626.098763938,234596.43835330938,775195.7133867386,22,0.20837152842990228,0.8954386368710604,0.8636363636363636,2173208.6995879794,452834.8183303771,0.20837152842983842,0.20837152842983842,0.2867892173371947,3.304379720445567,0.7987778875142006,0
90,20,17,3,329231.5443893454,1821166.2970434055,74596.737632703,223739.04279402288,19,0.18078060467276358,0.9933396951211787,0.85,607055.4323478019,109743.84812978179,0.18078060467256502,0.18078060467256502,0.33137400046645626,2.87345280616438,0.7408921295114389,0
90,24,21,3,1287667.498146712,3077206.8154619057,74564.13822146643,363748.3607383228,22,0.4184533492114367,0.9114355503447501,0.75,1025735.6051539686,429222.4993822374,0.41845334921116467,0.41845334921116467,0.2936987142468235,4.625918207002904,0.9013658689039771,0
90,28,25,3,899642.2725933535,1432726.0407238072,19038.706004659067,168440.16376066793,27,0.6279234459493945,0.9515833287209629,0.7857142857142857,477575.34690793575,299880.7575311178,0.6279234459485179,0.6279234459485179,0.322061816043265,8.619896897661887,0.9595329151407239,0
90,23,20,3,1547626.4490204165,7024362.63843863,238118.96475731357,826383.6507151754,23,0.22032268672338953,0.8379044007508345,0.8695652173913043,2341454.212812877,515875.4830068055,0.2203226867233268,0.2203226867233268,0.39348517234543184,3.470465494228651,1,0
90,22,19,3,2218535.213012539,9997378.766157173,353583.79787021055,1184371.7725015713,22,0.22191168954430696,0.9973392500899454,0.8636363636363636,3332459.5887190574,739511.7376708463,0.22191168954426257,0.22191168954426257,0.332606758373164,3.349621163730379,0.9782253151680524,0
90,22,19,3,1270279.7149699223,5935907.344050727,212073.98314003655,702510.7638528747,21,0.21399924920372085,0.9747615058710641,0.8636363636363636,1978635.7813502422,423426.5716566408,0.21399924920364877,0.21399924920364877,0.33263196807063267,3.211149134741171,0.93622381782523,0
90,23,20,3,920172.3796499613,3796510.5800917055,125058.18262790192,453594.3369345322,23,0.24237318986412307,0.7762256889285597,0.8695652173913043,1265503.5266972352,306724.12654998706,0.24237318986399534,0.24237318986399534,0.40912495067593974,3.6270664373920227,0.9215431208435749,0
90,24,21,3,1162659.6265087794,4698542.216749006,147328.44126000948,536671.6947995418,24,0.2474511397096681,0.9995342099662761,0.875,1566180.7389163354,387553.2088362598,0.24745113970956276,0.24745113970956276,0.3333249102511354,3.642689016499981,0.9286960673825062,0
90,24,21,3,2741463.7641657633,12054867.623223651,388058.49412741204,1373194.2551790741,24,0.22741550134355001,0.978700456976538,0.875,4018289.207741217,913821.254721921,0.2274155013435123,0.2274155013435123,0.34296410489278223,3.538626974944328,0.9449307956075985,0
90,26,23,3,4776523.811246428,8120291.4461586885,128606.44749662538,964647.3608674364,23,0.5882207360310175,0.92832114184672,0.7692307692307693,2706763.8153862297,1592174.6037488093,0.5882207360308727,0.5882207360308727,0.36128243218682404,6.878382933558775,0.9791889688595626,0
90,25,22,3,3400015.9890896133,8655940.03571376,210236.96186496597,1009987.3671410952,23,0.3927956957951429,0.8539030570901514,0.76,2885313.34523792,1133338.6630298712,0.3927956957950522,0.3927956957950522,0.2645162772813588,4.56141700958291,0.9432993811334248,0
90,24,21,3,1082082.5695368215,4002255.394576503,121673.8677099867,461626.1726453099,23,0.2703681956436094,0.888506601982963,0.875,1334085.131525501,360694.18984560715,0.2703681956434743,0.2703681956434743,0.29377122718101123,3.66130851261442,1,0
90,27,24,3,1161261.5201944346,3887969.2927988637,100989.176763127,431624.7030459567,26,0.29868073349884133,0.8023179466675774,0.7777777777777778,1295989.764266288,387087.17339814483,0.2986807334986876,0.2986807334986876,0.40475232634845,4.194168805004216,0.8709502256983653,0
90,23,20,3,658089.382948318,2795427.197136515,92927.73105166072,328177.9085161136,23,0.235416391320151,0.8651992045546535,0.8695652173913043,931809.0657121716,219363.12764943935,0.23541639131998257,0.23541639131998257,0.32502852662426085,3.531539022836361,0.8966468014749364,0
90,24,21,3,1473808.5452828943,5765322.989694195,178813.10185047088,661313.3053633227,22,0.2556333006697362,0.9230464167711656,0.875,1921774.329898065,491269.5150942981,0.25563330066964757,0.25563330066964757,0.3445461509865205,3.452933101800039,0.8933534842891789,0
90,25,22,3,1697404.8957794546,6733540.520563848,201445.42499137577,755251.6390018082,25,0.2520820793452456,0.9883302096143143,0.76,2244513.506854616,565801.6319264849,0.2520820793451708,0.2520820793451708,0.32845776085851747,3.7491625289102135,0.8651177263826989,0
90,27,24,3,4504793.148106176,9761379.866139065,194688.3969641812,1133333.4071075835,25,0.4614914294783513,0.7399322966872564,0.7777777777777778,3253793.2887130217,1501597.7160353921,0.46149142947825683,0.46149142947825683,0.21391037930817744,5.5929349144410745,0.9999999999999998,0
90,25,22,3,1698712.6151215096,3194876.6880759937,59846.56291817936,395316.0897361433,22,0.5316989608584769,0.7265810993020085,0.76,1064958.8960253312,566237.5383738365,0.531698960858144,0.531698960858144,0.21143258406637824,6.191811034460196,0.9330505911566076,0
90,27,24,3,3262729.0148527166,7206450.730838415,146063.76725872958,807372.7814038179,26,0.45275117207006427,0.9673617522657745,0.7777777777777778,2402150.243612805,1087576.338284239,0.45275117206993876,0.45275117206993876,0.3264962785075922,5.377975830281752,0.9670603458991308,0
90,23,20,3,717334.2389867145,2764200.836614386,88994.19989685527,323208.0383340718,22,0.25950872653126444,0.9385377530712732,0.8695652173913043,921400.2788714621,239111.4129955715,0.2595087265310766,0.2595087265310766,0.33937061209469277,3.4957807265684826,0.8912576364963459,0
90,25,22,3,3287685.254654178,5960027.269208563,106893.68058217538,720401.5309191463,24,0.5516225188496832,0.9825165786201098,0.76,1986675.756402854,1095895.084884726,0.5516225188494981,0.5516225188494981,0.34152954755826925,6.632275256569183,0.9807218562860839,0
90,25,22,3,6148117.72382921,15851931.387672624,388152.5465537364,1817443.741789003,25,0.38784660199891813,0.9380001154131067,0.76,5283977.129224208,2049372.5746097367,0.38784660199886917,0.38784660199886917,0.32674100041952686,4.682292459293993,0.9791384411201446,0
90,28,25,3,2613543.799857903,4272327.258203344,59242.26636948006,492289.2730957222,27,0.6117377349403643,0.8671451156781214,0.7857142857142857,1424109.0860677816,871181.2666193009,0.611737734940078,0.611737734940078,0.39072822563095216,8.048481977916301,0.9595911014450578,0
90,21,18,3,608634.1838395977,3093937.618481935,118347.78260201606,372890.3414462191,20,0.1967183113853576,0.9852540381779971,0.8571428571428571,1031312.5394939784,202878.0612798659,0.19671831138523044,0.19671831138523044,0.3272336016730913,3.03468262621187,0.9110890674388625,0
90,23,20,3,4650280.93236911,19954137.75843338,665385.0793940987,2334237.4323117197,22,0.23304845284048875,0.8904505411418161,0.8695652173913043,6651379.252811126,1550093.6441230366,0.23304845284046535,0.23304845284046535,0.33615656123098553,3.374430256953641,0.9437722211524007,0
90,24,21,3,3785793.1729281363,15577662.31033215,491327.8807251672,1778352.9629989588,24,0.24302704074005388,0.9780006902578305,0.875,5192554.10344405,1261931.057642712,0.24302704074002265,0.24302704074002265,0.3268478899744686,3.619483104379521,1.0000000000000002,0
90,26,23,3,5889107.024387367,10541426.535106773,178935.3657969002,1265310.6104661098,25,0.5586631946609831,0.8576123548265548,0.7692307692307693,3513808.8450355907,1963035.674795789,0.5586631946608772,0.5586631946608772,0.2662227963072416,6.831151821665421,0.9712670890599233,0
90,27,24,3,3023326.731386126,6168340.073859956,116481.97564717894,698282.7254464043,26,0.49013619469487707,0.9984671435096809,0.7777777777777778,2056113.3579533186,1007775.5771287087,0.4901361946947182,0.4901361946947182,0.33318465341055853,5.89408492851205,0.9274226743156754,0
90,26,23,3,2355801.295768408,4591633.571623215,85993.54907133874,539528.3019618472,24,0.5130638712825426,0.925132912147193,0.7692307692307693,1530544.523874405,785267.0985894693,0.5130638712823192,0.5130638712823192,0.35465199606734066,6.00071192696572,0.9999999999999998,0
90,26,23,3,981767.2850348394,3458303.202179446,95251.3814286387,383361.04453368095,26,0.28388698955483116,0.9284653968740348,0.7692307692307693,1152767.7340598153,327255.7616782798,0.28388698955466696,0.28388698955466696,0.3670550587662725,4.024729497669975,0.9318815278762713,0
90,26,23,3,2494718.3964153663,3444838.50369917,36543.08104937705,448549.73175199475,25,0.7241902323536327,0.8999066008621764,0.7692307692307693,1148279.5012330567,831572.7988051221,0.7241902323532122,0.7241902323532122,0.3804707099051161,12.102823207369134,0.9733722013239835,0
90,23,20,3,1375664.236967368,5556352.835479055,181769.0695005081,647303.250598979,23,0.24758403177405744,0.9832892728990318,0.8695652173913043,1852117.6118263516,458554.74565578933,0.24758403177396832,0.24758403177396832,0.33469933178863887,3.5611298026345914,0.8225861369318566,0
90,21,18,3,940321.4250818018,5085180.500943701,197374.2417077095,614730.253766009,21,0.18491407038690433,0.9049959818186095,0.8571428571428571,1695060.1669812335,313440.4750272673,0.18491407038683164,0.18491407038683164,0.3764091380049169,3.1145414337968442,0.8426694352292545,0
90,26,23,3,2646620.7882016897,6638774.0988131175,153544.3581004395,750597.0126024719,26,0.3986610703735882,0.9915458810030456,0.7692307692307693,2212924.6996043725,882206.9294005632,0.39866107037346815,0.39866107037346815,0.3345905250032317,4.88847015861428,0.941661395781339,0
90,23,20,3,2737764.0340605117,10562909.09339469,340223.6982319208,1232827.02010328,21,0.2591865564546286,0.970049613259467,0.8695652173913043,3520969.6977982298,912588.0113535039,0.25918655645457955,0.25918655645457955,0.34428799517594394,3.330274135439164,0.9637455768586787,1
90,27,24,3,2539524.746351066,8251804.655887862,211565.92257543688,934252.7264574679,26,0.30775386139791205,0.7193988012627024,0.7777777777777778,2750601.5519626206,846508.2487836886,0.30775386139783745,0.30775386139783745,0.4065006337030907,4.306452124549436,0.9489679667696412,0
90,22,19,3,347670.0540708933,1587436.6529611659,56353.02722228512,192234.44725689787,22,0.21901349790691743,0.7941027626184062,0.8636363636363636,529145.5509870553,115890.01802363111,0.2190134979066415,0.2190134979066415,0.3776652719459987,3.4112532498958004,0.7988931598051526,1
90,27,24,3,5770190.52278517,13545997.705475625,287992.85861816496,1507932.482980561,26,0.4259701387999122,0.9896692752458195,0.7777777777777778,4515332.568491875,1923396.84092839,0.42597013879984924,0.42597013879984924,0.32912662367355733,5.047655552985911,0.9742289109163224,0
90,23,20,3,1070592.5637133096,4430815.684109063,146096.65740851103,515827.2622577391,22,0.24162426064182807,0.9883117903276063,0.8695652173913043,1476938.5613696876,356864.18790443655,0.24162426064171902,0.24162426064171902,0.3374996205626056,3.3801531921518246,0.9292122741461197,0
90,22,19,3,1498180.7648005139,6263664.270505622,216612.88662295946,748208.7452919799,22,0.2391859940282746,0.8959909284926759,0.8636363636363636,2087888.0901685406,499393.58826683793,0.23918599402819823,0.23918599402819823,0.3813813418704191,3.4541285006319695,0.9004175556110046,0
90,26,23,3,2963329.949558122,4815643.503054973,71242.82898064813,581046.5661728454,26,0.6153549256039434,0.9721932510851411,0.7692307692307693,1605214.5010183242,987776.6498527074,0.615354925603688,0.615354925603688,0.33217787657042,8.155860378909445,0.9702264452758048,0
90,23,20,3,642401.2372600974,2814897.7419522246,94456.36976922295,333986.6093210583,23,0.22821476875900393,0.7988647533776174,0.8695652173913043,938299.2473174082,214133.7457533658,0.22821476875884175,0.22821476875884175,0.24912758355447887,3.5358823352360775,0.90558427279852,0
90,23,20,3,839680.1945858654,3765394.7697520745,127204.98152896565,438139.0524501221,22,0.2229992460102476,0.9329487431541116,0.8695652173913043,1255131.5899173582,279893.39819528844,0.2229992460101291,0.2229992460101291,0.3134146530388675,3.343838349599417,0.7946871973709887,0
90,23,20,3,1410788.341879157,4428184.040926985,131191.1173499056,523221.336166094,22,0.31859297825921146,0.9948912597434464,0.7391304347826086,1476061.3469756618,470262.78062638565,0.31859297825906757,0.31859297825906757,0.3341856454002222,3.851681399897468,0.7523672833852292,0
90,26,23,3,1023086.050770043,1954389.3465156099,35819.357528675646,226502.40429085374,26,0.523481184848624,0.9876643337433173,0.7692307692307693,651463.1155052033,341028.68359001435,0.5234811848480884,0.5234811848480884,0.3385724214792851,6.3234636216800055,0.9731595434373129,0
90,26,23,3,3515140.0149106546,10203076.8404096,257228.33944226702,1142307.6929985492,24,0.34451764598973617,0.9072138184223285,0.7692307692307693,3401025.6134698666,1171713.3383035515,0.34451764598966866,0.34451764598966866,0.32478969805280766,4.269361353648222,0.9083429290431678,0
90,22,19,3,1406559.2171440101,5781602.331494683,198865.5961068487,687215.49766903,22,0.24328190292190804,0.9873512324314873,0.8636363636363636,1927200.7771648944,468853.0723813367,0.24328190292182392,0.24328190292182392,0.3275425009630496,3.455678162130867,0.9337791588149791,0
90,26,23,3,3616919.570578043,9412264.790034885,222897.8930560323,1060756.695649518,24,0.3842772862071439,0.99097986968162,0.7692307692307693,3137421.5966782947,1205639.8568593476,0.38427728620706225,0.38427728620706225,0.3374779146256546,4.58068018833876,0.9999999999999999,0
90,27,24,3,4218637.886419896,7676598.159422839,128072.60270381262,912762.8609781651,25,0.5495452280827113,0.7185593768872958,0.7777777777777778,2558866.053140946,1406212.628806632,0.5495452280825683,0.5495452280825683,0.2667503520605317,6.774344541118216,0.9811820240369502,0
90,22,19,3,1072014.6748530918,5411437.113680627,197246.4744921607,639643.7824882567,20,0.198101659934796,0.9473699472123914,0.8636363636363636,1803812.3712268758,357338.2249510306,0.1981016599347228,0.1981016599347228,0.3457877514058136,2.9987419820662535,0.927812177821177,0
90,22,19,3,601634.4694383421,2019654.6217674331,64455.461469504145,244405.57878924062,21,0.29788977924925797,0.8622436343589442,0.8636363636363636,673218.2072558111,200544.82314611404,0.2978897792489629,0.2978897792489629,0.39285555600962774,3.6137225112710727,0.9350060139628851,0
90,24,21,3,3235467.1846308867,6430535.618608354,133127.85141572778,825083.7293053247,22,0.5031411652969863,0.6748336761794977,0.75,2143511.872869451,1078489.0615436288,0.5031411652968298,0.5031411652968298,0.4225210210796881,5.97198495444148,0.9322456959056261,0
90,25,22,3,2451461.2098816293,7123768.649423078,186892.29758165794,812669.8357011112,25,0.34412420314629644,0.9521111890528327,0.76,2374589.5498076924,817153.7366272098,0.3441242031461999,0.3441242031461999,0.35075244921340376,4.348332415046088,0.9287689682449722,1
90,23,20,3,987445.598321016,3990622.1728054043,130572.89454279949,465078.9527737272,22,0.24744151552352928,0.9702984782762853,0.8695652173913043,1330207.3909351348,329148.53277367196,0.2474415155234052,0.2474415155234052,0.3210757611849268,3.434607298263667,0.9614408553808343,0
90,27,24,3,517736.46791767067,1355257.7495948328,31019.30672878378,149759.5496547839,26,0.3820206658637967,0.9789274254431863,0.7777777777777778,451752.58319827757,172578.82263922357,0.38202066586323297,0.38202066586323297,0.325053337806666,4.66132031497307,0.9722998804280246,0
90,26,23,3,1541117.360077965,3099201.424985829,59926.31018876398,361276.1388228737,23,0.4972627295705747,0.996824495726935,0.7692307692307693,1033067.1416619429,513705.786692655,0.49726272957025375,0.49726272957025375,0.33183645713431026,5.644067772661138,0.9864055951578115,0
90,26,23,3,2306516.5690306807,6121846.497761209,146743.458797328,689346.3079155264,25,0.3767681156124723,0.9842777738273893,0.7692307692307693,2040615.499253736,768838.8563435603,0.3767681156123493,0.3767681156123493,0.33389041030536415,4.609821717932831,0.9760968031216378,1
90,27,24,3,1433094.3346692433,2570207.61282383,42115.30659831804,301563.8050418291,25,0.5575792117019593,0.7701053963815131,0.7777777777777778,856735.8709412767,477698.11155641446,0.5575792117015255,0.5575792117015255,0.35118067651689444,6.654618822783346,0.9696009050401371,0
90,26,23,3,4018481.9510704805,7260306.780392328,124685.57035853264,853738.6859281672,24,0.5534865223495113,0.9412647512971501,0.7692307692307693,2420102.260130776,1339493.98369016,0.5534865223493589,0.5534865223493589,0.3519299954723503,6.498075517261471,0.9764747676437068,0
90,21,18,3,1078465.8652753208,2971100.100944165,90125.4397937545,368038.77080168127,21,0.36298536859536973,0.9708796621556027,0.8571428571428571,990366.7003147217,359488.6217584403,0.36298536859512537,0.36298536859512537,0.33915200231812864,4.0836280149070845,0.6682326593768093,0
90,24,21,3,526429.089253496,2114734.52293286,66179.39306997349,241589.6667457416,24,0.24893388912153327,0.9878500100301398,0.875,704911.5076442867,175476.36308449868,0.2489338891212978,0.2489338891212978,0.3362093386757095,3.650527083055158,0.9516184878248677,0
90,22,19,3,1301656.2714112895,5908004.620457217,209379.47041117854,699796.3713670912,20,0.22032079441913752,0.9769426136809932,0.8636363636363636,1969334.873485739,433885.4238037632,0.22032079441906294,0.22032079441906294,0.3249051089473656,3.071858652589158,0.804568611631535,0
90,24,21,3,764696.1137362666,2859674.5505600395,87290.76820099053,329344.81214732013,23,0.2674066926903416,0.8977971338773476,0.875,953224.8501866799,254898.70457875554,0.26740669269015455,0.26740669269015455,0.3814430983953944,3.6354468835586404,0.9513720791231534,0
90,21,18,3,985625.073984105,4865881.848945277,184774.1321410082,598176.5164163078,21,0.20255836548878503,0.811246323441575,0.8571428571428571,1621960.6163150922,328541.691328035,0.2025583654887018,0.2025583654887018,0.409809272469448,3.237339066252949,0.9601133724733458,0
90,21,18,3,661121.6422209637,2920879.400143988,107607.51228204874,353731.5551802396,20,0.22634335474040684,0.9990313148115979,0.8571428571428571,973626.4667146626,220373.88074032124,0.22634335474025186,0.22634335474025186,0.33373564893359947,3.1496828121995515,0.9265551551569515,0
90,26,23,3,1545129.1652366586,3363978.9339686497,69955.76033584583,384045.80758599244,24,0.45931594566002093,0.9800970422668329,0.7692307692307693,1121326.3113228832,515043.0550788862,0.4593159456597478,0.4593159456597478,0.3243895041957418,5.296078384711893,0.971320900096833,0
90,27,24,3,4712999.970742708,5467426.344768484,27941.717556510204,715422.4736052569,27,0.8620143507285631,0.9892635002860388,0.7777777777777778,1822475.4482561613,1570999.9902475693,0.8620143507282478,0.8620143507282478,0.33762482737957866,25.604097963296635,0.9514496611111738,0
90,22,19,3,1054212.0798107923,4168212.191029701,141545.4596008595,497125.55226887617,21,0.25291708567027404,0.9349734167719678,0.8636363636363636,1389404.063676567,351404.02660359745,0.25291708567015264,0.25291708567015264,0.3181276590584058,3.3796085845713453,0.863730508617067,0
90,21,18,3,1631932.400315693,7130056.506445279,261815.43362521837,868707.96736884,20,0.22888071067042232,0.8997424601103066,0.8571428571428571,2376685.5021484266,543977.4667718977,0.22888071067035815,0.22888071067035815,0.30826821764632395,3.207617572137893,0.8429522973455074,0
90,23,20,3,482466.225354054,2104019.320802137,70502.30849774274,244535.81284655925,23,0.22930693676799946,0.9717789810473093,0.8695652173913043,701339.7736007123,160822.075118018,0.22930693676778144,0.22930693676778144,0.3417494827097579,3.468479515829188,0.9561814970736586,0
90,23,20,3,2742616.506640284,15084995.211644307,536625.1610871315,1740615.2572399885,22,0.18181089673287004,0.9813360044697913,0.8695652173913043,5028331.737214769,914205.5022134279,0.1818108967328459,0.1818108967328459,0.331850901952803,3.12772826093258,0.872764598425398,0
90,22,19,3,504028.8516173054,2319249.2860331284,82510.01974617376,274541.3818906235,22,0.21732413788048852,0.9901451174122425,0.8636363636363636,773083.0953443762,168009.61720576847,0.21732413788030108,0.21732413788030108,0.3366168291404236,3.327370211907233,0.9197695319051037,0
90,26,23,3,4206287.206889525,8041293.51156528,147500.242487529,952157.211148756,25,0.5230858941834876,0.8178117556349567,0.7692307692307693,2680431.17052176,1402095.7356298417,0.5230858941833576,0.5230858941833576,0.311721677109566,6.336169397432311,0.9999999999999998,0
90,26,23,3,2063816.584386543,5134555.162620846,118105.32993208863,579734.5309596504,24,0.401946520978207,0.9940823478279462,0.7692307692307693,1711518.387540282,687938.861462181,0.40194652097805045,0.40194652097805045,0.3328139445404426,4.725152339632265,0.9612041381884392,0
90,22,19,3,638829.9540926279,3082294.677530204,111066.57833807162,367475.32055295695,22,0.20725791039690775,0.8725770900826633,0.8636363636363636,1027431.5591767346,212943.31803087596,0.20725791039677324,0.20725791039677324,0.37235868354471097,3.3086039567285783,0.8643898833708165,0
90,25,22,3,3313969.065271292,5346627.467452607,81306.33608725257,669060.8234735846,23,0.6198241948675747,0.8791192923755684,0.76,1782209.1558175357,1104656.3550904307,0.6198241948673429,0.6198241948673429,0.277538754673101,7.947840928616063,0.9630847588056326,0
90,23,20,3,795244.000659977,3589295.147950148,121480.48466479007,416492.5869296744,23,0.22155993527417786,0.9987282254187521,0.8695652173913043,1196431.7159833827,265081.3335533257,0.2215599352740544,0.2215599352740544,0.33293428848807033,3.4284732076555686,0.7624895017073673,0
90,25,22,3,2305567.67399436,4581932.439019363,91054.59060100012,560707.5170588283,23,0.503186745915289,0.7831422364097445,0.76,1527310.8130064544,768522.55799812,0.5031867459150694,0.5031867459150694,0.26165312748397385,5.948016170769462,0.9640188993971763,0
90,25,22,3,1635416.5135922376,3669794.5737788947,81375.1224074663,430180.8467959829,23,0.44564252322923786,0.9998252188403051,0.76,1223264.8579262982,545138.8378640792,0.44564252322899495,0.44564252322899495,0.3334156315236299,5.049534932786584,1.0000000000000002,0
90,22,19,3,614446.1328369243,2832459.449154216,100818.78710533144,339506.3515495368,22,0.21693024873495845,0.8467736344157741,0.8636363636363636,944153.1497180719,204815.3776123081,0.21693024873480526,0.21693024873480526,0.2759364277327403,3.3674909339215384,0.8039691842796108,0
90,23,20,3,1078796.7566027222,4527642.0292241,149949.794461799,529734.9424173405,22,0.2382690039626116,0.8968970342765358,0.8695652173913043,1509214.0097413666,359598.9188675741,0.23826900396250636,0.23826900396250636,0.38175294642929686,3.4221991687585134,0.9501597990164148,0
90,24,21,3,1492412.6558430817,6566749.52233552,211430.70277051826,748412.4304357822,24,0.22726809523748442,0.9619918188641602,0.75,2188916.5074451733,497470.88528102724,0.22726809523741526,0.22726809523741526,0.333734476810326,3.539752839229556,0.8966610007046092,0
90,21,18,3,798471.6960818064,3366205.873982954,122273.05609053087,410886.567937339,21,0.23720227638269895,0.8940568917863976,0.8571428571428571,1122068.6246609846,266157.2320272688,0.23720227638255797,0.23720227638255797,0.32245266166900005,3.3604015559221696,0.9382975076006946,0
90,25,22,3,1525950.3299479191,4123102.24558484,103886.07662547685,473564.50745830784,24,0.37009762044625244,0.9989702995020625,0.76,1374367.4151949466,508650.1099826397,0.3700976204460729,0.3700976204460729,0.33349429352286436,4.470775567687293,1,0
90,25,22,3,6543147.37292076,12419765.172227569,235064.71197227231,1499953.1281879714,25,0.5268334209371106,0.9185693385176403,0.76,4139921.724075856,2181049.12430692,0.5268334209370258,0.5268334209370258,0.36999350228138583,6.381022126190175,0.9589307742444748,0
90,23,20,3,1285732.3803858825,5330735.987435216,175869.7220456232,620516.133152177,21,0.24119228253212505,0.9837140773246928,0.8695652173913043,1776911.9958117388,428577.4601286275,0.24119228253203456,0.24119228253203456,0.3305918030177598,3.2245654344361396,0.9239051212307904,0
90,24,21,3,933199.5675187096,3692801.0328641497,114983.39438939335,421978.4124109045,24,0.25270778447401593,0.9937668513877727,0.875,1230933.6776213832,311066.5225062365,0.25270778447387904,0.25270778447387904,0.33626814794315224,3.669907421398581,0.9621091179072512,0
90,23,20,3,1242537.674157044,5186639.8314381335,171482.7024904821,603452.46731348,23,0.2395650584074348,0.9999990648833466,0.8695652173913043,1728879.9438127112,414179.22471901466,0.23956505840734246,0.23956505840734246,0.33333319068336753,3.5190282083608677,0.8914781262759169,0
90,26,23,3,10622956.281331416,26798458.09085693,622134.6849817506,3057115.061939663,24,0.39640177227044826,0.985859298328677,0.7692307692307693,8932819.363618976,3540985.427110472,0.39640177227041873,0.39640177227041873,0.3390198437135761,4.7317146420578124,0.9390233369412015,0
90,24,21,3,4310947.149152323,8672133.558902651,181716.1004062637,1057895.151330123,23,0.49710340827561256,0.9914291879509308,0.75,2890711.1863008835,1436982.3830507742,0.497103408275498,0.497103408275498,0.3295639165969054,5.595784018858133,0.9357994348816351,0
90,22,19,3,1197181.091799423,5843036.750275953,211175.25720347863,690453.9019064906,22,0.20489022112391783,0.9977963320270187,0.8636363636363636,1947678.916758651,399060.36393314105,0.20489022112384772,0.20489022112384772,0.3323912374605734,3.269577653398721,0.9766924248607238,0
90,26,23,3,1905962.4348143756,3014181.1552387737,42623.79693939994,364475.333369563,26,0.6323317467170481,0.8370790663806142,0.7692307692307693,1004727.0517462579,635320.8116047919,0.6323317467166284,0.6323317467166284,0.36775881024109425,8.550982304068361,0.9771138042329716,0
90,25,22,3,2566318.283414189,4430078.141088717,74550.39430698112,540615.4389614192,25,0.5792941347041166,0.9915431157553194,0.76,1476692.7136962388,855439.4278047296,0.579294134703855,0.579294134703855,0.33345461024243733,7.2516777943258,0.9424434244826191,0
90,24,21,3,788956.4188494314,3225983.575627827,101542.79819909988,368223.321412011,23,0.24456306126594077,0.9990808108156141,0.875,1075327.858542609,262985.4729498105,0.24456306126578914,0.24456306126578914,0.3335062377229506,3.5024984910489816,0.900111243263852,0
90,23,20,3,1342925.8775348838,5307358.408580464,172366.63178459046,620981.8995344548,23,0.25303093820901706,0.9156571397780359,0.8695652173913043,1769119.4695268215,447641.9591782946,0.2530309382089217,0.2530309382089217,0.318599408834542,3.602680478823209,0.9690135034618738,0
90,26,23,3,1704540.5050241381,3578770.0301742256,72085.75096731103,414137.3570020002,25,0.4762922709902876,0.9956348550723373,0.7692307692307693,1192923.3433914084,568180.1683413794,0.4762922709900214,0.4762922709900214,0.3342559471673667,5.570399120084505,0.9817246529649217,0
90,24,21,3,4420659.501310592,8438524.87471573,167411.05722521403,1035389.2672346701,23,0.5238663826844484,0.9918253871564081,0.75,2812841.6249052435,1473553.1671035306,0.5238663826843243,0.5238663826843243,0.33651616263163325,6.01088125659772,0.97184543381835,0
90,23,20,3,717504.9349341682,2796546.5616498413,90393.11420502925,328253.2834475968,22,0.2565682062202515,0.8919772600577835,0.8695652173913043,932182.1872166138,239168.31164472274,0.256568206220068,0.256568206220068,0.37976003576251777,3.496510235758121,0.956961935172011,0
90,28,25,3,2413029.3836422493,4014201.9770845487,57184.73548008211,464231.02861382073,26,0.6011230619228067,0.9995361741731972,0.7857142857142857,1338067.3256948495,804343.1278807498,0.6011230619225072,0.6011230619225072,0.3333336737071017,7.800933736890491,0.9882292147646797,0
90,21,18,3,1109634.509436244,4899313.698279117,180460.9137544225,593261.7980957914,20,0.22648774456425932,0.9907526723460941,0.8571428571428571,1633104.566093039,369878.1698120813,0.2264877445641669,0.2264877445641669,0.32943605326355047,3.142595728819987,0.9335668421717673,0
90,26,23,3,357291.414658668,862564.8879222069,19433.595125520722,97570.71224085487,26,0.4142197528106166,0.9994893886493036,0.7692307692307693,287521.6293074023,119097.138219556,0.41421975280965617,0.41421975280965617,0.3333658688322141,5.020723731539598,0.9178206415791559,0
90,23,20,3,1389710.5016051603,6238042.906985551,210797.06110349527,724428.8676059706,22,0.22277988823204425,0.9686677154495298,0.8695652173913043,2079347.6356618505,463236.83386838675,0.2227798882319728,0.2227798882319728,0.3279556579790984,3.3033631837299873,0.9999999999999998,0
90,23,20,3,1803050.1962388088,7816926.838989606,261472.8975109043,909267.9119546753,23,0.23065972515506303,0.9565208980298133,0.8695652173913043,2605642.279663202,601016.7320796029,0.23065972515500402,0.23065972515500402,0.31377212790504416,3.4774843611211304,0.885318427276882,0
90,20,17,3,648144.346032853,3337389.541189164,134462.25975781554,411036.84723951493,20,0.19420698064563208,0.9995462268259678,0.85,1112463.180396388,216048.11534428434,0.19420698064551567,0.19420698064551567,0.3332837597300959,3.056893792925912,0.9221427711734692,0
90,26,23,3,2031219.2043615107,7394078.594840455,206263.82271072862,816844.8603142007,25,0.27470890095469214,0.9649572696479458,0.7692307692307693,2464692.8649468184,677073.0681205036,0.27470890095461786,0.27470890095461786,0.3483684911222028,3.846326774042787,0.9447724834907603,0
90,23,20,3,1034646.1263612724,4096910.626896574,133141.93480588266,477756.3390950728,23,0.2525430063249313,0.9750947857938798,0.8695652173913043,1365636.8756321913,344882.04212042416,0.2525430063248081,0.2525430063248081,0.3431783137440656,3.5883235420008,0.9014514728891839,0
90,25,22,3,8842957.065791111,19371663.70721085,421148.2656567894,2320279.0372821908,22,0.45648929278588396,0.8085787984204948,0.76,6457221.23573695,2947652.355263704,0.4564892927858368,0.4564892927858368,0.3250129989013651,5.121025447635408,0.9716920451245756,0
90,26,23,3,539415.1026192392,1446092.8863967583,34872.22245298151,164544.41928339796,25,0.3730155287347629,0.8331100969848633,0.7692307692307693,482030.96213225275,179805.03420641308,0.37301552873424704,0.37301552873424704,0.29378158168234986,4.590508823393952,1.0000000000000002,0
90,25,22,3,3875953.9284018506,9230933.28741793,214199.17436064317,1064759.3397061245,25,0.41988754633125613,0.9997999075004183,0.76,3076977.762472643,1291984.6428006168,0.4198875463311652,0.4198875463311652,0.3333502915763424,4.97088442511192,0.9772456834005279,0
90,25,22,3,4154619.725658931,10042041.956136439,235496.8892191003,1167690.727909475,24,0.413722601818023,0.962085377462977,0.76,3347347.3187121465,1384873.2418863103,0.4137226018179406,0.4137226018179406,0.35106234150202403,4.864869194937958,0.978529373157797,0
90,27,24,3,2160587.5880454,5414888.891905976,120529.67792076209,602497.5396691211,26,0.399008665029967,0.9786128609678728,0.7777777777777778,1804962.9639686588,720195.8626818,0.39900866502981963,0.39900866502981963,0.33237736456009404,4.870572587098673,0.9832992814095001,0
90,24,21,3,1420426.3857626547,6001998.102230478,190898.82151949266,686283.9135295157,24,0.23665891950791446,0.9282780915929439,0.875,2000666.034076826,473475.4619208849,0.2366589195078356,0.2366589195078356,0.31403866601076763,3.5950138825547664,0.9817167778300698,0
90,21,18,3,217734.51774592046,898066.2572145313,32396.74949850527,109021.9792397749,21,0.24244816682124298,0.9977518652378411,0.8571428571428571,299355.41907151043,72578.17258197349,0.24244816682070305,0.24244816682070305,0.3343502817315544,3.365213514443471,0.8448174407193537,0
90,21,18,3,991747.3310654754,5185900.050239425,199721.55805590245,627490.71314092,21,0.19123919116402882,0.9068134341448044,0.8571428571428571,1728633.3500798084,330582.44368849177,0.19123919116395505,0.19123919116395505,0.37717159680772633,3.1418276486814825,0.801098350513088,0
90,23,20,3,1714937.9051743583,7283856.885149974,242126.91217285293,847308.4749138734,23,0.23544365742145032,0.9729351698488599,0.8695652173913043,2427952.2950499915,571645.9683914528,0.2354436574213857,0.2354436574213857,0.3391777209364054,3.499439477035438,0.9999999999999999,0
90,23,20,3,1473781.8767359462,5806016.400549876,188358.02277451867,676876.7794034823,23,0.2538370157886763,0.9861579630113875,0.8695652173913043,1935338.8001832918,491260.6255786487,0.25383701578858886,0.25383701578858886,0.3320192213931852,3.593564900658203,0.9680413563585812,0
90,20,17,3,430534.0294153693,2483540.170567037,102650.30705758338,313856.691102511,18,0.17335496905487835,0.7660214534152641,0.85,827846.7235223457,143511.34313845643,0.17335496905473874,0.17335496905473874,0.40379256809734837,2.8091614184129856,0.8726059823206642,0
90,21,18,3,407324.7295059028,1963130.2396494546,74085.97667350246,242083.711279394,21,0.2074873695483541,0.801350990379105,0.8571428571428571,654376.7465498182,135774.90983530093,0.2074873695481427,0.2074873695481427,0.25830993210578296,3.267605046809215,0.9223012137663649,0
90,25,22,3,3212157.656319712,5333196.699674007,84841.5617341718,655372.2696387309,24,0.6022949906414391,0.9999388466508814,0.76,1777732.2332246688,1070719.2187732372,0.6022949906412132,0.6022949906412132,0.3333618757368923,7.592532957864975,0.9999999999999997,0
90,22,19,3,286281.0488176534,1249580.8042190713,43786.35251824627,148231.1239276257,22,0.22910166981665211,0.9867452907790575,0.8636363636363636,416526.93473969045,95427.01627255113,0.22910166981628544,0.22910166981628544,0.33231201653957687,3.3853270573855356,0.9999999999999998,0
90,24,21,3,796862.5984505092,3658302.186067038,119226.64948402205,416692.5543653473,23,0.2178230659799543,0.94488894686113,0.875,1219434.062022346,265620.86615016975,0.2178230659798352,0.2178230659798352,0.3464574037535259,3.388881725191122,0.9709428627317043,0
90,23,20,3,2074047.3547156595,6146690.994649721,177071.4626058288,728561.2381413567,22,0.33742502372750477,0.9115290607073513,0.8695652173913043,2048896.9982165738,691349.1182385532,0.33742502372739497,0.33742502372739497,0.2916486838961314,3.9769783429718384,0.7888827351284543,0
90,24,21,3,2630329.665385059,7996291.4943838725,223581.74287495052,940204.8467414378,24,0.3289436943653342,0.8124568061524504,0.875,2665430.4981279573,876776.5551283531,0.328943694365252,0.328943694365252,0.3184237963135737,4.205195087253122,0.9337035938102627,0
90,26,23,3,1026105.8008529722,1682968.3993270798,25263.94609515798,202898.73418540828,26,0.6096999808568253,0.9893105801563417,0.7692307692307693,560989.46644236,342035.2669509907,0.6096999808561007,0.6096999808561007,0.33025291860428724,8.031157658947988,1,0
90,21,18,3,1843751.1153276882,7738544.248189209,280704.43489816773,939133.164544385,21,0.23825554990641565,0.9758870210723951,0.8571428571428571,2579514.749396403,614583.7051092294,0.23825554990635414,0.23825554990635414,0.3430646491948712,3.345629950170657,0.935034811408214,0
90,22,19,3,754583.5564564323,3831742.4813036667,139870.86022032888,452390.93371750443,21,0.19692961104199905,0.9656688565902177,0.8636363636363636,1277247.493767889,251527.8521521441,0.19692961104189624,0.19692961104189624,0.34513448147044273,3.1346648168522675,0.9999999999999999,0
90,24,21,3,1324134.621257378,6240465.628872398,204847.12531729252,709170.1213832723,24,0.21218522783474192,0.9852743344612265,0.875,2080155.2096241328,441378.2070857927,0.21218522783467392,0.21218522783467392,0.33996699049301415,3.4619481248826904,0.9182995841964714,0
90,23,20,3,770412.1574655772,3885400.471131148,135434.27450719872,449362.5333282377,22,0.19828384826470427,0.9991573343116891,0.8695652173913043,1295133.4903770492,256804.05248852575,0.1982838482646022,0.1982838482646022,0.3330231092130092,3.2009048762132433,0.9521726605413084,0
90,24,21,3,4714998.122975889,9228360.868911881,188056.78108066643,1131556.0031523476,23,0.5109247665919814,0.933586505378352,0.75,3076120.2896372937,1571666.040991963,0.5109247665918707,0.5109247665918707,0.3027240411699455,5.823094596929949,0.9561947535827959,0
90,23,20,3,1659849.700817444,7450990.3843330685,251788.72537024453,864871.9291793632,23,0.22276900320624862,0.9938595996213716,0.8695652173913043,2483663.461444356,553283.2336058146,0.2227690032061889,0.2227690032061889,0.3347632443969724,3.434911265006688,0.9056471409860805,0
90,22,19,3,876940.4285230071,3513962.908868751,119864.65819753382,421102.5402166608,22,0.24955881757018053,0.8832316633147566,0.8636363636363636,1171320.969622917,292313.4761743357,0.24955881757003848,0.24955881757003848,0.3804733823043349,3.513150135707072,0.8751067961972847,0
90,23,20,3,386974.7217957206,1419031.283056092,44872.02440262483,166778.9716138135,23,0.27270344665132473,0.8996749210027886,0.8695652173913043,473010.427685364,128991.57393190685,0.2727034466509404,0.2727034466509404,0.32929041383160235,3.7167694979311174,0.9408096462884828,0
90,22,19,3,2128990.8195511466,9447538.376132652,332661.2525718868,1120074.7017388768,21,0.2253487347486619,0.9810397410873987,0.8636363636363636,3149179.458710884,709663.6065170489,0.22534873474861425,0.22534873474861425,0.33596726136943206,3.255486071030572,0.8028904506487053,0
90,23,20,3,984850.3419046234,3012846.0606217477,88173.72690074451,356454.87891881866,22,0.3268837245873284,0.913332770387927,0.8695652173913043,1004282.0202072492,328283.44730154116,0.3268837245871114,0.3268837245871114,0.3727468386757762,3.918889841822761,1.0000000000000002,0
90,21,18,3,831493.6148248332,4991944.725671868,198116.71956414456,603174.3917630317,21,0.16656707165617815,0.8814502712534428,0.8571428571428571,1663981.575223956,277164.5382749444,0.16656707165611143,0.16656707165611143,0.34480001692054746,3.044540577327177,0.894270605619283,1
90,26,23,3,1771141.948531557,4446014.528262201,102879.71460502477,503032.48994116584,23,0.39836620804373285,0.9961273523673934,0.7692307692307693,1482004.842754067,590380.649510519,0.39836620804355366,0.39836620804355366,0.33420619744701696,4.5799606012364755,0.9652134098914075,0
90,22,19,3,2312371.8344276883,12183367.293823682,448681.61179072707,1441887.121460528,22,0.18979743273435973,0.9127071740897701,0.8636363636363636,4061122.4312745607,770790.6114758961,0.18979743273432856,0.18979743273432856,0.329340576187901,3.213608678328979,0.889044332770766,0
90,23,20,3,661919.1888175424,2589333.412719643,83800.61843052611,305837.7842660602,22,0.2556330465461596,0.8461352295693603,0.8695652173913043,863111.1375732144,220639.72960584747,0.25563304654596214,0.25563304654596214,0.34903196939560127,3.5125923477539054,0.9022722462081154,0
90,21,18,3,1102900.4108964324,5392419.1425004965,204262.79674305065,651020.4816862794,21,0.20452794594613177,0.9680004866768638,0.8571428571428571,1797473.0475001654,367633.4702988108,0.20452794594605594,0.20452794594605594,0.33328469679567774,3.1871710955864065,0.8607542068953957,0
90,23,20,3,1274573.9854930863,5423041.322585175,180368.14509096032,630628.6349671513,23,0.23502936999293583,0.9988325379680361,0.8695652173913043,1807680.440861725,424857.9951643621,0.23502936999284915,0.23502936999284915,0.3330148626950453,3.496341522199647,0.9026104702251637,0
90,25,22,3,2178792.085742288,4223727.12747129,81797.40166916004,504423.392410673,24,0.5158458442002138,0.8809059306934708,0.76,1407909.04249043,726264.0285807626,0.5158458441999696,0.5158458441999696,0.38870911944251213,5.950423359787476,0.9616116896788476,0
90,24,21,3,3112018.435083946,11594861.18457762,353451.781228903,1329972.191570948,24,0.26839635124075384,0.9462422556006601,0.875,3864953.72819254,1037339.4783613154,0.26839635124070754,0.26839635124070754,0.3314331294083746,3.762810833610898,0.865620827935372,0
90,25,22,3,5583898.3989957515,11572875.530642722,239559.08526587876,1384121.6269041162,24,0.48249878642608685,0.8315824519276711,0.76,3857625.1768809073,1861299.466331917,0.48249878642600347,0.48249878642600347,0.29576533517919235,5.669753596211863,0.9768398624548844,0
90,25,22,3,1493179.6136663451,4318941.831720337,113030.48872215967,499602.75539079716,24,0.34572811393276637,0.8253192110395458,0.76,1439647.2772401124,497726.5378887817,0.3457281139326063,0.3457281139326063,0.3020215398518726,4.329240629003367,0.9393233921878158,0
90,28,25,3,3163326.110032767,6516322.968622732,119749.88780678446,718484.2568000632,26,0.4854464895715369,0.9995729552770957,0.7857142857142857,2172107.6562075773,1054442.036677589,0.485446489571388,0.485446489571388,0.3335325969905363,5.685286038965776,0.9902777936711371,0
90,23,20,3,857339.7378197033,3963771.6541161793,135062.2572302816,460428.40205184306,23,0.21629392725718255,0.9443598602093781,0.8695652173913043,1321257.2180387264,285779.9126065678,0.21629392725707344,0.21629392725707344,0.3420633097071152,3.4090086415733603,0.9607591000291561,0
90,26,23,3,1751638.9082893245,4460656.117623908,104192.96958979167,504558.34855074115,25,0.3926863811286109,0.991297952913714,0.7692307692307693,1486885.3725413028,583879.6360964415,0.39268638112843485,0.39268638112843485,0.3329451274458635,4.748485654941097,0.9149856590920107,0
90,21,18,3,1678796.5720792026,7253883.127246136,265480.3121508063,879556.5013830746,19,0.23143419085059197,0.9730444865619737,0.8571428571428571,2417961.0424153786,559598.8573597342,0.23143419085052822,0.23143419085052822,0.34406453658648445,3.068230522904179,0.952472246882636,0
90,25,22,3,1155881.6615996899,4244313.679784324,123537.28072738541,477406.9953100245,24,0.27233653042773076,0.9741271395466082,0.88,1414771.2265947748,385293.8871998966,0.2723365304276024,0.2723365304276024,0.3255629697780055,3.7266289898189346,1,0
90,27,24,3,6060137.152816953,10193735.29258767,153096.22739891542,1188712.8951884885,27,0.5944962252671954,0.9989856532456882,0.7777777777777778,3397911.7641958897,2020045.7176056511,0.5944962252670788,0.5944962252670788,0.332991945564107,7.764481956066445,0.9696436615384633,0
90,25,22,3,682934.6551746919,2485578.5091086663,72105.754157359,280726.69343121385,22,0.2747588348836018,0.9086702306581026,0.76,828526.1697028888,227644.88505823063,0.2747588348833807,0.2747588348833807,0.2984675264824834,3.6191692112527463,0.9184107854367142,0
90,26,23,3,1555339.7960646094,3146277.627403898,61189.916589972636,362904.9177239589,25,0.49434283310448973,0.9998426033667597,0.7692307692307693,1048759.2091346327,518446.59868820314,0.4943428331041755,0.4943428331041755,0.33329059336504924,5.722532013589905,0.9999999999999999,0
90,26,23,3,3202258.748394843,6093230.300687914,111191.21354973348,713737.3461846083,24,0.5255436919941774,0.9481360368796794,0.7692307692307693,2031076.7668959713,1067419.582798281,0.5255436919940049,0.5255436919940049,0.3370642911353947,6.197828820758037,0.9607460131104099,0
90,23,20,3,1200157.0731964495,4581416.881122849,147011.29599679998,534744.0295153494,23,0.2619619878167568,0.9855118043000979,0.8695652173913043,1527138.960374283,400052.35773214983,0.2619619878166424,0.2619619878166424,0.3317200198299344,3.6374349731829576,0.8394208708243298,0
90,22,19,3,1897121.652799781,6496627.15651314,209068.43198697083,786472.3783140709,21,0.29201639667708884,0.8573493478612212,0.8636363636363636,2165542.38550438,632373.8842665936,0.29201639667699897,0.29201639667699897,0.2841204416682886,3.5930849479589657,0.8640382639757264,0
90,25,22,3,1987966.2232974186,5851174.344591208,154528.32485175156,666209.6287511507,23,0.33975508269288596,0.9188107816111047,0.76,1950391.4481970693,662655.4077658062,0.3397550826927698,0.3397550826927698,0.3665782026656349,4.011126770423229,0.9523511085655676,0
90,22,19,3,1038313.7723094157,4821779.280038703,171975.7048967858,583940.9007520338,21,0.21533830397580248,0.7906540388730433,0.8636363636363636,1607259.7600129012,346104.59076980525,0.21533830397571316,0.21533830397571316,0.29592542876430267,3.2797022638067963,0.9439049140959994,0
90,25,22,3,2617739.119265375,6974998.4453986315,174290.37304533029,805581.7596826938,25,0.37530318318449346,0.9001054136217976,0.76,2324999.481799544,872579.7064217917,0.3753031831843859,0.3753031831843859,0.36212851765012843,4.622066873817248,1,1
90,22,19,3,1014375.4966826148,4053203.2842804384,138128.53579990112,482514.0727491783,22,0.25026514229286817,0.9661079401209994,0.8636363636363636,1351067.7614268127,338125.1655608716,0.2502651422927447,0.2502651422927447,0.32777028914611,3.4932251323120913,0.9644449209596326,0
90,20,17,3,338319.67713595764,1747997.4479533387,70483.88854086905,215263.7869746745,20,0.19354700862514945,0.9876581138742894,0.85,582665.8159844462,112773.22571198588,0.19354700862492802,0.19354700862492802,0.3353870708121667,3.054085003366448,0.8847213735133964,0
90,24,21,3,4955756.465626045,8049460.825381878,128904.34832315975,1017102.835629181,22,0.6156631572140512,0.8355617818487903,0.75,2683153.608460626,1651918.8218753485,0.6156631572138983,0.6156631572138983,0.2796584004398984,7.613548802449101,0.9863223847047806,0
90,26,23,3,4012476.272407247,5727955.9484335715,65979.98753947401,708744.8625761338,26,0.7005075298290032,0.9518583364921163,0.7692307692307693,1909318.6494778572,1337492.0908024157,0.7005075298287586,0.7005075298287586,0.33459691399241415,10.74181564737898,0.9896669877278621,0
90,24,21,3,1168547.7549972509,1817392.069538241,27035.17977254125,233057.8811669402,22,0.642980551408211,0.8737889300630832,0.75,605797.356512747,389515.918332417,0.6429805514075034,0.6429805514075034,0.28611987407036854,8.22456386133463,0.9899990673242074,0
90,24,21,3,2292351.3550568647,4537426.036378166,93544.77838838754,551407.5336532887,23,0.5052096357445299,0.9995773840724953,0.75,1512475.3454593886,764117.1183522883,0.5052096357443073,0.5052096357443073,0.33319616126869367,5.669768760765255,0.8934313879894568,0
90,23,20,3,1702109.251271732,7488360.496880893,251576.14111344187,872264.3827729058,22,0.22730065572837735,0.9268287924014256,0.8695652173913043,2496120.165626964,567369.7504239107,0.2273006557283167,0.2273006557283167,0.29918267860048775,3.3244695136706475,0.929815692762571,0
90,26,23,3,1651654.9816304115,3025447.068661793,52838.15719351467,353763.24190241954,26,0.5459209644544932,0.9964737201668641,0.7692307692307693,1008482.3562205978,550551.6605434705,0.5459209644541324,0.5459209644541324,0.3349275319024877,6.6952229352000385,0.9882357600487021,0
90,21,18,3,797037.4677036385,2800134.9214995066,95385.5930378985,356771.74642927875,20,0.28464252260977857,0.7151711873035203,0.8571428571428571,933378.3071665022,265679.1559012128,0.28464252260957523,0.28464252260957523,0.3110426259774666,3.5779877390273502,0.9314896641013208,0
90,21,18,3,1420869.52541077,6903938.712837314,261098.53273459736,833461.5989058743,21,0.2058056400136595,0.9972179765134356,0.8571428571428571,2301312.904279105,473623.1751369233,0.2058056400135999,0.2058056400135999,0.3320221978362188,3.192134364653374,0.8804887015837697,0
90,27,24,3,4388650.176331037,7373846.528590054,110562.82786144514,860642.78236338,25,0.5951642957735371,0.9953504575997433,0.7777777777777778,2457948.8428633516,1462883.3921103457,0.5951642957733758,0.5951642957733758,0.3352358937597219,7.412123809549905,0.9688049837931395,0
90,24,21,3,1581002.7289727607,2569727.7267587204,41196.87490774831,332223.9286865622,22,0.61524133958204,0.7927955469081582,0.75,856575.9089195734,527000.909657587,0.6152413395815612,0.6152413395815612,0.2588292601169681,7.794763645000332,0.9802637777621671,0
90,23,20,3,782796.0550515781,2917693.912598767,92821.64598031255,341563.41874249734,22,0.2682927265506338,0.9411433291932836,0.8695652173913043,972564.6375329223,260932.01835052602,0.2682927265504499,0.2682927265504499,0.3246567110532186,3.556644972958035,0.9634210317741069,0
90,22,19,3,657702.6529375738,2821502.284005138,98354.52868488929,334760.76532047,22,0.23310371097900665,0.9999961164307601,0.8636363636363636,940500.761335046,219234.21764585795,0.2331037109788414,0.2331037109788414,0.33333384234231084,3.403613130917249,0.8032579246116716,0
90,25,22,3,2839221.613214188,5061710.152380097,88899.54156663636,614072.6524548562,20,0.5609214134631118,0.9969560031189426,0.76,1687236.7174600323,946407.2044047293,0.5609214134628902,0.5609214134628902,0.33417455552405434,6.059341323088315,0.9709700231802361,1
90,21,18,3,669441.6872590823,3603232.4660614002,139704.32280011039,433488.81965193426,21,0.18578920276843694,0.9993717974294244,0.8571428571428571,1201077.4886871334,223147.22908636078,0.1857892027683338,0.1857892027683338,0.3333605907045175,3.1029019786958862,0.9740216235408747,0
90,20,17,3,960711.7718700666,4322791.882162113,168104.00551460224,534860.177505291,19,0.22224335523396263,0.9987523147060897,0.85,1440930.627387371,320237.2572900222,0.22224335523385982,0.22224335523385982,0.33391936116970167,3.052194932212676,0.9293429153584505,0
90,25,22,3,1677100.7377547936,3666580.65141269,79579.19654631587,432642.1036833604,23,0.4574018403517646,0.9598397518836527,0.76,1222193.5504708968,559033.5792515979,0.45740184035151504,0.45740184035151504,0.31565952883529086,5.146290834361745,0.982415374398342,0
90,25,22,3,3274831.4449606366,7989562.830330286,188589.25541478593,941145.8687320079,24,0.40988869034588293,0.8306973212952883,0.76,2663187.6101100952,1091610.4816535455,0.4098886903457804,0.4098886903457804,0.3424715171270216,4.8982297782122215,0.9281694506996878,0
90,26,23,3,2724588.8991772514,5959089.782802096,124403.8801394171,688028.6069250149,24,0.4572156148813103,0.8409936387836403,0.7692307692307693,1986363.2609340318,908196.2997257505,0.4572156148811569,0.4572156148811569,0.2957419641287876,5.267402683358379,0.9394676391008804,0
90,25,22,3,2679504.6677612956,4629885.63685721,78015.23876383653,562342.0979520691,24,0.5787410052701817,0.9788473274522348,0.76,1543295.2122857366,893168.2225870985,0.5787410052699317,0.5787410052699317,0.3269494546962899,7.087473703186406,0.971307823899643,0
90,22,19,3,1709260.2288286919,7652811.529842585,270161.4227733588,906871.2053802635,22,0.22335062377573373,0.9999779083874639,0.8636363636363636,2550937.176614195,569753.409609564,0.22335062377567538,0.22335062377567538,0.3333405549101307,3.356775353295686,0.9297505240279306,0
90,23,20,3,1244217.0512397173,6673375.276093127,236050.35760232224,782415.8833793745,23,0.18644493974388737,0.829504874880308,0.8695652173913043,2224458.4253643756,414739.0170799058,0.18644493974383153,0.18644493974383153,0.37721219818713114,3.3146142684274524,0.8214010155047544,0
90,26,23,3,3843625.491128563,7063375.055112053,123836.5216916726,826260.1684042503,25,0.5441627353974684,0.9359703849013867,0.7692307692307693,2354458.3517040177,1281208.4970428543,0.5441627353973143,0.5441627353973143,0.3613757158571507,6.558944595218293,0.9694441449294575,0
90,25,22,3,11351703.148898207,20997170.2701743,385818.6848510437,2542623.601118381,24,0.5406301421969388,0.9719928112793967,0.76,6999056.756724766,3783901.0496327356,0.5406301421968872,0.5406301421968872,0.3423223694908048,6.477334506681846,0.941795775678986,0
90,21,18,3,920505.2200343782,4310357.324798786,161421.5287983051,522426.6624209438,21,0.2135565918719129,0.9269990550568006,0.8571428571428571,1436785.7749329286,306835.07334479276,0.21355659187181383,0.21355659187181383,0.3025009051845227,3.2364125547991507,0.8642685000447755,0
90,23,20,3,519860.2260927808,2271350.545256802,76151.75300713135,265742.39146105654,22,0.22887714411945864,0.8842008150475203,0.8695652173913043,757116.8484189339,173286.74203092695,0.2288771441192571,0.2288771441192571,0.3492897512996894,3.356593474360334,0.9538015156991233,0
90,22,19,3,1761898.1990934352,7939254.126703417,280788.9058004537,940470.7991477345,20,0.22192238351045185,0.9875835750920329,0.8636363636363636,2646418.0422344725,587299.3996978117,0.22192238351039595,0.22192238351039595,0.33891267359237087,3.103452068327933,0.9202670523865059,0
90,26,23,3,3850023.7566799396,6510298.77051484,102318.2697628808,782202.7779709423,25,0.5913743581348548,0.9502855930719987,0.7692307692307693,2170099.5901716133,1283341.2522266465,0.5913743581346732,0.5913743581346732,0.3457601657047372,7.460633749267208,0.9918712296842233,0
90,26,23,3,3770516.3837236036,9136969.879051974,206402.0575126296,1052226.0681648336,26,0.41266595311512716,0.8798649033079398,0.7692307692307693,3045656.626350658,1256838.7945745345,0.41266595311503684,0.41266595311503684,0.27730279914732137,5.097943697074583,0.9637355424402709,1
90,21,18,3,1159120.8596813122,5597745.439657339,211363.07523695362,675920.7667876257,20,0.20706923388643048,0.9814614208469652,0.8571428571428571,1865915.1465524463,386373.6198937707,0.20706923388635648,0.20706923388635648,0.33216238697203276,3.0833099973471487,0.854130847337263,0
90,27,24,3,3438111.8456723336,7411319.983611744,147155.85696071893,843802.4877474934,24,0.4639000681760311,0.9539498727743189,0.7777777777777778,2470439.994537248,1146037.2818907779,0.463900068175906,0.463900068175906,0.3539240005937385,5.2858764725468586,1,0
90,22,19,3,1394534.042528757,6352582.264386177,225365.82826624636,767371.7427778566,21,0.21952239018557365,0.8059377005993144,0.8636363636363636,2117527.421462059,464844.680842919,0.21952239018550457,0.21952239018550457,0.37370248573416914,3.284865126437071,0.8997251968632382,0
90,21,18,3,1174798.41933208,6722087.072635653,264156.6025382654,807229.7074967618,21,0.17476691489378168,0.9992174260832678,0.8571428571428571,2240695.690878551,391599.47311069333,0.1747669148937297,0.1747669148937297,0.33358430392448096,3.0558755667550335,0.9516989437991002,0
90,22,19,3,298660.72654621175,1271468.2770167424,44218.52502138776,153051.80806952997,22,0.23489435949336246,0.8380133883618334,0.8636363636363636,423822.7590055808,99553.57551540392,0.23489435949299298,0.23489435949299298,0.40937456529421123,3.4612599129446338,0.8930699551066866,0
90,28,25,3,1518377.8278186054,2506625.936022531,35294.57529299733,289519.2884787189,28,0.6057456782831085,0.9059287167627079,0.7857142857142857,835541.978674177,506125.9426062018,0.6057456782826252,0.6057456782826252,0.34493274334963847,8.202940142134489,0.9745147172895294,0
90,26,23,3,1197648.4349442888,2110701.1973923976,35117.41394031187,252024.34063419697,23,0.5674173286220334,0.8442220853034639,0.7692307692307693,703567.0657974659,399216.1449814296,0.5674173286214957,0.5674173286214957,0.3334552361775338,6.620248524823494,0.9493728712900119,0
90,24,21,3,298437.9106905823,1388967.342689113,45438.72633327212,159170.9441960523,22,0.21486315877850384,0.8765682658270249,0.875,462989.1142297043,99479.30356352743,0.21486315877819445,0.21486315877819445,0.34827945381345154,3.2696520599640353,0.8979507671901577,0
90,24,21,3,1922831.0036759074,4275751.064609059,98038.33587221468,523725.01097599725,22,0.44970602231523177,0.7551744576226277,0.75,1425250.3548696863,640943.6678919691,0.44970602231502144,0.44970602231502144,0.4383023681688241,5.074465253130898,0.9999999999999998,1
90,24,21,3,2265258.133141804,9049705.128559085,282685.2914757201,1033734.1114810475,23,0.2503129219086759,0.9917820793005274,0.875,3016568.3761863615,755086.0443806014,0.2503129219086206,0.2503129219086206,0.33386028479982616,3.5181792635885527,0.9605114111776695,0
90,23,20,3,1305861.912297891,6555120.067692818,228228.6154519533,758766.9492786458,23,0.19921250851432706,0.9643318511611876,0.8695652173913043,2185040.022564273,435287.304099297,0.19921250851426628,0.19921250851426628,0.32639382339034156,3.3245916502308925,0.9110720742374858,0
90,22,19,3,1393462.043260358,6701313.018380426,241265.95341454854,792956.3248689938,22,0.20793865910130582,0.9545120102636041,0.8636363636363636,2233771.0061268085,464487.34775345266,0.2079386591012438,0.2079386591012438,0.32250413413718204,3.286648255351769,0.8490282211702621,0
90,25,22,3,5354433.175289031,9257936.948364396,156140.1509230146,1125097.443280507,25,0.5783613784747609,0.9999265732547582,0.76,3085978.982788132,1784811.058429677,0.5783613784746359,0.5783613784746359,0.333367886130466,7.205689482316655,0.9682414844357067,0
90,27,24,3,585368.0930164568,2380498.0192841124,66486.29356546873,257813.7730785743,26,0.24590152492218784,0.9359221128327904,0.7777777777777778,793499.3397613708,195122.69767215228,0.24590152492198122,0.24590152492198122,0.3593199136851165,3.7468348218263534,0.9592458663427634,0
90,25,22,3,1430631.1221645814,2761932.981239594,53252.07436300052,331735.9878765592,24,0.5179818380393779,0.9479151893007122,0.76,920644.3270798647,476877.0407215271,0.5179818380390028,0.5179818380390028,0.3402083912766843,6.067472953028978,0.984942344869963,0
90,23,20,3,5246201.773544074,9114100.904929718,168169.5274515497,1159201.8798898384,21,0.5756137471229756,0.9277199941131122,0.7391304347826086,3038033.634976573,1748733.9245146913,0.5756137471228494,0.5756137471228494,0.3246435475177613,6.447361051420665,0.9442888363857597,0
90,22,19,3,240445.23534416262,1076957.630436363,38023.2906860091,127605.86194258832,22,0.2232634121794703,0.9886172191173348,0.8636363636363636,358985.87681212096,80148.41178138753,0.22326341217905568,0.22326341217905568,0.338469055730064,3.355992067940234,0.8329526210936347,0
90,22,19,3,238417.84154767793,1332406.3846356596,49726.75195854462,158013.39403813772,22,0.1789377807677597,0.880388499721216,0.8636363636363636,444135.4615452199,79472.61384922598,0.17893778076749112,0.17893778076749112,0.28472049028502144,3.177633523434028,0.8895422649157166,0
90,24,21,3,1043371.2200612283,4151184.5421002693,129492.22175162674,474323.8276316669,22,0.25134301052612057,0.9997758040714286,0.875,1383728.1807000898,347790.4066870761,0.25134301052599944,0.25134301052599944,0.3332569466629145,3.4477637268117443,0.9520822716986764,0
90,24,21,3,1049727.540269344,3985643.308276725,122329.8236669742,457172.23375011416,24,0.2633771913530697,0.9343577367943555,0.875,1328547.769425575,349909.18008978135,0.2633771913529375,0.2633771913529375,0.3026466889350913,3.7372099463738646,1.0000000000000002,0
90,22,19,3,1121469.72106642,4285040.644781028,143798.678350664,511349.12789348455,22,0.26171740574551,0.952388117909836,0.8636363636363636,1428346.881593676,373823.2403554733,0.2617174057453879,0.2617174057453879,0.35172869967381776,3.5560071466231755,0.8916622705349292,1
90,23,20,3,3104166.7324422956,14670747.035780922,502894.7957973316,1700139.3554076029,22,0.21158886625686063,0.9996436755233468,0.8695652173913043,4890249.011926974,1034722.2441474319,0.21158886625683176,0.21158886625683176,0.33330275977771934,3.2817279679843177,1.0000000000000002,0
90,26,23,3,1192343.8081995181,3159307.299434017,75652.44197055764,356727.0827893519,26,0.3774067209013655,0.9061564234365678,0.7692307692307693,1053102.4331446723,397447.936066506,0.37740672090112654,0.37740672090112654,0.3494735078495883,4.715341283014596,0.9396577419840468,0
90,25,22,3,4146436.74287702,9442848.312097427,211856.4627688162,1102657.4079816923,25,0.43910868901330286,0.9479767626335778,0.76,3147616.1040324755,1382145.5809590067,0.43910868901320993,0.43910868901320993,0.34293386290887595,5.204738121110512,0.9572524268737268,0
90,27,24,3,856640.5279965783,1971924.3433785816,41306.80797711123,220827.32493105734,25,0.43441855711787875,0.9999106837260014,0.7777777777777778,657308.1144595272,285546.8426655261,0.4344185571174381,0.4344185571174381,0.3333525417567474,5.077105099566505,0.9600371035724317,0
90,27,24,3,2515459.845267351,5329138.437973233,104210.318248366,602437.2648119752,26,0.47201998494592556,0.9998564054399346,0.7777777777777778,1776379.479324411,838486.615089117,0.4720199849457485,0.4720199849457485,0.3333407360393032,5.6859349722538015,0.9392810280983411,0
90,23,20,3,478074.60371616064,1851455.5278634974,59712.21409336245,216412.45741392966,23,0.25821554799513907,0.939416809363793,0.8695652173913043,617151.8426211658,159358.2012387202,0.25821554799486013,0.25821554799486013,0.322190772277758,3.6242577954308617,0.9388628315126609,0
90,25,22,3,2807757.7928713295,12428992.071535416,384849.37114656344,1390404.8967493114,23,0.2259039008723293,0.9513705269319511,0.88,4142997.357178472,935919.2642904432,0.22590390087229298,0.22590390087229298,0.32091142920338533,3.364819980916853,0.8661846715473266,0
90,25,22,3,1647481.6391255471,4509814.610255054,114493.31884518027,518513.8993594985,24,0.3653102802449806,0.9237502826711215,0.76,1503271.5367516847,549160.5463751823,0.3653102802448186,0.3653102802448186,0.309886556070244,4.389466046072963,0.9176779246599119,0
90,24,21,3,2525171.5887753633,5510716.000635579,124397.68382750904,659724.5573721501,21,0.458229309672947,0.9950535158476147,0.75,1836905.333545193,841723.8629251211,0.45822930967278075,0.45822930967278075,0.33139394371704733,4.860939376646874,0.9430850848797233,0
90,25,22,3,3128385.237378798,6815152.559184836,147470.69287224158,803900.7072943884,24,0.45903377953912256,0.9958188188190433,0.76,2271717.5197282787,1042795.079126266,0.4590337795389879,0.4590337795389879,0.33412685078849447,5.357660155012255,0.9826813942580372,0
90,25,22,3,4649846.8722055275,6939703.358518647,91594.25945252481,874087.2838942055,24,0.6700353937315003,0.9429048118153552,0.76,2313234.452839549,1549948.9574018426,0.6700353937313074,0.6700353937313074,0.3598477244110045,9.198970112723662,0.9627269295420475,0
90,26,23,3,878674.4533665611,1632298.1699832277,28985.52756217948,192047.61574416087,24,0.5383051145459848,0.9961129744711907,0.7692307692307693,544099.3899944093,292891.48445552035,0.5383051145453251,0.5383051145453251,0.3331373086398454,6.320266868284919,0.9806928833379648,0
90,24,21,3,1188274.766450482,2410816.9109116294,50939.25601921448,293761.791000705,23,0.4928929945163913,0.9610766927432804,0.75,803605.6369705432,396091.58881682734,0.49289299451598234,0.49289299451598234,0.32226545186194244,5.659629764457879,0.9319036450182513,0
90,25,22,3,1419369.6003311228,2540046.0340801785,44827.05734996224,308968.920498955,24,0.558796801824325,0.9274407783014594,0.76,846682.0113600595,473123.20011037425,0.5587968018238849,0.5587968018238849,0.32787270714666095,6.770507707730594,0.972439758514732,0
90,26,23,3,827266.9462650061,1778419.6938999007,36582.797985957484,205492.87558622588,25,0.4651696948150778,0.930353308089208,0.7692307692307693,592806.5646333002,275755.648755002,0.46516969481455467,0.46516969481455467,0.36029983926205655,5.519243887250972,0.9741121184588386,0
90,23,20,3,999722.7660896422,4426765.420934665,149001.85455847933,514083.5332437398,23,0.225835948153389,0.9989433775156746,0.8695652173913043,1475588.4736448883,333240.92202988075,0.22583594815328703,0.22583594815328703,0.333180435700672,3.450182111918112,0.9366894370635772,0
90,21,18,3,1907097.8225876132,8872329.922529772,331677.71904486464,1072554.0674360257,21,0.21494892990224,0.9983063141300208,0.8571428571428571,2957443.307509924,635699.2741958711,0.21494892990219155,0.21494892990219155,0.3334631261712146,3.233723599286186,0.9022193458163178,0
90,22,19,3,1641182.0625161151,8743315.321521314,322824.2390456909,1030311.2122753928,22,0.1877070655882929,0.9997740542238093,0.8636363636363636,2914438.4405071046,547060.6875053718,0.18770706558824998,0.18770706558824998,0.3332357613448052,3.191554684115204,0.8779887452905258,0
90,27,24,3,2949862.973948232,3422418.4287395477,17502.053881159816,445098.1101966137,26,0.8619235302077846,0.8450192069677923,0.7777777777777778,1140806.1429131825,983287.6579827439,0.8619235302072809,0.8619235302072809,0.4001895507751144,25.164539413287667,0.964959966109786,0
90,26,23,3,2218313.3397913966,2950389.5004239194,28156.77540894318,373914.46060768084,25,0.7518713510442984,0.8819695055043997,0.7692307692307693,983463.1668079732,739437.7799304655,0.7518713510437885,0.7518713510437885,0.29543499527071354,12.8672438300954,1,0
90,21,18,3,892906.144251225,4763716.649528945,184324.30977512948,573746.0768591609,20,0.18743897043904398,0.9629087135832315,0.8571428571428571,1587905.5498429816,297635.381417075,0.1874389704389653,0.1874389704389653,0.32455414192607995,3.008286233081029,0.8278116659857615,0
90,25,22,3,1171569.1090656451,2260722.411484196,43566.13209674205,270240.5061976249,25,0.5182277590179573,0.9958538134319834,0.76,753574.1371613987,390523.03635521507,0.5182277590174987,0.5182277590174987,0.3350299432960625,6.202995152090423,0.9814933524665852,0
90,26,23,3,1824282.1135644838,2752638.101031618,35705.99951796671,335837.07681446034,25,0.6627395417073269,0.9721371406506075,0.7692307692307693,917546.033677206,608094.0378548279,0.6627395417068453,0.6627395417068453,0.3267190519272366,9.273033478594542,0.9533738712002252,0
90,22,19,3,638834.4507470934,2586808.1142160078,88544.25743040523,307563.3308800987,20,0.2469585769567064,0.9968999417696243,0.8636363636363636,862269.371405336,212944.8169156978,0.2469585769565154,0.2469585769565154,0.33476356526528495,3.1871168596586688,0.881556596553508,0
90,22,19,3,713099.9229963758,3470628.2467493853,125342.19653422771,410808.6756775749,22,0.20546710056430412,0.9420826797654915,0.8636363636363636,1156876.082249795,237699.97433212528,0.20546710056418568,0.20546710056418568,0.3575964947714905,3.277497020423734,0.9056615239339875,0
90,20,17,3,2995884.404549363,14746275.640936093,587519.5618193365,1819560.114983317,19,0.20316210530016793,0.9748756728306985,0.85,4915425.213645364,998628.1348497877,0.20316210530014037,0.20316210530014037,0.3427865190403841,2.950581987150087,0.8741281413227846,0
90,22,19,3,250484.22084598258,1207285.4898076458,43490.9667709847,142700.63346576318,21,0.20747720647722206,0.9997247578194222,0.8636363636363636,402428.4966025486,83494.74028199419,0.20747720647687837,0.20747720647687837,0.3332245427446606,3.160659827415006,0.7876672231098393,1
90,25,22,3,888100.9164343299,2867513.1805353374,79176.49056404032,341535.73749228317,23,0.3097111889362686,0.6727575235211924,0.76,955837.7268451125,296033.6388114433,0.3097111889360525,0.3097111889360525,0.27190587704434505,4.111479208004554,0.9104200499383617,0
90,21,18,3,1785033.266882076,7154885.8301985,255707.26491982973,869760.1200591945,21,0.24948452138086788,0.9946257467237635,0.8571428571428571,2384961.9433995,595011.0889606919,0.24948452138079816,0.24948452138079816,0.33432633841320586,3.4013899461498815,0.8275014928906709,0
90,28,25,3,713532.5123669622,1958854.351157954,44475.77995682111,211302.85628259793,26,0.3642601155848067,0.9999880588618985,0.7857142857142857,652951.4503859846,237844.1707889874,0.36426011558443483,0.36426011558443483,0.333336594303452,4.545180396736359,0.9471979631511188,0
90,24,21,3,3237398.944529298,6337185.977699585,129157.79304876196,772315.4267384086,22,0.5108574935185934,0.9833215811393557,0.75,2112395.3258998618,1079132.981509766,0.5108574935184323,0.5108574935184323,0.3407796093236807,5.657038503979087,0.9699643254729517,0
90,25,22,3,5050616.445342232,9446274.777344951,175826.33328010875,1126043.0073553787,24,0.5346675344924982,0.9712390012370262,0.76,3148758.259114984,1683538.8151140772,0.5346675344923849,0.5346675344923849,0.34626456464493754,6.294070979499997,0.9396107045268266,0
90,26,23,3,2126702.091085525,3692894.2055295845,60238.158247848434,440921.607046005,26,0.5758903376924568,0.9765054908741791,0.7692307692307693,1230964.735176528,708900.6970285084,0.5758903376921449,0.5758903376921449,0.32254523068019186,7.319639575043516,0.9704041219159071,0
90,24,21,3,2104532.9350882233,3256649.669449226,48004.863931708445,416209.7867156335,23,0.6462263825397904,0.8608449739078219,0.75,1085549.8898164087,701510.9783627411,0.6462263825393934,0.6462263825393934,0.34311399636700446,8.537977757553037,0.9810266466755747,0
90,24,21,3,2601748.3318121745,7177299.428370567,190647.96235659966,862401.2617281846,22,0.3624968357217439,0.7434723827682638,0.75,2392433.142790189,867249.4439373915,0.36249683572164293,0.36249683572164293,0.21284616285245983,4.192535524749883,1.0000000000000004,0
90,22,19,3,939200.4707293841,4023363.0558170914,140189.20841307758,477503.78251470334,21,0.23343666919922335,0.9972674001747104,0.8636363636363636,1341121.0186056972,313066.82357646135,0.23343666919910727,0.23343666919910727,0.3320815910755602,3.2648471712134053,0.9624667411131433,0
90,23,20,3,2672950.46590844,11416448.339316836,380152.08145253884,1327348.1584016315,23,0.2341315255378413,0.9996548675772949,0.8695652173913043,3805482.7797722784,890983.4886361466,0.23413152553780034,0.23413152553780034,0.3332579791035447,3.491624071414841,0.9005991262913566,0
90,27,24,3,2961894.422114851,7342138.688944468,162231.2691418377,813326.9585314104,26,0.40341030694154045,0.9902887209438629,0.7777777777777778,2447379.5629814896,987298.1407049503,0.4034103069414306,0.4034103069414306,0.3348678691873801,4.923638124419733,1,0
90,25,22,3,1553867.7334588359,2993576.9677377385,57588.369371156106,359667.12112553034,25,0.5190672396950538,0.9475486860859265,0.76,997858.9892459129,517955.9111529453,0.5190672396947069,0.5190672396947069,0.30948003029254845,6.245481944474519,1.0000000000000002,0
90,23,20,3,1634469.5075126828,7609730.331491134,259793.94886862836,882362.9613329169,22,0.21478678432908307,0.9997085224310555,0.8695652173913043,2536576.7771637114,544823.1691708943,0.21478678432902665,0.21478678432902665,0.3332264130646734,3.2638229578158926,0.8172139646825612,0
90,23,20,3,1118533.8910532962,4308116.488030497,138677.50421640006,502701.88394020265,23,0.25963408699851254,0.9929389737248739,0.8695652173913043,1436038.829343499,372844.6303510987,0.2596340869983921,0.2596340869983921,0.3330664080157996,3.6249706596401805,0.8273654437289806,0
90,25,22,3,5518166.335572915,11359984.73737651,233672.7360721437,1347808.7958485377,22,0.4857547314669018,0.8846961560074074,0.76,3786661.579125503,1839388.778524305,0.4857547314668163,0.4857547314668163,0.3472090922155825,5.367055705282645,0.9493717796376749,0
90,26,23,3,2736346.132741354,5609754.768336167,110515.71675364667,649889.4816304386,26,0.48778355663352047,0.9783508363116031,0.7692307692307693,1869918.2561120556,912115.3775804513,0.48778355663334655,0.48778355663334655,0.34249641239494033,5.880516371017553,0.9405803509687012,0
90,21,18,3,389809.5798074648,2188237.4057820723,85639.42028450512,273718.73075856635,21,0.17813861456589505,0.7236545684707055,0.8571428571428571,729412.4685940241,129936.52660248826,0.17813861456573224,0.17813861456573224,0.3683008121797523,3.1961768289187567,0.7745942013210368,0
90,23,20,3,1767528.227768221,8149872.250053083,277493.21836021135,945394.3759628907,23,0.21687802870241207,0.9749799785223857,0.8695652173913043,2716624.0833510277,589176.0759227403,0.21687802870235884,0.21687802870235884,0.3432913872965156,3.406909839260562,1,0
90,25,22,3,2314830.138518025,4962770.02397197,105917.5954181578,589027.5372726581,24,0.46643913123842,0.8629086858547372,0.76,1654256.6746573234,771610.0461726751,0.46643913123823205,0.46643913123823205,0.3584118988068315,5.370841567133314,0.9670230388784697,0
90,22,19,3,858532.0724975244,3578263.967338838,123624.17703824156,433433.0263681364,21,0.2399297760963612,0.807856254334692,0.8636363636363636,1192754.6557796127,286177.35749917483,0.2399297760962271,0.2399297760962271,0.2733510952563614,3.3720646784448154,0.8999291398712997,0
90,22,19,3,1360029.0626934564,5707369.159378682,197606.36803114656,681281.0331912533,22,0.23829351575381083,0.9036893232051032,0.8636363636363636,1902456.3864595608,453343.0208978188,0.23829351575372731,0.23829351575372731,0.3783477034344611,3.447667400477816,0.916129994785394,0
90,24,21,3,1066188.348090918,4841520.656690395,157305.51285831156,552667.9112612222,23,0.220217659634965,0.9190040637123119,0.875,1613840.2188967986,355396.11603030603,0.22021765963487405,0.22021765963487405,0.3040952864184511,3.3754141765737815,0.944436322820387,0
90,23,20,3,2113189.1073465412,8546539.911058163,279710.90450920095,995922.9285103932,22,0.24725668274386564,0.971664204664439,0.8695652173913043,2848846.637019388,704396.3691155137,0.2472566827438078,0.2472566827438078,0.3447647885922213,3.424697193974116,0.9426359044737092,0
90,25,22,3,601047.5161378394,2272510.1261239033,66858.50439944255,255967.3939544571,24,0.2644861773015502,0.9247047397813266,0.88,757503.3753746344,200349.17204594647,0.26448617730131746,0.26448617730131746,0.32241950863173524,3.672483144211674,0.9370213299395933,0
90,25,22,3,548353.3917630321,1093855.1481883682,21820.070257013445,130580.56631086928,25,0.5013034794147179,0.9525959592131019,0.76,364618.38272945606,182784.4639210107,0.5013034794138013,0.5013034794138013,0.34328849957377033,5.984424649728771,0.9593600678829087,0
90,23,20,3,450911.2698421868,1981944.7808776617,66566.6743928467,230258.28752296994,23,0.22750950187536656,0.9696714108080324,0.8695652173913043,660648.2602925539,150303.75661406227,0.22750950187513694,0.22750950187513694,0.34586502174577527,3.459062505671075,0.8940122012041413,0
90,24,21,3,3967468.9279427216,17717353.163947485,572911.8431668651,2016472.8502374429,23,0.2239312436360857,0.9969888496228837,0.875,5905784.387982495,1322489.642647574,0.2239312436360604,0.2239312436360604,0.3339027549205755,3.406812928261486,0.927082067785501,0
90,22,19,3,3945909.4015846765,19829325.88372084,721973.4764607346,2340413.500371337,22,0.1989936231177645,0.9974262890167634,0.8636363636363636,6609775.294573613,1315303.1338615587,0.1989936231177444,0.1989936231177444,0.3337830277178065,3.2416890324576646,0.9003830196588207,0
90,24,21,3,977546.8903573904,4055835.147735846,128262.01072410228,463200.5170563118,23,0.2410223430562411,0.9598359604812975,0.875,1351945.049245282,325848.96345246345,0.24102234305612222,0.24102234305612222,0.3514817051978115,3.4848991782232943,0.9778422346097474,0
90,23,20,3,2296403.3648594073,11999659.116490638,421880.68485353177,1398263.8903187593,22,0.19137238337907142,0.8728262330375003,0.8695652173913043,3999886.372163546,765467.7882864691,0.19137238337903956,0.19137238337903956,0.27619514906218584,3.215162278162778,0.9763526034507322,0
90,21,18,3,461752.0447864342,2298805.739552204,87478.74736979857,277637.86970868765,21,0.20086605703193539,0.9439344078859064,0.8571428571428571,766268.5798507347,153917.34826214475,0.2008660570317606,0.2008660570317606,0.3203520465918403,3.1737750945593266,0.8818805016669904,0
90,24,21,3,5295553.605855253,11423649.90742633,255337.34589879483,1387367.892924681,22,0.463560565035544,0.9504226083374882,0.75,3807883.302475443,1765184.5352850843,0.4635605650354629,0.4635605650354629,0.3331229775526991,5.184266215694163,0.9734254566684293,0
90,24,21,3,2142085.4991152873,4465672.598963933,96816.12916036024,536900.62315538,23,0.47967813395271885,0.9245770413402993,0.75,1488557.5329879776,714028.4997050958,0.479678133952504,0.479678133952504,0.3554708736603134,5.433871155288149,0.9770758018551952,0
90,26,23,3,2226384.986253754,4723125.395382358,96028.47727417707,544360.9554887682,25,0.47137960563781445,0.9160827319799534,0.7692307692307693,1574375.1317941193,742128.3287512512,0.47137960563761483,0.47137960563761483,0.29394138783170876,5.455375588352848,0.9756518819036466,0
90,25,22,3,3155918.6691168505,7235000.858382259,163163.2875706164,848739.3318177805,23,0.4362015611180004,0.8647694332565523,0.76,2411666.952794086,1051972.8897056167,0.43620156111787983,0.43620156111787983,0.3116715210659397,4.921957043800654,0.9677677658279952,0
90,25,22,3,5656022.994684834,8490041.571770385,113360.74308342213,1076006.0669536202,21,0.6661949705276585,0.8314643737828957,0.76,2830013.857256795,1885340.998228278,0.6661949705275018,0.6661949705275018,0.3260869926301371,8.561353729153543,0.9750504249591104,0
90,23,20,3,1129552.0013700705,5174141.648531898,175851.72378964463,600158.2746294949,22,0.21830712765475782,0.9990456883225625,0.8695652173913043,1724713.882843966,376517.3337900235,0.21830712765467347,0.21830712765467347,0.3337065293670169,3.3077481909437356,1,0
90,25,22,3,3022390.555688042,8485567.314850952,218527.07036651636,971710.5408664842,25,0.3561801401773187,0.993718190137197,0.76,2828522.4382836507,1007463.5185626807,0.35618014017723476,0.35618014017723476,0.3331040675149914,4.446636928012041,0.9593134005776804,0
90,25,22,3,4212881.684172181,8994041.854989452,191246.40683269076,1105444.747610644,23,0.46840805858987783,0.7059238012615765,0.76,2998013.951663151,1404293.8947240605,0.46840805858977375,0.46840805858977375,0.23189955123136183,5.488259284795602,0.9862532888158544,0
90,23,20,3,2103218.5748538612,8464363.205160096,276571.5056654884,990431.0197170466,22,0.2484792445545621,0.9119251421027301,0.8695652173913043,2821454.401720032,701072.8582846205,0.24847924455450343,0.24847924455450343,0.37403562641588584,3.43560913151364,0.9511680688115783,0
90,23,20,3,7474045.597941518,13599036.67129359,266303.9597109597,1717835.447885311,20,0.5496011062105629,0.9933372348356431,0.7391304347826086,4533012.22376453,2491348.5326471725,0.549601106210482,0.549601106210482,0.33417330648974813,5.864965787065005,0.9109647368981493,0
90,25,22,3,1379363.118934184,3827128.241109183,97910.60488699995,443289.42195703863,24,0.36041727165485704,0.8561626418412971,0.76,1275709.413703061,459787.7063113947,0.3604172716546687,0.3604172716546687,0.3752078743932507,4.437996320182278,0.919279007508721,0
90,26,23,3,1426783.7421911051,2279849.3706006324,32810.21647728953,274680.4787502604,26,0.6258236884371837,0.9386089796064917,0.7692307692307693,759949.7902002108,475594.5807303684,0.6258236884366346,0.6258236884366346,0.30859598747730127,8.371797209323994,0.9532248560739031,0
90,21,18,3,783772.362019579,4706652.826999892,186803.83166572917,564486.0917092651,19,0.16652436260504977,0.9997357911666356,0.8571428571428571,1568884.2756666306,261257.45400652636,0.166524362604979,0.166524362604979,0.33334452021975786,2.786721245154452,0.8053692468934142,0
90,24,21,3,3816766.5118297446,6674463.199484133,119070.69531893289,834140.5838066412,22,0.5718462141081502,0.9305036789285753,0.75,2224821.066494711,1272255.5039432482,0.5718462141079789,0.5718462141079789,0.3531278141153272,6.68552707214419,0.9652446724280696,0
90,22,19,3,787561.9004943514,3825840.2784754494,138103.56263550447,452190.20173933764,20,0.20585331408763866,0.9799277226129417,0.8636363636363636,1275280.09282515,262520.63349811715,0.20585331408753102,0.20585331408753102,0.3290918222079305,3.036652427873022,0.9401022047790434,0
90,26,23,3,9708115.984877607,14871027.883868935,198573.53457658968,1841346.8680151065,25,0.6528207774667445,0.8905565360518368,0.7692307692307693,4957009.294622978,3236038.661625869,0.6528207774666567,0.6528207774666567,0.2818389313076083,9.133497867702358,0.9687827902943025,0
90,24,21,3,3896569.3874835805,9764225.470917977,244485.67014309985,1157474.6471726291,23,0.39906589612138976,0.9149851111814402,0.75,3254741.823639326,1298856.4624945268,0.399065896121308,0.399065896121308,0.3532440593553945,4.638778143587878,0.9566799231260028,0
90,22,19,3,1138426.6064088314,5641243.242566625,204673.4834617179,667985.9832220084,20,0.20180420475729635,0.9282622832672455,0.8636363636363636,1880414.414188875,379475.5354696105,0.20180420475722483,0.20180420475722483,0.3661574784761301,3.0373376516316593,0.9113234502848652,0
90,23,20,3,682022.5712461543,3354296.0629803725,116185.80398844424,389611.4376857256,23,0.20332807791568572,0.9194073224838802,0.8695652173913043,1118098.6876601242,227340.85708205143,0.20332807791556445,0.20332807791556445,0.3675831756669548,3.3533480365735797,0.9092025523625159,0
90,25,22,3,5566901.387500689,11098520.624102935,221264.76946408988,1319303.3995066404,24,0.501589497920147,0.9993897655060233,0.76,3699506.8747009784,1855633.7958335632,0.5015894979200567,0.5015894979200567,0.3335887202330858,5.794664084505165,0.9833043507868429,0
90,23,20,3,1875019.835366543,8033793.959009033,267772.7879844561,934059.0858316127,23,0.23339157625068005,0.9966641783341982,0.8695652173913043,2677931.3196696774,625006.6117888476,0.23339157625062198,0.23339157625062198,0.33313870065382417,3.488252457835056,0.9326691617823254,0
90,24,21,3,3142801.897347793,5192730.75942806,85413.70258667778,654723.549536146,22,0.6052310514349378,0.9369229074253941,0.75,1730910.2531426866,1047600.6324492643,0.6052310514347047,0.6052310514347047,0.33605690710837277,7.262595017918871,0.9487813929599413,0
90,23,20,3,759965.7961522313,3258104.594042293,108614.73034304618,380926.8094645269,22,0.23325395923189723,0.8965580514713012,0.8695652173913043,1086034.8646807643,253321.93205074375,0.23325395923175404,0.23325395923175404,0.3804656817441481,3.355395661126008,0.8910922505591176,0
90,25,22,3,1824173.2104199769,4515530.383016385,107654.28690385637,522005.40679847874,25,0.40397761850536384,0.9921073681885649,0.76,1505176.7943387951,608057.7368066589,0.4039776185051849,0.4039776185051849,0.3311701603891875,4.848904969848727,0.9213315003700105,0
90,24,21,3,7232229.828623239,11915512.580942394,195136.78134663147,1504740.7084282148,24,0.6069591869836821,0.9950531445967007,0.75,3971837.526980798,2410743.2762077465,0.6069591869835803,0.6069591869835803,0.33177339760275093,7.711210044750894,0.9819056600026941,0
90,24,21,3,1522862.9059695485,3722903.384421277,91668.35326882201,439360.13054755976,23,0.4090524917572814,0.999714631542368,0.75,1240967.7948070923,507620.96865651617,0.40905249175706165,0.40905249175706165,0.33319896287607287,4.6436056860390265,0.9605557147508644,0
90,23,20,3,673183.6176523784,3085727.276958619,104893.20257853219,358086.9430176248,23,0.2181604390896364,0.9667828601451294,0.8695652173913043,1028575.7589862063,224394.53921745947,0.21816043908949498,0.21816043908949498,0.3193740860570666,3.4138241011958415,0.8843938412143204,0
90,22,19,3,364543.2585347047,1638122.9792631974,57889.98730584059,194129.47657337974,22,0.22253717403955112,0.973084077367146,0.8636363636363636,546040.9930877325,121514.41951156822,0.22253717403927942,0.22253717403927942,0.3206576625930954,3.353420610448819,1,0
90,23,20,3,727829.5262304253,2907696.708009814,94776.83399040817,346644.70744734176,22,0.25031136301981827,0.7910969677828374,0.8695652173913043,969232.2360032713,242609.84207680845,0.25031136301964607,0.25031136301964607,0.41838614417305525,3.5059702432232402,0.8687974616689313,0
90,26,23,3,961180.9092574026,3569312.2333434736,100312.74323407965,396174.66051877785,26,0.26929022915901324,0.8900898682213455,0.8846153846153846,1189770.7444478245,320393.6364191342,0.26929022915886236,0.26929022915886236,0.3080850420165305,3.949395139063792,1,0
90,26,23,3,2206500.0357560217,3437911.9017141713,47361.99484454422,419427.0103651675,26,0.6418140135165188,0.9879544991351997,0.7692307692307693,1145970.6339047237,735500.0119186739,0.6418140135161454,0.6418140135161454,0.32855132434034606,8.855771631515788,0.9999999999999998,0
90,26,23,3,1292022.4343614918,3729870.448646958,93763.38516482562,418022.8196115023,26,0.3463987428383304,0.9030454165854509,0.7692307692307693,1243290.149548986,430674.14478716394,0.3463987428381446,0.3463987428381446,0.337913300523336,4.458273545395213,0.8956622451347769,0
90,25,22,3,908959.8943499837,1849877.9858593375,37636.72366037415,221957.32430622142,23,0.49136207971427176,0.8240239245542043,0.76,616625.9952864458,302986.6314499946,0.4913620797137406,0.4913620797137406,0.37979180299026677,5.556889979729291,0.9789697518905993,0
90,26,23,3,3344768.1248192526,8859387.576714706,212100.74814982506,998625.5683278159,26,0.377539428753517,0.9972951298141263,0.7692307692307693,2953129.1922382354,1114922.7082730841,0.3775394287534317,0.3775394287534317,0.3324586219597591,4.708260470715984,1.0000000000000002,0
90,26,23,3,1700940.0166293962,3881094.1799538573,83852.08320478693,441764.04165619053,25,0.43826300980131866,0.938352135058579,0.7692307692307693,1293698.059984619,566980.0055431321,0.4382630098010928,0.4382630098010928,0.3137633640174715,5.167114999052407,0.9618728362388309,0
90,26,23,3,2808924.085372129,6356848.5264089685,136458.6323475707,757812.6632770544,24,0.44187368531785187,0.7259457237943638,0.7692307692307693,2118949.5088029895,936308.0284573763,0.4418736853177129,0.4418736853177129,0.20697921769353675,5.296412177616944,0.9724041012559358,0
90,27,24,3,733949.9806127397,1732384.350274359,36979.050728208116,198388.99159472936,25,0.4236646333685015,0.7521826173060376,0.7777777777777778,577461.450091453,244649.9935375799,0.42366463336801236,0.42366463336801236,0.2879455987500684,5.179416493297289,1,0
90,26,23,3,2477547.3856347348,3651137.198093525,45138.06970995345,454971.39232717484,24,0.6785686900310759,0.9995075392870821,0.7692307692307693,1217045.7326978417,825849.1285449116,0.6785686900307042,0.6785686900307042,0.3334102695942427,9.585458901838717,0.9670245424198805,0
90,26,23,3,3137211.159886268,5924555.829424248,107205.56421299923,703297.289364051,25,0.5295268118336922,0.8475362476709035,0.7692307692307693,1974851.943141416,1045737.0532954227,0.5295268118335136,0.5295268118335136,0.37941642380920115,6.377334911766933,0.972458197281553,0
90,25,22,3,1140759.9717818832,1976413.4549555513,33426.13932694672,239572.44373964134,25,0.5771869083976465,0.816756352765445,0.76,658804.4849851838,380253.3239272944,0.5771869083970624,0.5771869083970624,0.27028539791412065,7.16721848698037,0.902483241145997,0
90,22,19,3,1389434.443625164,5674859.138158392,194792.03156969222,677692.3519771548,22,0.24484034049095693,0.9091019906369295,0.8636363636363636,1891619.712719464,463144.8145417213,0.24484034049087064,0.24484034049087064,0.3761797691431741,3.479055824371402,0.9999999999999998,0
90,23,20,3,1139980.9815678657,4773565.911322605,157981.95346759743,555995.2690922415,23,0.23881119539245535,0.9555535144346888,0.8695652173913043,1591188.637107535,379993.6605226219,0.2388111953923553,0.2388111953923553,0.34800687002142605,3.519359375453972,0.9286860624063881,0
90,24,21,3,1879407.881318672,4289529.507110888,100421.73440800908,510335.01245186053,24,0.4381384667485514,0.9369878422980246,0.75,1429843.1690369628,626469.2937728907,0.4381384667483471,0.4381384667483471,0.3617444383000467,5.081917927978718,0.8882975910147239,0
90,23,20,3,1288409.1776831679,6204405.581955828,213738.9740988113,737034.5809118649,23,0.20766037304685878,0.779692358793358,0.8695652173913043,2068135.193985276,429469.72589438927,0.20766037304679183,0.20766037304679183,0.40496752411734316,3.4482928722568222,0.8460933571167583,0
90,24,21,3,5237666.135389055,22078971.477587827,701721.0559249487,2594660.6552368226,23,0.23722419047941287,0.7594596206759074,0.875,7359657.159195942,1745888.7117963517,0.23722419047939136,0.23722419047939136,0.22600610433474536,3.5816363953269494,1,0
90,24,21,3,1436074.6926933967,5366685.919064419,163775.46776545927,618570.8777491642,24,0.2675905976892871,0.887631093675347,0.875,1788895.3063548065,478691.5642311322,0.26759059768918736,0.26759059768918736,0.33652649459783174,3.7769446559067967,0.8733027525862266,0
90,27,24,3,3233169.1671431367,4994361.8682452515,65229.35930007829,612832.1655870046,25,0.6473638179282452,0.7854845494105753,0.7777777777777778,1664787.2894150838,1077723.0557143788,0.6473638179279859,0.6473638179279859,0.2364021378575072,9.015866248698487,0.9594554175413742,0
90,22,19,3,524367.5898349028,2579035.991883814,93394.01827495049,304634.21560114535,22,0.20331922140089403,0.9888311765719001,0.8636363636363636,859678.6639612713,174789.19661163425,0.20331922140073633,0.20331922140073633,0.32981349847882596,3.261817204406446,0.9254760806369369,0
90,23,20,3,3084294.091125666,5719679.035373903,114581.95409774942,724949.9726731741,22,0.5392425120448219,0.9882998631616223,0.7391304347826086,1906559.6784579677,1028098.0303752221,0.5392425120446332,0.5392425120446332,0.32935134678399336,6.220822544242955,0.9359005768395303,0
90,26,23,3,721625.8583380624,1236307.7455291182,19795.45719965598,146252.47088332145,25,0.5836943600386775,0.9364410651290123,0.7692307692307693,412102.5818430394,240541.95277935415,0.5836943600377331,0.5836943600377331,0.3037406450420433,7.285526145819397,0.9570842869185556,0
90,25,22,3,971377.0758565383,3779749.984020845,112334.91632657226,444219.5132098126,24,0.25699506051004567,0.6966721938445649,0.88,1259916.6613402816,323792.3586188461,0.2569950605099097,0.2569950605099097,0.26959437947990367,3.8267845239315723,0.8953091602399583,0
90,25,22,3,1969019.6235085453,4800505.991642269,113259.45472534897,558664.9355735321,22,0.4101691836102733,0.9516615463015748,0.76,1600168.6638807564,656339.8745028485,0.41016918361010246,0.41016918361010246,0.3273734753633872,4.559262501086523,0.9999999999999999,0
90,28,25,3,1058864.854860304,3073580.874268282,71954.14355028495,331377.5547591481,27,0.3445052849348043,0.9178250937655461,0.7857142857142857,1024526.9580894274,352954.9516201013,0.3445052849345801,0.3445052849345801,0.3495586095287731,4.454667693825062,0.8905148558572112,0
90,26,23,3,1807415.537121597,4634781.109196243,108744.82969517866,523900.32605392043,24,0.38996783117437156,0.9557469021478324,0.7692307692307693,1544927.0363987477,602471.845707199,0.38996783117420325,0.38996783117420325,0.3427550926357301,4.641795246003151,0.9601030851595586,0
90,22,19,3,1044105.0900040586,4601477.926447771,161698.76529289602,545530.2410895783,21,0.22690646498653433,0.9965955130361492,0.8636363636363636,1533825.9754825903,348035.03000135283,0.22690646498643569,0.22690646498643569,0.33180892810107304,3.236719826504175,0.9210193928801008,0
90,23,20,3,1237734.1701910938,4656002.264976743,148620.35194720214,543916.9558582875,23,0.2658362474394137,0.9899268670725149,0.8695652173913043,1552000.7549922476,412578.0567303646,0.2658362474392995,0.2658362474392995,0.32866351526681026,3.6597743763105606,0.9146897921362406,0
90,21,18,3,2534204.6348812184,12505504.65899132,474823.81067190965,1521658.8831098038,20,0.20264713052255356,0.8731784260715552,0.8571428571428571,4168501.5529971067,844734.8782937395,0.20264713052252117,0.20264713052252117,0.2778335125568938,3.0786633581743277,0.9181818367956549,0
90,24,21,3,1713130.7239180026,5717280.5279617505,166839.5751684896,657916.0593541411,23,0.29964083720209644,0.9605669994953605,0.875,1905760.1759872502,571043.5746393342,0.29964083720199164,0.29964083720199164,0.31654226828722215,3.7866086297914894,0.9673735902491627,0
90,22,19,3,839661.3077102604,4403371.9995561475,161986.84962935853,529616.9404156381,22,0.19068598060638667,0.8062982844298826,0.8636363636363636,1467790.666518716,279887.1025700868,0.19068598060630004,0.19068598060630004,0.40704854142385083,3.269505775463768,0.853294962556512,0
90,22,19,3,445763.276852946,1895995.7311404198,65919.657013067,225351.3346508038,20,0.23510774287692585,0.9492147022586737,0.8636363636363636,631998.5770468066,148587.75895098198,0.23510774287667785,0.23510774287667785,0.31676148203976484,3.1514484445665434,0.8708329312920413,0
90,22,19,3,1044004.6237291635,3701890.179590982,120812.97981190085,442473.61562852596,21,0.2820193396024062,0.9860876361399188,0.8636363636363636,1233963.393196994,348001.5412430545,0.2820193396022538,0.2820193396022538,0.33737426419360234,3.504034143742208,0.8398850220205354,0
90,24,21,3,3321408.391022052,6490882.036731319,132061.40190455274,800032.0288311207,22,0.5117037056329153,0.8713390199661986,0.75,2163627.3455771063,1107136.130340684,0.5117037056327576,0.5117037056327576,0.27526273376904403,5.821779477472037,0.9824577699158837,0
90,20,17,3,318681.20940820756,1965014.048436874,82316.6419514333,240910.73058382267,20,0.1621775730619073,0.9534152720000187,0.85,655004.6828122913,106227.06980273586,0.16217757306174224,0.16217757306174224,0.3143760004818228,2.9266345767971567,0.8074951022000089,0
90,21,18,3,1531553.2114248425,8591169.800034884,336172.2185052402,1032556.9522699261,21,0.1782706251968673,0.9800028220362725,0.8571428571428571,2863723.2666782946,510517.73714161414,0.17827062519682582,0.17827062519682582,0.32433034873725597,3.0715118484746506,0.8267781621060938,0
90,22,19,3,708923.7930078765,2312668.0725946664,72897.467253945,281143.2966930727,21,0.3065393609261889,0.842089549379414,0.8636363636363636,770889.3575315555,236307.9310026255,0.30653936092592377,0.30653936092592377,0.2944270362129784,3.7219550678349616,0.8219021649856721,0
90,22,19,3,740559.2435440876,3276459.271337727,115268.18308152909,388307.39947475074,21,0.22602424819445502,0.9999915815778849,0.8636363636363636,1092153.090445909,246853.08118136253,0.22602424819431705,0.22602424819431705,0.3333313029470268,3.2443728977355812,0.9336659982830378,0
90,26,23,3,798482.68151523,2512237.2751168595,65913.63821544728,289200.3750956676,26,0.31783728767330305,0.7308350284716688,0.7692307692307693,837412.4250389532,266160.89383841,0.3178372876730499,0.3178372876730499,0.2524233480001535,4.3875650460378335,0.964151776891098,0
90,24,21,3,3675420.3925378765,6547757.698418979,119680.72107837921,806904.4377399274,23,0.5613250461947885,0.999574767384926,0.75,2182585.899472993,1225140.1308459588,0.5613250461946171,0.5613250461946171,0.3333042566508988,6.625019545068302,0.9525866687916041,0
90,25,22,3,1555793.5301061482,4077948.2106759977,100886.18722279399,482558.37172480696,21,0.3815138029543206,0.7853870683597831,0.76,1359316.0702253326,518597.8433687161,0.38151380295413345,0.38151380295413345,0.3734334472134731,4.3565325052168395,0.9771967625829294,0
90,25,22,3,1178883.1204739602,4369883.295688917,127640.00700859826,491106.03849834634,25,0.2697745089981489,0.9952330145657244,0.88,1456627.765229639,392961.04015798675,0.26977450899802546,0.26977450899802546,0.3334771776850622,3.8475870536532972,0.9053965116743538,0
90,25,22,3,7047281.800887419,13369942.052205916,252906.41005273987,1623349.97150082,22,0.5270989038972054,0.7962219045849571,0.76,4456647.350735306,2349093.93362914,0.5270989038971265,0.5270989038971265,0.3750969328565989,6.070279119472519,0.9556337360098958,0
90,25,22,3,2960323.556432282,5402667.749273552,97693.76771365078,657180.4681050881,25,0.5479373697984263,0.822662752657286,0.76,1800889.2497578505,986774.5188107607,0.5479373697982236,0.5479373697982236,0.2835800371891715,6.726943626789134,0.9708233193369954,0
90,22,19,3,2813719.969413497,8914234.781468559,277296.12782068463,1072807.7155005774,21,0.3156434667014279,0.9494699864345364,0.8636363636363636,2971411.593822853,937906.6564711657,0.31564346670135707,0.31564346670135707,0.33969631331815964,3.6742980576860793,0.8801944644730594,0
90,22,19,3,1947962.8011278736,7423157.705031763,248872.49563199497,889972.9160101486,22,0.26241700345490315,0.8932584317344835,0.8636363636363636,2474385.901677254,649320.9337092912,0.2624170034548325,0.2624170034548325,0.35452201547584994,3.576019574788874,0.9049665027291082,0
90,26,23,3,2129625.2981003723,4711638.17490579,99308.18756943916,542642.5416886103,25,0.4519925382730609,0.9139114496545129,0.7692307692307693,1570546.05830193,709875.0993667907,0.45199253827286906,0.45199253827286906,0.2941491427997283,5.36515565670715,0.9712158956727988,0
90,22,19,3,892818.2512842302,4169980.851971496,148961.93639487564,493783.8791961576,19,0.21410607937489853,0.9588713099625561,0.8636363636363636,1389993.617323832,297606.08376141003,0.21410607937479584,0.21410607937479584,0.3141315737377884,2.9404423826053945,1,0
90,24,21,3,664090.4212975302,2954810.4934635106,95446.66967358254,347002.3852204794,24,0.2247489044615126,0.7546727925897212,0.875,984936.8311545035,221363.4737658434,0.22474890446136048,0.22474890446136048,0.4057021443371453,3.6355630469198674,0.9999999999999998,0
90,26,23,3,2278064.6282079173,2851788.2697266843,22066.293904567952,373081.5150835063,25,0.7988196923278069,0.9084861352136784,0.7692307692307693,950596.0899088947,759354.8760693058,0.7988196923272467,0.7988196923272467,0.3404718371790295,16.510095283662366,0.9430125155415671,0
90,22,19,3,1181235.5968926542,5843607.487081887,211925.99500860152,690556.2283205882,22,0.20214150240305132,0.9693818552768962,0.8636363636363636,1947869.162360629,393745.1989642181,0.20214150240298215,0.20214150240298215,0.3477366609703008,3.2584781696521086,0.837343821139726,0
90,26,23,3,1482031.770221955,2511544.384550628,39596.63901264126,300143.7438116805,24,0.5900878277675885,0.9768187131657508,0.7692307692307693,837181.4615168759,494010.590073985,0.5900878277671187,0.5900878277671187,0.33498496312549525,7.208466515902317,0.9780371797591165,0
90,27,24,3,514465.4622444356,1631668.9356795214,41377.906423521694,179271.263784827,26,0.31530015127110766,0.8788514269150742,0.7777777777777778,543889.6452265071,171488.48741481188,0.3153001512707212,0.3153001512707212,0.38809652346550794,4.196955100431277,1,0
90,24,21,3,3170587.7414701115,5734800.783231771,106842.21007340244,708423.4870848475,24,0.5528679829193327,0.9911376790024556,0.75,1911600.2610772569,1056862.580490037,0.5528679829191399,0.5528679829191399,0.33729210429607814,6.630558152920254,0.9526920845981738,0
90,21,18,3,2059857.1779493191,8384373.468108539,301167.4423885343,1037071.9990024858,21,0.24567812798226463,0.8169522760188463,0.8571428571428571,2794791.1560361795,686619.0593164397,0.24567812798220603,0.24567812798220603,0.41878510127264723,3.4435063457527453,0.9537083727289026,0
90,25,22,3,1869101.3698929425,3709622.9947865643,73620.8649957449,448523.68846581667,25,0.5038521091009085,0.8338141555674801,0.76,1236540.9982621882,623033.7899643142,0.5038521091006368,0.5038521091006368,0.340297306671047,6.092344724361062,0.9326626166611542,0
90,22,19,3,655271.4606716115,3023103.6966821495,107628.73800047897,364805.2510577195,22,0.2167545431506547,0.8088079235566666,0.8636363636363636,1007701.2322273832,218423.82022387048,0.2167545431505113,0.2167545431505113,0.336657622716714,3.3894781062350336,0.8966096740902855,0
90,22,19,3,1090222.8084259594,4645169.321516821,161588.47786776646,557692.5327909258,22,0.23470033769828788,0.8513049353512641,0.8636363636363636,1548389.7738389403,363407.60280865314,0.23470033769818685,0.23470033769818685,0.40222036161889724,3.4513137331725714,0.9517348868549207,0
90,24,21,3,906757.7809703221,3833601.814228444,121951.83471908844,437935.81402060745,24,0.23652894194818222,0.9385628707550195,0.875,1277867.2714094813,302252.593656774,0.2365289419480588,0.2365289419480588,0.3184564203576989,3.5910555591540336,1.0000000000000002,0
90,24,21,3,1924923.502367557,7369863.938898174,226872.51818877566,843221.3972011711,24,0.26118847217891517,0.9967408953859658,0.875,2456621.312966058,641641.1674558524,0.26118847217884433,0.26118847217884433,0.3334971120813361,3.7167189923630515,0.9511892821787838,0
90,25,22,3,1116354.1712162662,2379247.9427542374,50515.750861518856,278470.0527096172,23,0.46920463864034956,0.9992789308334912,0.76,793082.6475847458,372118.05707208876,0.46920463863995515,0.46920463863995515,0.3332277365458058,5.25327886222703,0.9518881400942535,0
90,23,20,3,668360.5374939654,3218791.3351315088,110888.2955494584,372721.1374311941,23,0.20764332567909402,0.9998669393471366,0.8695652173913043,1072930.4450438363,222786.84583132179,0.20764332567896499,0.20764332567896499,0.333357979135921,3.3612306473012,0.9239270186091084,0
90,26,23,3,1792572.1520704364,3090475.716137414,49919.367848729904,369102.0957844999,25,0.5800311397723186,0.9698996091682014,0.7692307692307693,1030158.5720458046,597524.0506901455,0.5800311397719431,0.5800311397719431,0.3275864409042917,7.278428786416263,1,0
90,21,18,3,1594667.1628869022,6902516.399459007,252754.72555105254,846667.5936858681,21,0.23102692852879786,0.8500768007441026,0.8571428571428571,2300838.799819669,531555.7209623008,0.23102692852873094,0.23102692852873094,0.34517336715076824,3.349759700186118,0.7392170723830247,0
90,23,20,3,1275645.049149293,5538726.7097398965,185351.37654741757,645821.4539067273,23,0.23031377354398624,0.9168310658484761,0.7391304347826086,1846242.2365799656,425215.0163830977,0.2303137735439031,0.2303137735439031,0.30893969167109836,3.4843089160334637,0.9598783521292564,0
90,23,20,3,694268.6198747096,2803294.9744630465,91696.79802557986,328472.47446961456,23,0.24766163611000117,0.8942279673935961,0.8695652173913043,934431.6581543488,231422.87329156988,0.24766163610982445,0.24766163610982445,0.36541973504306163,3.5821586090105493,0.8901354682742442,0
90,26,23,3,3570582.5775250825,6290128.07450617,104597.90373004184,755192.6969239236,25,0.5676486289676759,0.8431670712254049,0.7692307692307693,2096709.3581687233,1190194.1925083608,0.5676486289674955,0.5676486289674955,0.3857566709579422,7.096068680099302,0.9752328616277388,0
90,25,22,3,3938530.2986384663,8263550.945414592,173000.825871045,983548.351785529,23,0.4766147537123206,0.9009125811263516,0.76,2754516.981804864,1312843.4328794887,0.47661475371220524,0.47661475371220524,0.3151685023821009,5.414554595705818,0.9837368428488398,0
90,25,22,3,922046.8557840653,2006607.8325003907,43382.43906865302,235174.03730489776,24,0.459505260992958,0.9977056709272552,0.76,668869.2775001302,307348.9519280218,0.45950526099250005,0.45950526099250005,0.33308223169538864,5.245877514839864,0.9702848637114467,0
90,23,20,3,505629.80293771287,2303859.9220507275,78183.91822230499,267297.74685814895,22,0.2194707230669731,0.9946754186889708,0.8695652173913043,767953.3073502425,168543.2676459043,0.21947072306678256,0.21947072306678256,0.332440706472202,3.3125185135395148,0.9614902546586432,0
90,22,19,3,1064254.7324474892,5318359.267546809,193368.38795906006,627946.726644229,22,0.20010959751092483,0.9999770954847946,0.8636363636363636,1772786.422515603,354751.5774824964,0.20010959751084959,0.20010959751084959,0.3333242747358491,3.247411499204981,0.9499220134073973,0
90,26,23,3,1859175.8341550035,4267272.653758817,92619.10844630052,492916.942206548,26,0.43568245692407703,0.8225748893429077,0.7692307692307693,1422424.2179196058,619725.2780516678,0.43568245692387286,0.43568245692387286,0.40615693162966565,5.321978914178531,0.9820509976439643,0
90,24,21,3,1574724.7558797896,3882785.7375701377,96169.20757043122,458905.47625640326,23,0.4055657103718664,0.9735934201173222,0.75,1294261.9125233793,524908.2519599298,0.4055657103716574,0.4055657103716574,0.34268620582582465,4.6741487909831605,1,0
90,23,20,3,885365.4016066238,2601930.116793054,74633.24848636654,317986.813654165,21,0.34027255224576103,0.7716459739817136,0.7391304347826086,867310.0389310181,295121.80053554126,0.3402725522454994,0.3402725522454994,0.26344396513262835,3.928752366089615,0.9287402158081499,0
90,25,22,3,2700364.6136161974,8772246.242804578,242875.26516753525,995717.0398643252,23,0.30783046199037783,0.9020264665974659,0.76,2924082.0809348593,900121.5378720658,0.30783046199030767,0.30783046199030767,0.36220477017326635,3.93036190501656,0.9094159708052334,0
90,27,24,3,12021733.75426321,16163394.674678154,153394.84890425717,2022085.220337248,27,0.7437629282848556,0.8289552528684085,0.7777777777777778,5387798.224892718,4007244.584754403,0.7437629282847636,0.7437629282847636,0.28256990996811515,13.182223749809024,0.9642853258331637,0
90,26,23,3,725538.2895550004,1840049.0095550409,42865.79692307849,207714.75938237025,25,0.3943037852725755,0.9995260293571537,0.7692307692307693,613349.6698516803,241846.09651833345,0.39430378527214693,0.39430378527214693,0.3335533776151126,4.702857936481168,0.9171914233704125,0
90,26,23,3,6222701.015948978,7502111.151333589,49208.08213017727,981552.2386417786,26,0.8294599867188038,0.9139475032823482,0.7692307692307693,2500703.7171111964,2074233.6719829927,0.8294599867185827,0.8294599867185827,0.3612821046168948,19.946972044657,0.9472611932477484,0
90,26,23,3,3899352.888220395,8776671.348057447,187589.17153219433,1002713.2867125571,26,0.44428607766918377,0.9431137704105442,0.7692307692307693,2925557.116019149,1299784.296073465,0.44428607766908257,0.44428607766908257,0.30780564986042586,5.345262087983179,0.9999999999999999,0
90,26,23,3,3378586.0462576384,7507930.508046666,158820.94083803945,862655.0029522189,24,0.45000230657917917,0.9818790630598566,0.7692307692307693,2502643.502682222,1126195.3487525461,0.4500023065790594,0.4500023065790594,0.33510510944391614,5.196116020048596,0.9838671382074531,0
90,27,24,3,1673963.1547265602,2738173.164758499,39415.185556738455,320672.4714462973,24,0.6113430575796287,0.9650741901632207,0.7777777777777778,912724.3882528329,557987.7182421867,0.6113430575791821,0.6113430575791821,0.3408220769504291,7.670705375259105,0.9803393835564559,0
90,25,22,3,1780658.3880728392,4942875.196156284,126488.67232333777,565599.2874241974,24,0.3602474910669741,0.9996195503471322,0.76,1647625.065385428,593552.7960242798,0.3602474910668284,0.3602474910668284,0.3331811664838987,4.384627801493405,0.9582803568366892,0
90,22,19,3,792393.9417587206,3616782.7559137195,128381.30973431816,428262.2843760119,21,0.21908806672528952,0.9993813423347216,0.8636363636363636,1205594.25197124,264131.3139195735,0.21908806672516834,0.21908806672516834,0.33343744772534917,3.196181372018771,0.9589549436726216,0
90,25,22,3,2294764.524144646,3951029.853202389,66250.61316230972,483265.44914367585,23,0.5808016161366415,0.8733809465114677,0.76,1317009.951067463,764921.5080482153,0.5808016161363475,0.5808016161363475,0.27517433372226513,6.794374925358553,0.9247166447629389,0
90,22,19,3,1085778.5666294307,5776415.808939206,213210.78374135343,680666.2201897643,21,0.18796752216988297,0.9960003484756512,0.8636363636363636,1925471.9363130687,361926.1888764769,0.18796752216981788,0.18796752216981788,0.33447979918334486,3.0738560821109115,0.8346518275004848,0
90,26,23,3,1348896.1838398415,2797768.197616287,55725.84668370946,321883.46047642356,26,0.4821329318807134,0.9891739540353164,0.7692307692307693,932589.399205429,449632.0612799472,0.48213293188036865,0.48213293188036865,0.32991928163505063,5.776196857045597,0.9494715246667276,0
90,23,20,3,445414.2653255762,2022233.4323328668,68557.35508727349,237787.24309170846,21,0.22025858053959774,0.8407453198435184,0.8695652173913043,674077.8107776223,148471.42177519205,0.22025858053937988,0.22025858053937988,0.2678254089472051,3.2489820890088987,0.9099572190763258,0
90,26,23,3,2699952.8885458093,4586335.4431249155,72553.17517611948,553689.4588923972,25,0.5886950315839956,0.9157338394256932,0.7692307692307693,1528778.4810416384,899984.2961819364,0.5886950315837389,0.5886950315837389,0.37305181085382333,7.505688280061375,0.9669331358518205,0
90,27,24,3,3656700.45506303,8310464.518545219,172361.63198082175,936733.7930976863,27,0.4400115597512605,0.9719121834671985,0.7777777777777778,2770154.8395150728,1218900.1516876768,0.44001155975115475,0.44001155975115475,0.3318730207079813,5.434700184299018,0.9725978113028545,0
90,25,22,3,1441093.6377856901,4584717.4402605025,125744.95209899251,520546.3991142775,24,0.3143255078558327,0.9615558245334641,0.76,1528239.146753501,480364.5459285634,0.3143255078556956,0.3143255078556956,0.3153482415721841,4.028557532304239,0.972365634985346,0
90,26,23,3,5747012.406796863,11415424.503354987,218015.8498676201,1335049.4239364893,25,0.5034427239308811,0.9541184856342201,0.7692307692307693,3805141.501118329,1915670.802265621,0.5034427239307929,0.5034427239307929,0.32101988890990485,5.9668769799702055,0.9212837579719476,0
90,25,22,3,1635491.3491438837,3566023.882034325,77221.30131561763,420220.1834918571,24,0.45863163098347487,0.9841386729404519,0.76,1188674.627344775,545163.7830479612,0.4586316309832176,0.4586316309832176,0.32936363687020476,5.2949027986697415,0.9700544292582177,0
90,25,22,3,1578847.3257518809,4021759.6790050245,97716.49413012575,467034.5819647717,24,0.39257624815167774,0.903869500067763,0.76,1340586.5596683414,526282.4419172936,0.3925762481514825,0.3925762481514825,0.316507199062698,4.642935409596396,0.9647405678358194,0
90,23,20,3,504638.29761351034,1820505.6691397056,57211.62484896502,213267.9409986896,22,0.27719677349409405,0.9480336580885413,0.8695652173913043,606835.2230465686,168212.76587117012,0.2771967734937895,0.2771967734937895,0.35782421109561613,3.5571835500110467,0.872707317534125,0
90,23,20,3,881746.8774632248,3654822.1202402404,120568.48881639198,425496.45850138215,22,0.24125575703942173,0.9781465223158791,0.8695652173913043,1218274.04008008,293915.62582107494,0.2412557570392897,0.2412557570392897,0.3270096223870096,3.426869216410509,0.8867888724288718,0
90,23,20,3,796465.1041064466,3048231.449323911,97902.88457467237,355786.3066868911,23,0.26128760802689016,0.9995187331403551,0.8695652173913043,1016077.1497746371,265488.3680354822,0.2612876080267187,0.2612876080267187,0.33355775744940747,3.6340737888258254,0.9624922759576521,0
90,22,19,3,1319510.3612012079,5548862.625728805,192243.28475125448,705276.5931502928,21,0.23779834719329737,0.6316477412281882,0.8636363636363636,1849620.8752429348,439836.78706706926,0.23779834719321166,0.23779834719321166,0.5068643681581915,3.513879546715277,0.8632639233477345,0
90,25,22,3,1621405.4470556956,3009180.145146188,55510.98792361967,363775.78398319473,24,0.5388196680981318,0.8260509084786156,0.76,1003060.0483820626,540468.4823518986,0.5388196680977736,0.5388196680977736,0.41158946562633136,6.4388797402134506,0.9653453225849706,0
90,24,21,3,341135.41067723784,1284193.4093009187,39294.08327598672,147037.27209736867,23,0.26564177031766373,0.9968390002518082,0.875,428064.4697669729,113711.80355907929,0.26564177031725006,0.26564177031725006,0.33245916188401314,3.6313045221678864,0.9307545805757087,0
90,26,23,3,2362713.4982247637,7211464.5618042555,186490.4255222881,808053.1410478299,24,0.32763296248290824,0.9084835174560635,0.7692307692307693,2403821.5206014183,787571.1660749213,0.3276329624828175,0.3276329624828175,0.3709266255513197,4.047196002889798,0.9443351372731117,0
90,24,21,3,988144.0171469771,3876905.2555127973,120365.05159857584,443243.4067757176,24,0.25487958874971806,0.9835495069639473,0.875,1292301.751837599,329381.3390489924,0.25487958874958655,0.25487958874958655,0.33409379240992326,3.6824925581411843,0.9317182836885055,0
90,25,22,3,1473037.8676735861,4888436.0339564765,136615.92665131568,552940.9970575755,24,0.3013311123314577,0.989743027943477,0.76,1629478.6779854922,491012.622557862,0.30133111233133447,0.30133111233133447,0.33661437446645753,3.9646157702661737,0.9412629806948021,0
90,27,24,3,2424984.882311987,5601855.0743777715,117661.8589653994,627515.2629500455,25,0.4328896142642374,0.9275946595084654,0.7777777777777778,1867285.0247925904,808328.2941039958,0.4328896142640829,0.4328896142640829,0.3657964611694234,5.064499956245293,0.980288027230436,0
90,23,20,3,888925.178454482,3883776.288791326,130210.91784073236,451231.6738929751,23,0.22888166370954813,0.9976612846625532,0.8695652173913043,1294592.0962637754,296308.39281816065,0.22888166370943022,0.22888166370943022,0.33297049998704653,3.4653904708776744,0.9058481887089709,0
90,22,19,3,940522.1304660541,4358608.397820243,155367.55760700852,515813.4312953615,21,0.21578495809263276,0.9882267338932409,0.8636363636363636,1452869.4659400808,313507.376822018,0.21578495809253373,0.21578495809253373,0.33415195479298065,3.1988634678605394,0.8817466122504123,0
90,27,24,3,6032991.05830841,8259785.777097863,82473.87847368344,1025216.8182425211,25,0.7304052697148056,0.7697009331618463,0.7777777777777778,2753261.9256992876,2010997.0194361368,0.7304052697146288,0.7304052697146288,0.23538008486347947,11.86080343117369,0.9783214045620716,0
90,25,22,3,4252188.476350136,9153702.534668066,196060.56233271718,1092834.5631651126,24,0.4645320798054386,0.8222020720969572,0.76,3051234.1782226884,1417396.1587833788,0.46453207980533723,0.46453207980533723,0.3924997246978116,5.468561192313025,0.9818661839126931,0
90,23,20,3,1017547.9011492835,5037796.1953967195,174793.4040977146,583029.0156708409,23,0.2019827443751823,0.9991945376287931,0.8695652173913043,1679265.398465573,339182.63371642784,0.2019827443751021,0.2019827443751021,0.3335490700616608,3.3355321310727213,0.9291818354216465,0
90,25,22,3,4759777.058514623,7637821.777528176,115121.78876054214,938615.6759060241,24,0.6231851432456968,0.919658430653318,0.76,2545940.592509392,1586592.3528382077,0.6231851432455338,0.6231851432455338,0.3133927395999239,8.019498215441214,0.9543314553489368,0
90,26,23,3,1834602.7220269805,3850957.3806930715,77552.10225638814,445114.57485554897,26,0.4764017205758646,0.9576478341644774,0.7692307692307693,1283652.4602310238,611534.2406756602,0.4764017205756172,0.4764017205756172,0.3400683534421108,5.739555239627877,0.9808230041785126,0
90,24,21,3,1346120.6736194456,3543029.766442254,91537.87886761704,414414.7389574465,23,0.3799349038410077,0.9742640219375576,0.75,1181009.9221474181,448706.8912064819,0.3799349038407932,0.3799349038407932,0.3218310069762213,4.435240490119447,0.9264524482386198,0
90,24,21,3,3161315.1121191117,13281826.948270075,421687.9931729568,1514987.347694404,24,0.2380180922723607,0.9809990645093645,0.875,4427275.649423358,1053771.7040397038,0.23801809227232484,0.23801809227232484,0.3250836452871899,3.5926736644584376,0.8140441438046174,0
90,23,20,3,508222.583337665,2047356.0352746262,66918.84573638963,243204.6835166071,23,0.2482336118296324,0.8059089795481142,0.8695652173913043,682452.0117582087,169407.52777922168,0.24823361182938994,0.24823361182938994,0.35622661677097567,3.6343227507392757,0.8302070082534381,0
90,26,23,3,9026450.54320618,17364272.065631576,320685.4431702075,2064837.018062314,26,0.5198289055301869,0.9448501376925992,0.7692307692307693,5788090.688543859,3008816.8477353933,0.519828905530127,0.519828905530127,0.33580112368338105,6.438823657361769,0.9602631503236544,0
90,25,22,3,1159460.9010423352,2734392.9716538885,62997.28282446215,318208.12283519655,25,0.4240286283140258,0.9662180560594619,0.76,911464.3238846295,386486.96701411175,0.4240286283137157,0.4240286283137157,0.3357966635884651,5.051140439133094,0.9154564200736411,0
90,23,20,3,4611257.1935173655,21302749.117316425,725717.0401651765,2475006.915750549,22,0.2164630099205733,0.9401543942835576,0.8695652173913043,7100916.372438808,1537085.7311724552,0.21646300992055298,0.21646300992055298,0.34023394034926424,3.3054269746340204,0.939275864292552,0
90,22,19,3,507560.07508105435,1922973.21290491,64336.96081017524,229378.7033873734,21,0.263945473433846,0.9648260319687468,0.8636363636363636,640991.0709683034,169186.69169368478,0.26394547343357144,0.26394547343357144,0.3465678882601942,3.4573029777005275,0.8397753125035491,0
90,23,20,3,876293.5185182898,4477616.947881483,156579.27953753015,519186.2068392034,23,0.1957053335999854,0.9242254602516772,0.8695652173913043,1492538.9826271608,292097.8395060966,0.19570533359989803,0.19570533359989803,0.35334444526870473,3.3158040346675945,0.9734896648249274,0
90,22,19,3,994934.2644112051,4546208.006809749,161421.53374538827,538290.4355453961,22,0.21884926138898125,0.9999132850594945,0.8636363636363636,1515402.668936583,331644.754803735,0.21884926138888497,0.21884926138888497,0.3333425389863041,3.334687901002799,0.9301443341395875,0
90,24,21,3,3595012.702325957,10167549.811558407,273855.7128846853,1181392.8547150253,21,0.3535770927071157,0.9942335931831704,0.75,3389183.270519469,1198337.5674419857,0.3535770927070462,0.3535770927070462,0.3308177755980213,3.9760402012284026,0.8933463440790268,0
90,22,19,3,1448090.6557714853,5817970.39106079,198630.89705860475,692656.7206454163,22,0.24889962623326553,0.9604711984716234,0.8636363636363636,1939323.46368693,482696.88525716175,0.24889962623317996,0.24889962623317996,0.3157887752734408,3.4871549738687695,0.8806587734823755,0
90,24,21,3,536877.0092902891,2376436.770143484,76648.32336888312,270605.9478808971,23,0.22591680790128818,0.9913462942985231,0.875,792145.590047828,178959.00309676304,0.22591680790109803,0.22591680790109803,0.3315700419869036,3.42095878674758,0.9386937951826286,0
90,26,23,3,3069697.648919629,6508918.966550756,132277.7429858126,751943.6619650855,25,0.4716140521481817,0.9982095279805756,0.7692307692307693,2169639.6555169187,1023232.5496398763,0.47161405214803687,0.47161405214803687,0.3337189229932428,5.583330509999741,0.9534314738118033,0
90,22,19,3,586216.4935343508,2356733.573476838,80478.04908829485,283754.8815037439,21,0.2487410966311604,0.8494765702036805,0.8636363636363636,785577.8578256126,195405.4978447836,0.2487410966309493,0.2487410966309493,0.4017469180636018,3.4176742283099086,0.9319377958766141,0
90,22,19,3,457953.80649569654,2097405.2279468672,74520.51915687136,248976.04217383132,22,0.21834302708578898,0.9279463615938536,0.8636363636363636,699135.075982289,152651.26883189884,0.21834302708558076,0.21834302708558076,0.34971497157721093,3.3410400918755916,0.8665776406002168,0
90,22,19,3,463018.01525462215,1944815.8059736989,67354.4450326853,234935.2722558521,22,0.2380780811386751,0.8197127621488727,0.8636363636363636,648271.9353245663,154339.3384182074,0.23807808113843026,0.23807808113843026,0.29522646139752623,3.4880440650703353,0.8002478106878564,0
90,26,23,3,887080.2354962354,1641504.311065763,29016.310598827982,194922.78088498893,24,0.540406887460289,0.7821676078902247,0.7692307692307693,547168.1036885877,295693.4118320785,0.5404068874596306,0.5404068874596306,0.43085635116282994,6.380117722351224,0.9414776664046689,0
90,25,22,3,3907973.067081926,10466541.242183708,262342.7270040713,1202579.302059351,24,0.37337769724071757,0.9378395437204422,0.76,3488847.0807279027,1302657.6890273087,0.3733776972406463,0.3733776972406463,0.346914544225252,4.4976536809697345,0.919020010969639,0
90,22,19,3,452103.0690655323,2158937.86654834,77583.39988558217,255360.83753632224,21,0.20940994924885675,0.9710886479499675,0.8636363636363636,719645.9555161133,150701.0230218441,0.20940994924866274,0.20940994924866274,0.33468989434554786,3.170657045161857,0.8668909924718344,0
90,26,23,3,4535894.63931228,7697565.067621367,121602.70878111875,939349.5515447049,25,0.5892635657464254,0.868209108547429,0.7692307692307693,2565855.0225404557,1511964.8797707602,0.5892635657462724,0.5892635657462724,0.36393313859922954,7.611766347614472,0.9773877188105575,0
90,23,20,3,2020656.1808644917,3995579.385634912,85866.2262943661,500538.9540366674,22,0.5057229467467824,0.9511364760674359,0.7391304347826086,1331859.7952116374,673552.060288164,0.5057229467465292,0.5057229467465292,0.31679443178660743,5.7204244620815645,0.9547560142043559,0
90,25,22,3,1664903.943302569,5038428.46857046,134940.9810107156,573628.1280831784,25,0.3304411194259978,0.9820830148115612,0.76,1679476.1561901532,554967.9811008563,0.3304411194258666,0.3304411194258666,0.32789812153950204,4.250955668044061,0.9859146858661004,0
90,26,23,3,6354394.610124015,10091775.842016283,143745.4319958564,1214952.8612757744,24,0.6296606969476456,0.975489433217888,0.7692307692307693,3363925.2806720943,2118131.5367080052,0.6296606969475209,0.6296606969475209,0.3441622828552582,8.065681507476967,0.9709607865566476,0
90,22,19,3,734832.0699693821,3262621.252251977,114899.50828557248,388225.71800169087,22,0.22522751283556122,0.9151573633694224,0.8636363636363636,1087540.4174173258,244944.0233231274,0.2252275128354231,0.2252275128354231,0.3684221740073656,3.3788283674235724,0.9579622468832875,0
90,22,19,3,1172909.6982258935,4767209.016182393,163377.2417252954,566863.6520144558,22,0.2460369776622297,0.9985225666014109,0.8636363636363636,1589069.6720607977,390969.8994086312,0.2460369776621265,0.2460369776621265,0.33288547656971174,3.46966104963455,0.9489032054869871,0
90,23,20,3,2415744.7659550007,9463129.836785037,306408.0465578278,1110542.8497313685,23,0.2552796809956335,0.8892872034437082,0.8695652173913043,3154376.612261679,805248.2553183335,0.2552796809955795,0.2552796809955795,0.2951953394588293,3.6243919250931076,0.905415119055245,0
90,24,21,3,2557919.665397452,4953378.46897531,99810.78348241076,607924.4025771618,22,0.5163989954367618,0.8863363372012925,0.75,1651126.1563251035,852639.8884658174,0.5163989954365534,0.5163989954365534,0.29210611444415363,5.644929542371916,0.9344014007943033,0
90,25,22,3,1323265.6478112058,3608213.758926974,91397.92444463074,413573.0245991748,24,0.3667370439284499,0.9329559451825249,0.76,1202737.9196423248,441088.54927040194,0.36673704392824663,0.36673704392824663,0.3257235349664409,4.438252105162782,0.9655516805328177,0
90,25,22,3,1735404.8827358847,3138497.802392055,56123.716786246805,380420.3997108164,22,0.5529412451436692,0.951549299238001,0.76,1046165.9341306849,578468.2942452949,0.5529412451433167,0.5529412451433167,0.32562013818813745,6.355578632773599,0.9905432992389174,0
90,22,19,3,325913.14242360275,1511465.6585176303,53888.75073154671,178861.0989927564,22,0.2156272228791664,0.9993472146274953,0.8636363636363636,503821.88617254345,108637.71414120092,0.21562722287888111,0.21562722287888111,0.3332570386122595,3.3190804492844044,0.9481811972569455,0
90,21,18,3,386340.32947291184,2013914.390988917,77503.52673885736,243010.70449360856,20,0.19183552746897575,0.9380915185326298,0.8571428571428571,671304.7969963057,128780.10982430395,0.19183552746878524,0.19183552746878524,0.35614747440342664,3.0052417391435458,0.9617470300101101,0
90,22,19,3,1481519.541266341,6201193.955676481,214530.65520046095,742460.800103794,21,0.2389087572256857,0.8756001087253595,0.8636363636363636,2067064.6518921603,493839.8470887803,0.23890875722560867,0.23890875722560867,0.2893542294475587,3.3392030079257435,0.9362893170322445,0
90,25,22,3,1005201.2456133526,2280332.7113749944,51005.25863046567,269664.7458609385,22,0.4408134131474156,0.9355382111417953,0.76,760110.9037916648,335067.0818711175,0.440813413147029,0.440813413147029,0.3449154036273368,4.872409887221401,0.974804904033571,0
90,25,22,3,1502008.4643213835,3982986.4575901623,99239.11973075112,458406.5880677898,24,0.3771060937098368,0.9921778868858557,0.76,1327662.152530054,500669.48810712784,0.37710609370964737,0.37710609370964737,0.3333226664674156,4.46356580069059,0.9496398684312536,1
90,22,19,3,795920.3159709435,3761224.957380716,134786.5746095351,461345.64139722474,21,0.21161199475954873,0.7357506302844649,0.8636363636363636,1253741.6524602387,265306.77199031453,0.2116119947594362,0.2116119947594362,0.4420481236701616,3.2740892047854753,1.0000000000000002,0
90,25,22,3,569128.6550803293,1940125.6978419018,54839.88171046291,218757.01009497192,23,0.29334627942566094,0.9729578365904863,0.76,646708.5659473006,189709.5516934431,0.2933462794253585,0.2933462794253585,0.3357887006389952,3.7565619489630806,0.932787630069594,0
90,21,18,3,2507585.099765525,15306091.188115727,609452.6708738192,1842751.0181244777,21,0.16382922778562514,0.9102161553474557,0.8571428571428571,5102030.396038576,835861.6999218417,0.16382922778560371,0.16382922778560371,0.37544588912497623,3.023616280948216,0.9102287581328504,0
90,21,18,3,403572.3274624546,2088356.6781128277,80227.82622144635,251598.88912153308,20,0.19324875472275888,0.9982668485483467,0.8571428571428571,696118.8927042759,134524.10915415155,0.19324875472257383,0.19324875472257383,0.33299454842453224,3.0039363891052835,0.815026124260232,0
90,27,24,3,5087135.597044704,10311140.788216788,193481.67374711426,1178852.6404177248,26,0.4933630236973984,0.9120940283260774,0.7777777777777778,3437046.929405596,1695711.865681568,0.4933630236973027,0.4933630236973027,0.35602339239877867,5.985954004015923,1.0000000000000004,0
90,20,17,3,604506.2505227911,3404724.0228305496,140010.88861538796,418387.4460141077,19,0.17754926580511848,0.9639295871652716,0.85,1134908.0076101832,201502.083507597,0.17754926580501418,0.17754926580501418,0.31638259328495316,2.8646077868261934,0.8433648796238485,0
90,26,23,3,2208872.581186249,4535559.349337462,89487.95262120049,530757.6111178665,25,0.48701216565679506,0.9058120769467847,0.7692307692307693,1511853.1164458208,736290.8603954163,0.4870121656565803,0.4870121656565803,0.348720603756456,5.821415760215488,0.9999999999999996,0
90,26,23,3,3007091.711204676,6034991.358154169,116457.67872882666,697728.3585825809,25,0.4982760591928852,0.96719820549172,0.7692307692307693,2011663.7860513898,1002363.903734892,0.4982760591927201,0.4982760591927201,0.31804774740678765,5.8900478044656035,0.9844549324894005,0
90,24,21,3,2569250.058769947,4899935.324105292,97111.88605563938,595912.3935554046,22,0.5243436675847466,0.9613477427935172,0.75,1633311.7747017639,856416.686256649,0.5243436675845325,0.5243436675845325,0.35139054668574293,5.784021044644909,0.9672754780603654,0
90,25,22,3,1429190.6940808806,2899584.7909418945,58815.76387444056,348889.32614056667,21,0.4928949477680674,0.8029755808005564,0.76,966528.2636472982,476396.8980269602,0.4928949477677274,0.4928949477677274,0.292897439615588,5.387143173884068,0.962264359904813,0
90,26,23,3,1595403.862583587,3250376.4836539254,63652.793118089954,373777.2936606639,24,0.4908366371115311,0.9858063251003432,0.7692307692307693,1083458.8278846417,531801.2875278624,0.4908366371112291,0.4908366371112291,0.3400210789437337,5.669166554308635,0.9149577535777199,0
90,25,22,3,1062373.7313518699,3494189.6227842486,97272.63565729512,395047.4734429736,24,0.3040400911342192,0.9840296034363715,0.76,1164729.8742614163,354124.57711728994,0.3040400911340451,0.3040400911340451,0.3395092271940821,3.9781374961467812,0.945531287249033,0
90,24,21,3,952967.0371118252,3733267.368579195,115845.8471444738,426793.4003517894,24,0.25526353808252683,0.9873133773290951,0.875,1244422.456193065,317655.6790372751,0.25526353808239005,0.25526353808239005,0.3336835527276302,3.6841493317912573,0.9999999999999999,1
90,22,19,3,1483168.9418340786,5768078.016958201,194768.59432382372,687001.3431596658,22,0.25713399462928405,0.9945760485262967,0.8636363636363636,1922692.6723194004,494389.6472780262,0.2571339946291949,0.2571339946291949,0.33579256068240526,3.5272696069979586,1.0000000000000002,0
90,22,19,3,736762.6733457734,3162667.855592504,110268.41737485146,377476.46641782206,20,0.2329560696810867,0.8955212446831415,0.8636363636363636,1054222.6185308348,245587.55778192446,0.23295606968093938,0.23295606968093938,0.3606029462620711,3.1282519154048405,0.914871116885409,0
90,23,20,3,1782476.5129077355,8229783.444081723,280317.6926597386,958889.9085795241,23,0.21658850746423342,0.905895726370774,0.8695652173913043,2743261.1480272408,594158.8376359119,0.21658850746418085,0.21658850746418085,0.34644645869729734,3.4207256041453094,0.9699768964949821,0
90,21,18,3,1661191.3041316268,8004285.610715996,302052.109837351,966806.7769494576,21,0.20753773477391235,0.9734714688436457,0.8571428571428571,2668095.2035719985,553730.4347105423,0.20753773477386053,0.20753773477386053,0.3209739091650677,3.2007946491976593,0.8561328037476267,0
90,24,21,3,1858329.0249493488,4417623.7013286,106637.2781824688,525131.2737921198,24,0.42066258934413897,0.997146839052531,0.75,1472541.2337761999,619443.0083164496,0.42066258934394857,0.42066258934394857,0.33281319252587016,4.9244624650737485,1.0000000000000002,0
90,23,20,3,1378555.752194684,5909755.589869204,197008.6885945443,688417.2336479372,23,0.23326781137237543,0.9376909835262014,0.8695652173913043,1969918.5299564013,459518.58406489465,0.23326781137229646,0.23326781137229646,0.34210947748253506,3.4943496073985183,0.9742904659839555,0
90,25,22,3,2398870.9235347067,9888668.412088174,299591.89954213874,1107663.8033515783,24,0.24258786153674844,0.9719596882332698,0.88,3296222.8040293916,799623.6411782355,0.24258786153669937,0.24258786153669937,0.3439941429504808,3.5492304268247454,0.8731922045834424,0
90,26,23,3,3299535.8418878797,5508869.982996337,84974.390042633,680705.1762174929,25,0.5989496670045978,0.6950076554522491,0.7692307692307693,1836289.9943321124,1099845.2806292933,0.5989496670043805,0.5989496670043805,0.28960401610205855,7.7654601976576885,1,0
90,21,18,3,664959.1530910926,3535531.2282087575,136693.90833893642,426938.5335435779,20,0.18807899299133038,0.9197583926006985,0.8571428571428571,1178510.4094029192,221653.0510303642,0.18807899299122396,0.18807899299122396,0.3358935272163236,3.009084602255951,0.879814300907893,0
90,25,22,3,2786351.400050008,6551939.978291151,150623.5431296457,764193.8102985262,23,0.4252712035338741,0.9599865217128374,0.76,2183979.992763717,928783.8000166694,0.4252712035337443,0.4252712035337443,0.3492899312675688,4.8839426219310225,0.949028298657125,0
90,26,23,3,11611720.852501245,19518042.902827732,304089.30962794175,2368176.177020224,26,0.5949223961803245,0.9571753791982155,0.7692307692307693,6506014.300942577,3870573.617500415,0.5949223961802634,0.5949223961802634,0.3502376903409203,7.787765311151314,0.9860487743110233,0
90,26,23,3,2553737.746411067,4067711.04083608,58229.74209326972,494682.15646998066,24,0.627807069079701,0.9878639611546912,0.7692307692307693,1355903.6802786933,851245.9154703557,0.6278070690793923,0.6278070690793923,0.33307683458305953,8.065659281705896,0.9680461084049079,0
90,24,21,3,2147780.1530132396,9120868.072130108,290545.32996320294,1060793.4514368349,24,0.235479796004922,0.8048115109683396,0.875,3040289.3573767026,715926.7176710799,0.2354797960048704,0.2354797960048704,0.3085564202147444,3.651042856436658,0.9452917646568986,0
90,23,20,3,181119.1110193577,848067.5605934062,28997.75867713254,98312.76391081576,23,0.21356684235441364,0.9927211041363933,0.8695652173913043,282689.18686446873,60373.03700645256,0.21356684235391,0.21356684235391,0.33120217443018773,3.3903573376846627,0.9721929056612163,0
90,23,20,3,433847.038091547,1826455.9662175137,60548.2142663464,212476.8140820854,21,0.2375349015338059,0.9998079862813587,0.8695652173913043,608818.6554058379,144615.679363849,0.23753490153354578,0.23753490153354578,0.3334088201290659,3.237608600130345,0.9315309086136749,0
90,25,22,3,1822683.1147457787,3362138.2803824022,61578.2066254649,406906.87302437983,24,0.5421202112299583,0.9119944017744782,0.76,1120712.7601274673,607561.0382485929,0.5421202112296358,0.5421202112296358,0.29214823755916414,6.384445637433291,0.9598851033304678,0
90,25,22,3,4585004.6182841,9057909.108767444,178916.17961933382,1089199.1584576722,24,0.5061879693455544,0.9384990369664681,0.76,3019303.0362558146,1528334.8727613667,0.5061879693454427,0.5061879693454427,0.33843207778172685,5.973220553920862,0.967574356494819,0
90,22,19,3,2139278.319796309,9096284.16022003,316227.5382010783,1085521.0777728646,22,0.23518156228579457,0.9000743823940703,0.8636363636363636,3032094.7200733437,713092.7732654363,0.23518156228574286,0.23518156228574286,0.38043387400977186,3.4327215268620472,0.87559906974751,0
90,27,24,3,1823225.616566994,2409484.587637823,21713.29522484551,298096.9191937938,26,0.7566869802448772,0.9065043468906842,0.7777777777777778,803161.5292126077,607741.872188998,0.7566869802442491,0.7566869802442491,0.34181367746810476,13.54897003160583,1.0000000000000002,0
90,25,22,3,1728761.3732375149,7566736.097871495,233518.98898535923,846235.8738858068,25,0.2284685696549643,0.9627653529748572,0.88,2522245.365957165,576253.7910791716,0.2284685696549039,0.2284685696549039,0.3489524889902801,3.6238418021552787,0.9263901045121098,0
90,25,22,3,2973040.5098458724,4964782.633535663,79669.68494759161,611547.0325022575,23,0.5988259163177154,0.8909297079950989,0.76,1654927.5445118875,991013.5032819575,0.5988259163174743,0.5988259163174743,0.3616987723746677,7.254428583968788,0.9634380537970224,0
90,25,22,3,1292811.6467001284,4601782.230939026,132358.82336955587,518102.8689629026,25,0.2809371634337508,0.973565329213112,0.76,1533927.4103130086,430937.21556670946,0.2809371634336287,0.2809371634336287,0.32968425145252384,3.9143810421493823,0.9487284025717458,0
90,25,22,3,2303408.042551017,4965392.456297316,106479.37654985196,583725.6389170352,25,0.4638924441167336,0.9688716713315034,0.76,1655130.8187657718,767802.680850339,0.4638924441165468,0.4638924441165468,0.32349072891182995,5.482053500174863,0.9396070343057407,0
90,24,21,3,1849009.78916637,3620710.96681079,73820.88240185085,449394.79376645543,23,0.5106758882757527,0.8399736000572755,0.75,1206903.6556035967,616336.5963887899,0.5106758882754705,0.5106758882754705,0.40449432682349823,5.964591716051742,0.9848780278726254,0
90,25,22,3,1569690.1656189545,4671984.008585412,124091.75371865829,530671.9749540547,23,0.3359793532542272,0.996592688206122,0.76,1557328.002861804,523230.05520631815,0.33597935325408335,0.33597935325408335,0.3329266403727299,4.073732442753389,0.9548632109864498,0
90,24,21,3,3188402.138826646,5834242.4769091215,110243.34742010315,713875.5563150598,22,0.546498050337335,0.9587443098132049,0.75,1944747.4923030406,1062800.7129422154,0.5464980503371477,0.5464980503371477,0.3399057203041939,6.113469631007032,0.9697504937201757,0
90,24,21,3,658742.4984791091,3105222.8879697197,101936.68289544212,370478.37961392367,24,0.2121401658576596,0.691772785897653,0.875,1035074.2959899065,219580.8328263697,0.21214016585752293,0.21214016585752293,0.3998201335030332,3.6343970500815113,0.9242086064655944,0
90,23,20,3,976364.635329081,3957460.5812538257,129612.86721411928,461017.31430084864,23,0.24671493632906807,0.9961785840932671,0.8695652173913043,1319153.5270846086,325454.878443027,0.24671493632894337,0.24671493632894337,0.3329611829438153,3.556879221996496,0.9448614101561069,0
90,23,20,3,1048397.5037065158,4345338.142792605,143345.24517765606,505735.5004846658,22,0.24126948680511756,0.998880015021218,0.8695652173913043,1448446.047597535,349465.8345688386,0.24126948680500654,0.24126948680500654,0.3335719281363601,3.4072480269675784,0.8763858462329313,0
90,21,18,3,280382.69199115335,1411718.36722206,53873.127391947935,171294.10314146552,21,0.1986109258765854,0.8906184964732262,0.8571428571428571,470572.78907402,93460.89733038445,0.19861092587630405,0.19861092587630405,0.35683916447962316,3.17958342926808,0.9336585160765254,0
90,23,20,3,968884.8295144053,3227816.237081195,98214.40902464303,380458.050598743,21,0.30016728287798533,0.9684765186566973,0.7391304347826086,1075938.7456937318,322961.60983813513,0.3001672828777993,0.3001672828777993,0.34042289042384366,3.630751908574251,0.8987328144929372,0
90,23,20,3,233068.00246572038,889254.9984271671,28529.869389628107,105029.96413463821,23,0.2620935534550693,0.8504773585557105,0.8695652173913043,296418.3328090557,77689.33415524013,0.2620935534544798,0.2620935534544798,0.3413433770668081,3.681403608848624,0.9999999999999999,0
90,26,23,3,4730209.866534099,7829321.1811338905,119196.58902306888,938730.8064654114,24,0.6041660262874076,0.96704018768223,0.7692307692307693,2609773.7270446303,1576736.622178033,0.6041660262872532,0.6041660262872532,0.32147841989468495,7.508787511592095,0.9790201193131715,0
90,25,22,3,5195956.81159929,7815223.413171826,104770.66406290146,984811.4953350219,25,0.6648507069985136,0.9036473589056033,0.76,2605074.4710572753,1731985.60386643,0.6648507069983435,0.6648507069983435,0.37275183612781343,9.399687442415829,0.9645187295914882,1
90,26,23,3,1003717.899838465,2204674.9796526474,46190.656915930085,256487.10569579373,25,0.45526796879427023,0.7939463504746881,0.7692307692307693,734891.6598842158,334572.63327948836,0.4552679687938572,0.4552679687938572,0.43040601890526986,5.44903191770462,0.920928343879702,0
90,27,24,3,1088325.7969745807,2589174.99745204,55587.00742509109,289966.4980662683,26,0.4203369019263518,0.9153325820712253,0.7777777777777778,863058.3324840134,362775.26565819356,0.4203369019260271,0.4203369019260271,0.36479720291781864,5.126413222788018,0.9186575696145395,0
90,23,20,3,1656353.6787691014,6801295.599108949,223693.1269712977,793017.8190957686,23,0.24353502279563616,0.9451632542200131,0.8695652173913043,2267098.5330363163,552117.8929230338,0.24353502279556458,0.24353502279556458,0.30929350441004916,3.5451148179173892,0.8594764003357518,0
90,26,23,3,2095664.195536691,4466839.455031169,91199.04844209527,511853.20342144545,24,0.4691604022561851,0.9684096544526041,0.7692307692307693,1488946.4850103895,698554.7318455636,0.46916040225597505,0.46916040225597505,0.3217247025157854,5.40771399463537,0.9670623198723736,0
90,22,19,3,658823.3228294038,2869293.3301062356,100475.90942167421,340350.94961520465,22,0.22961170122149252,0.991088221593904,0.8636363636363636,956431.1100354119,219607.77427646794,0.22961170122133245,0.22961170122133245,0.33064182932898123,3.3873885946475277,0.8584824059937427,0
90,24,21,3,1588564.5608561558,4667021.666882064,128269.0460844128,552989.4953969219,23,0.3403807983426614,0.7915617910285603,0.75,1555673.8889606881,529521.5202853853,0.34038079834251556,0.34038079834251556,0.4213426414661262,4.112638332840938,0.8990251701717199,0
90,25,22,3,2471688.210312571,4339718.27292629,74721.20250454877,528690.1149714068,23,0.5695503843491048,0.9964526012479152,0.76,1446572.7576420966,823896.0701041903,0.5695503843488422,0.5695503843488422,0.3349853590766566,6.756071732815206,0.988692206074131,0
90,24,21,3,1352477.656823465,6397873.966688348,210224.84624437013,767692.321560403,24,0.21139485770822705,0.6721595168926662,0.875,2132624.6555627827,450825.88560782163,0.211394857708161,0.211394857708161,0.43524939709517463,3.651767787069128,0.8808961908260062,0
90,25,22,3,3854970.1785856886,7360000.941728786,140201.23052572386,883441.8829180375,23,0.5237730550724187,0.9344633868163239,0.76,2453333.6472429284,1284990.059528563,0.5237730550722764,0.5237730550722764,0.36403987833531565,6.022897074522982,0.9853541602886956,0
90,21,18,3,475407.6060467435,2343803.583753879,88971.23703367313,282966.37504826096,21,0.20283594126309812,0.9634593238289448,0.8571428571428571,781267.8612512931,158469.20201558116,0.202835941262925,0.202835941262925,0.33353067399010794,3.180425320353652,0.9085316586984583,0
90,27,24,3,1545528.5772288176,3540876.0312341964,73901.75755575475,396288.30889949977,26,0.4364819789213792,0.9816496450906258,0.7777777777777778,1180292.0104113987,515176.1924096059,0.43648197892113266,0.43648197892113266,0.33001318098397314,5.21477771658664,0.9672936896886426,0
90,24,21,3,730132.2825049176,1967572.3538276546,51560.0029717807,229373.74695048315,23,0.3710828123215747,0.9952166497462879,0.75,655857.4512758849,243377.4275016392,0.3710828123211975,0.3710828123211975,0.33154454358782387,4.292891850841379,0.9408221708565011,0
90,24,21,3,889745.0424861396,3104064.2443928346,92263.3000794456,357296.2234017787,22,0.2866387331038924,0.9559470784538036,0.75,1034688.0814642782,296581.6808287132,0.28663873310370763,0.28663873310370763,0.31534304441515526,3.6378701723026867,0.9577247080730625,0
90,24,21,3,4628335.850713181,8000225.05626308,140495.3835645791,1004228.8064286973,24,0.5785257062348828,0.8720248410043696,0.75,2666741.685421027,1542778.6169043938,0.5785257062347381,0.5785257062347381,0.3267866946379086,7.147770844441681,0.9901908388257072,1
90,25,22,3,2011588.6998079573,3664437.108595306,66113.93635149393,440208.68706440943,24,0.5489488945216238,0.9988879959538829,0.76,1221479.0361984354,670529.5666026524,0.5489488945213241,0.5489488945213241,0.3334242401662516,6.421875413558247,0.9809895207470903,0
90,26,23,3,1370729.2341325828,4400477.805207639,116528.79119519447,489374.46309055947,24,0.31149554544056895,0.9383277898812441,0.7692307692307693,1466825.935069213,456909.74471086095,0.3114955454404274,0.3114955454404274,0.3622789468191765,3.9079728145672155,0.9556377640252054,0
90,25,22,3,4319388.104150631,7691638.515543839,134890.0164557283,925776.0039537719,23,0.561569306126533,0.9974129479485984,0.76,2563879.5051812795,1439796.0347168772,0.561569306126387,0.561569306126387,0.334529971020057,6.634258494198634,0.8731607760654602,0
90,26,23,3,1522914.9363440836,2847752.2666710727,50955.28193565343,331844.10217756423,25,0.5347778857617365,0.901638160480992,0.7692307692307693,949250.7555570243,507638.31211469456,0.5347778857613609,0.5347778857613609,0.33471342792341585,6.344849655780443,0.9576281743569354,0
90,24,21,3,942304.8167710332,2791876.5350798406,77065.48826286699,331110.90426676045,24,0.33751665051468627,0.7772518446895669,0.875,930625.5116932802,314101.6055903444,0.33751665051444446,0.33751665051444446,0.28250544449301923,4.296487464441402,0.9367199118075085,0
90,26,23,3,2345172.155409875,5331984.653986579,114877.40379141168,617618.9199814568,24,0.43983100244971896,0.9042567227909292,0.7692307692307693,1777328.2179955263,781724.0518032917,0.43983100244955403,0.43983100244955403,0.3232472747888821,5.096732802345085,0.9617974221316465,0
90,22,19,3,856399.2107081132,3851415.546452217,136137.1061701865,457810.00208642444,22,0.22235959749832096,0.9181512674132685,0.8636363636363636,1283805.182150739,285466.40356937103,0.22235959749820547,0.22235959749820547,0.36645254767629,3.3628598033422876,0.9430942556891776,0
90,27,24,3,886878.7242987403,2623318.8703273297,64312.59800105888,286968.0541063081,26,0.33807507517671315,0.998366692781376,0.7777777777777778,874439.6234424432,295626.2414329134,0.3380750751764554,0.3380750751764554,0.33402825512023837,4.376861711425561,0.9129336945489454,0
90,22,19,3,2849489.472127637,12122192.020443873,421486.47946891974,1438935.9186676114,21,0.23506387849011018,0.9872878872759987,0.8636363636363636,4040730.673481291,949829.8240425456,0.2350638784900714,0.2350638784900714,0.32875188489331464,3.2899266116969352,0.8827182804072105,0
90,22,19,3,1597730.7805824452,7321751.028658658,260182.7385489188,866839.1877150241,21,0.2182170322820893,0.9869325222513218,0.8636363636363636,2440583.6762195528,532576.926860815,0.2182170322820297,0.2182170322820297,0.3341246016342625,3.197201252029634,0.9414916144866988,0
90,21,18,3,838883.3238131043,3801754.9474428,141089.1249347474,468478.511498359,19,0.22065686384577404,0.8150175258595462,0.8571428571428571,1267251.6491476,279627.7746043681,0.2206568638456579,0.2206568638456579,0.2543169935888011,3.094291168459919,0.9618923266062882,0
90,23,20,3,1448519.9198764884,8172291.954696879,292337.91455740825,942758.6480578078,23,0.17724769598371973,0.9670957790558927,0.8695652173913043,2724097.318232293,482839.9732921628,0.1772476959836764,0.1772476959836764,0.3291516976518719,3.224893525979667,0.9155088339422511,0
90,24,21,3,662253.5529828471,2587994.642035187,80239.2120438475,299298.0805230401,24,0.2558944837929796,0.8529876618348344,0.875,862664.8806783957,220751.1843276157,0.2558944837927818,0.2558944837927818,0.40098014636248436,3.7300725280771165,0.9616571421705317,0
90,23,20,3,251355.80942810254,1029103.789467834,33815.129566944845,120431.25570969426,22,0.2442472877860438,0.901436359364569,0.8695652173913043,343034.596489278,83785.26980936751,0.24424728778556912,0.24424728778556912,0.3665794118735508,3.431644771163783,0.8740745386229992,0
90,27,24,3,2018388.3717637232,4640052.803951859,97098.68267363463,521757.34750236775,25,0.43499254362886974,0.8677338422175032,0.7777777777777778,1546684.2679839528,672796.123921241,0.4349925436286822,0.4349925436286822,0.29882931136951196,5.121040310024901,0.9454942896225929,0
90,22,19,3,370876.5945408421,1466020.1178576506,49779.25105985492,174492.67131229382,21,0.2529819270710724,0.9870308629537738,0.8636363636363636,488673.37261921685,123625.53151361404,0.2529819270707273,0.2529819270707273,0.32732787008987174,3.3796577415337605,0.8892702342948847,0
90,23,20,3,1198158.4528384625,5027007.586170658,166471.7014492259,586171.8719132683,23,0.23834426988619803,0.9347386725413109,0.8695652173913043,1675669.195390219,399386.1509461542,0.23834426988610324,0.23834426988610324,0.3029690766442304,3.5211502423943832,0.946351054662483,0
90,21,18,3,1030633.5673755519,4920475.875417193,185230.58609722104,594312.5164350137,19,0.2094581080103269,0.9999280028155563,0.8571428571428571,1640158.6251390644,343544.5224585173,0.20945810801024178,0.20945810801024178,0.3333625057023424,2.9354458157325887,0.7701963260337795,0
90,25,22,3,3372143.7421911005,10049788.575142205,267105.7933180442,1147607.2700705023,24,0.33554374969953527,0.9563711795094875,0.76,3349929.5250474014,1124047.9140637002,0.33554374969946854,0.33554374969946854,0.3229281606395127,4.213845625213784,0.9433454738008827,0
90,23,20,3,848608.9845846443,3275832.7471163264,105531.4679361601,396343.6209079661,22,0.2590513771899389,0.7340326636073513,0.8695652173913043,1091944.2490387755,282869.66152821475,0.2590513771897807,0.2590513771897807,0.26443181606640004,3.602026544740467,0.8543604279545348,0
90,25,22,3,2994654.0880641895,5375171.33048874,95220.68969698204,648785.6274685314,25,0.5571271879423687,0.9978479686193308,0.76,1791723.7768295798,998218.0293547298,0.5571271879421614,0.5571271879421614,0.3343232673637936,6.813494310179112,0.9744293427243088,0
90,24,21,3,2691317.2376235374,7426062.7529645115,197281.0631392073,865241.4469442617,22,0.36241509493692214,0.9545299744915701,0.75,2475354.2509881705,897105.7458745125,0.3624150949368246,0.3624150949368246,0.31980211827874483,4.091734197295503,0.8071048741495913,0
90,23,20,3,1596298.4591484962,6235927.713032,201723.01103841324,730069.3662525405,23,0.2559841185798635,0.9182290394853821,0.8695652173913043,2078642.5710106667,532099.486382832,0.2559841185797814,0.2559841185797814,0.3403181883752093,3.6191675034530264,1,0
90,23,20,3,3128836.3355275756,14169504.34766202,480029.0440058453,1644824.8089375,21,0.22081480472135323,0.9808381177769824,0.8695652173913043,4723168.11588734,1042945.4451758586,0.22081480472132206,0.22081480472132206,0.32576515853411486,3.1823985262866024,0.9663065722657184,0
90,25,22,3,2233128.3666758942,5038522.186017798,112215.75277367615,592957.3303307649,24,0.44321098215514787,0.9463523773524503,0.76,1679507.3953392662,744376.1222252981,0.4432109821549719,0.4432109821549719,0.3113584166487712,5.17942357399439,0.9478124455569139,0
90,25,22,3,2125444.6423374848,4076588.797439698,78045.76620408852,494939.58600407233,24,0.521378227716234,0.8607083903780199,0.76,1358862.9324798994,708481.5474458282,0.5213782277159782,0.5213782277159782,0.3394152155008295,6.11933612490864,0.9582282960787405,1
90,27,24,3,1366821.2135756474,4310404.126832577,109021.58937988628,469812.24690286024,26,0.31709815909528516,0.9976347823341635,0.7777777777777778,1436801.3756108591,455607.0711918825,0.31709815909513805,0.31709815909513805,0.3322202431682771,4.229677390534477,1.0000000000000002,0
90,26,23,3,1725602.0306412943,4585232.1344525,109985.77322350792,526229.4696935411,26,0.37633907729013233,0.8121216366487658,0.7692307692307693,1528410.7114841668,575200.6768804315,0.3763390772899682,0.3763390772899682,0.2448676406223397,4.784523072992156,0.9489817278565413,0
90,26,23,3,1215629.2803959067,2757689.292821352,59310.00047790173,317861.59204416414,23,0.4408144469211661,0.9038568282597033,0.7692307692307693,919229.764273784,405209.7601319689,0.44081444692084637,0.44081444692084637,0.3533710240484042,4.987075641413742,0.9237576124688436,0
90,21,18,3,1482987.9569672805,6486453.830550427,238260.27969443545,858154.6727138767,20,0.228628461052533,0.5787651891115543,0.8571428571428571,2162151.276850142,494329.3189890935,0.22862846105246257,0.22862846105246257,0.2224311123018955,3.4781323914853153,0.8934556284731467,0
90,23,20,3,691421.3797146587,3097036.1939253146,104591.94844394157,359553.4734764891,22,0.223252599072179,0.9908550135964296,0.8695652173913043,1032345.3979751049,230473.79323821957,0.22325259907203482,0.22325259907203482,0.33242703281343794,3.334549391100681,0.8137159651487104,0
90,22,19,3,1509150.2988259927,6694866.847952368,235714.3885966533,793625.6497804371,22,0.22541901625531843,0.9959250166031671,0.8636363636363636,2231622.2826507892,503050.0996086642,0.22541901625525113,0.22541901625525113,0.33489115951949916,3.366895226472985,0.8405335806227127,0
90,21,18,3,1124263.4257787722,5191149.150439739,193661.22498385553,628619.3782678705,21,0.21657313115022325,0.9470365182418587,0.8571428571428571,1730383.0501465797,374754.4752595907,0.2165731311501398,0.2165731311501398,0.35791471475233716,3.24597439842193,0.9194313152343162,0
90,29,26,3,4122553.1209866796,6579540.863262277,84723.71525088267,749640.5774015075,28,0.6265715506084725,0.9975051687197392,0.7931034482758621,2193180.2877540924,1374184.3736622266,0.6265715506082822,0.6265715506082822,0.3321580054549573,8.589898735879506,0.9860607545441533,0
90,21,18,3,272337.83785641374,1210050.9349417998,44653.00462311362,146905.99367592655,21,0.2250631192390983,0.9298942701065754,0.8571428571428571,403350.3116472666,90779.27928547125,0.2250631192387263,0.2250631192387263,0.3651813833387456,3.2899464417360624,0.9684687875516733,0
90,27,24,3,1418708.9310422197,4377209.054904386,109574.0786615617,478202.8573471728,27,0.3241126739085769,0.9987548043156377,0.7777777777777778,1459069.6849681288,472902.9770140732,0.32411267390842885,0.32411267390842885,0.33376641910969684,4.3641969267185905,0.9018125329227976,0
90,25,22,3,1081988.5731706226,3647414.9859469747,102617.0565110541,412341.94897458004,25,0.2966453165705274,0.9981860984373205,0.76,1215804.9953156582,360662.85772354086,0.29664531657036475,0.29664531657036475,0.3331171754184093,4.018259371200572,0.9292564996174822,0
90,23,20,3,1350472.4546849506,5124813.038531147,164101.76451505203,613778.8052780895,22,0.2635164335813027,0.7787683388488389,0.8695652173913043,1708271.0128437157,450157.4848949835,0.26351643358119986,0.26351643358119986,0.35529602919513775,3.6106470317730768,0.9467408837869271,1
90,23,20,3,503734.27081497194,2074202.0033276237,68281.20576141964,241449.50935401,23,0.2428569011150277,0.9990313281932129,0.8695652173913043,691400.6677758746,167911.42360499065,0.24285690111479352,0.24285690111479352,0.33334183396403766,3.5361049451018647,0.9668116449585858,0
90,26,23,3,1872757.5172671098,3845376.614276449,75869.96526959001,445557.97203735186,26,0.48701537069575257,0.9408703761726483,0.7692307692307693,1281792.2047588164,624252.5057557033,0.4870153706954993,0.4870153706954993,0.34168415165387345,5.872652906170059,0.9373769383386084,0
90,22,19,3,842563.2872877091,4216838.503123314,153376.14617434566,497818.83933909587,21,0.19980923781250864,0.9897555409360819,0.8636363636363636,1405612.834374438,280854.429095903,0.19980923781241386,0.19980923781241386,0.3303557496152295,3.1332241602106303,0.8853383764570537,0
90,24,21,3,1351021.9605484963,5783735.756390196,184696.4081600708,659970.6690960315,24,0.2335898487505377,0.9580806721738934,0.875,1927911.918796732,450340.65351616545,0.23358984875045694,0.23358984875045694,0.3157912952396226,3.573272895055336,0.9019055351941445,0
90,26,23,3,1341679.9283803888,2306009.1836165423,37089.58673985208,273653.6554472767,23,0.5818189875010099,0.995798710723424,0.7692307692307693,768669.7278721808,447226.6427934629,0.5818189875005052,0.5818189875005052,0.3345253783691117,6.7637110622985075,0.9304444462346124,0
90,27,24,3,2565644.1343235355,6596559.658868026,149293.16757572183,728815.5629097029,26,0.38893669837034606,0.9894382834976594,0.7777777777777778,2198853.2196226753,855214.7114411785,0.3889366983702282,0.3889366983702282,0.33808757846671655,4.796196848222627,0.9825599729692537,0
90,22,19,3,280034.23482562695,1231368.968263507,43242.48788353999,145993.61914732633,22,0.22741699851370104,0.9777241593104165,0.8636363636363636,410456.3227545023,93344.74494187564,0.22741699851333166,0.22741699851333166,0.32680118968351346,3.376161416455454,0.7817059044582798,0
90,23,20,3,691693.8836839568,2628687.102091486,84217.09645250128,307132.3403485659,23,0.2631328327868901,0.9646535203140494,0.8695652173913043,876229.0340304953,230564.62789465228,0.2631328327866899,0.2631328327866899,0.3168617552503116,3.6469120081590876,0.894084846633786,0
90,24,21,3,2882353.6338049867,12423178.806984564,397534.3822158158,1415830.9487430598,23,0.23201417918771616,0.9989695160454098,0.875,4141059.6023281883,960784.5446016622,0.2320141791876788,0.2320141791876788,0.3328477064025616,3.4121128187696557,0.8917481245818559,0
90,27,24,3,3432504.0587494085,7326821.052531326,144233.9627326636,827510.6732931032,25,0.4684847676964967,0.9999927474216708,0.7777777777777778,2442273.6841771086,1144168.019583136,0.4684847676963689,0.4684847676963689,0.33333012923300864,5.538021142058251,0.9852584834139306,0
90,24,21,3,1496071.607951226,2950734.2877251916,60610.9449905819,358003.1319858291,23,0.5070167158643366,0.9562951261755471,0.75,983578.0959083972,498690.535983742,0.5070167158639929,0.5070167158639929,0.31454738586233283,5.726588534767217,0.9408206101870329,0
90,23,20,3,2220248.859686499,9696438.875635576,325051.73982387304,1126614.5538189916,23,0.22897569800240075,0.9845036229922646,0.8695652173913043,3232146.291878525,740082.953228833,0.22897569800235357,0.22897569800235357,0.34055442051942864,3.4659545413477058,0.9605680022403843,0
90,25,22,3,3283242.2980962317,5018036.361525387,69391.76253716621,636749.3321608338,25,0.6542882636859839,0.8212558364619608,0.76,1672678.787175129,1094414.0993654106,0.6542882636857231,0.6542882636857231,0.4110351623104303,9.176151590192205,0.9581559926353719,0
90,25,22,3,1238292.6419809954,1978312.5831907385,29600.797648389707,248686.52166714214,23,0.6259337642098897,0.9430599235815894,0.76,659437.5277302462,412764.2139936651,0.6259337642092568,0.6259337642092568,0.31270313712885583,8.013060913128502,0.9686663053008616,0
90,23,20,3,816856.1257454677,3557283.8826174755,119149.03290747861,427676.2966962649,23,0.22962916446921,0.7428315629457937,0.8695652173913043,1185761.294205825,272285.37524848926,0.2296291644690809,0.2296291644690809,0.3676024073429373,3.589423147267791,0.9507211980159251,0
90,24,21,3,4098340.8981052996,8019702.154789733,163390.0523618514,962889.1000056975,24,0.511034053260578,0.9319022701496703,0.75,2673234.0515965777,1366113.6327017664,0.5110340532604506,0.5110340532604506,0.31094352029178257,5.893192921361846,0.9999999999999999,0
90,25,22,3,2175659.1383167612,4948995.293400448,110933.44620334743,578888.2105899366,22,0.43961632802876016,0.9496625014166681,0.76,1649665.0978001493,725219.7127722538,0.4396163280285825,0.4396163280285825,0.34583018964914586,4.839428497625185,1,1
90,26,23,3,3023067.5541407303,7914514.602722704,188132.57879161436,897877.659056995,25,0.38196499796719946,0.8961567505999267,0.7692307692307693,2638171.5342409015,1007689.1847135768,0.381964997967103,0.381964997967103,0.3794525507640402,4.681407253487723,0.9037284762735883,0
90,27,24,3,8023372.019471186,13488510.986740984,202412.55434332587,1594130.02177671,25,0.5948300763040081,0.8769314858352872,0.7777777777777778,4496170.328913662,2674457.339823729,0.5948300763039199,0.5948300763039199,0.351984280525894,7.52097078509345,1,0
90,23,20,3,895110.7804871598,3381980.915675276,108124.78848643985,394931.34059805307,22,0.2646705592979875,0.9912139218731566,0.8695652173913043,1127326.9718917587,298370.26016238664,0.26467055929783095,0.26467055929783095,0.32957224877838004,3.512681280282189,0.8588265288973099,0
90,21,18,3,548881.2019503447,2584667.7301716483,96942.21562958587,314923.1816158944,21,0.2123604498724798,0.8762948515102609,0.8571428571428571,861555.9100572161,182960.4006501149,0.21236044987231542,0.21236044987231542,0.35689215804984964,3.24856595826075,0.9685064712834143,0
90,27,24,3,3338618.9702591477,8480573.959012887,190442.77736124967,940279.8192164649,26,0.39367842157789035,0.9926441831781014,0.7777777777777778,2826857.9863376287,1112872.9900863825,0.3936784215777976,0.3936784215777976,0.33493332250993235,4.795378183971406,0.9658521960463821,0
90,22,19,3,761852.8430631161,3978425.083869006,146207.82912754043,486989.96398339374,22,0.1914960887794386,0.7322086629481962,0.8636363636363636,1326141.694623002,253950.94768770537,0.19149608877934232,0.19149608877934232,0.43916158515863885,3.3308063383886948,0.9108523294936958,0
90,21,18,3,941814.7324198573,4239105.502688483,157013.8462032679,513645.9241792332,21,0.22217298716022205,0.9531592908543287,0.8571428571428571,1413035.1675628277,313938.2441399524,0.22217298716011724,0.22217298716011724,0.3551382461095008,3.2713415829009316,0.7603836062836786,0
90,25,22,3,5826059.471225642,16835408.48204788,440373.9604328894,1932528.5098450093,24,0.34605988191125897,0.8764998840713305,0.76,5611802.827349293,1942019.8237418805,0.3460598819112178,0.3460598819112178,0.2757942960261533,4.298244953939577,0.8833873414992773,0
90,23,20,3,1436995.0041634983,6325176.78488194,212529.64263993225,734486.9490576385,23,0.22718653612937598,0.9999709994008726,0.8695652173913043,2108392.261627313,478998.3347211661,0.2271865361293042,0.2271865361293042,0.3333198817705894,3.455927088244111,0.9469323787637608,0
90,21,18,3,466062.83606484986,2296093.4632913903,87144.31558221622,277502.7261870752,20,0.20298077735762463,0.9419459938961353,0.8571428571428571,765364.4877637968,155354.2786882833,0.20298077735744777,0.20298077735744777,0.35917822023511026,3.0737633362546033,0.9999999999999999,0
90,25,22,3,4072395.7236388368,8418217.279565278,173832.86223705774,1012685.5393528499,24,0.48375987318881053,0.8243173685254856,0.76,2806072.4265217595,1357465.2412129457,0.48375987318869573,0.48375987318869573,0.25920467903557776,5.726337137208324,0.9724619789432168,0
90,26,23,3,2577120.753861212,5777545.373767685,123093.25461178742,660684.9774028407,25,0.4460580726136573,0.9143369457183795,0.7692307692307693,1925848.4579225618,859040.2512870707,0.4460580726135029,0.4460580726135029,0.3499929472208685,5.199223607464225,0.9247984315755601,0
90,23,20,3,1433271.7037583517,5055902.861356363,157505.70250426134,603101.143599485,23,0.2834848182533238,0.8116848314929574,0.8695652173913043,1685300.9537854542,477757.23458611727,0.2834848182532117,0.2834848182532117,0.3961207020873492,3.829074973201932,0.9475138139442314,0
90,22,19,3,1258903.4985501794,5274631.091944719,182533.07242702445,628971.4266900021,22,0.2386713831935101,0.9103140769947164,0.8636363636363636,1758210.363981573,419634.4995167265,0.23867138319341963,0.23867138319341963,0.3089263528058868,3.4457943337255497,0.7802223901182868,0
90,25,22,3,3680654.0283732293,8731397.89864545,202029.75481088884,1036563.545873214,24,0.42154235451161925,0.7893515508256452,0.76,2910465.96621515,1226884.6761244098,0.4215423545115227,0.4215423545115227,0.4115402098821449,5.031617284846118,0.9385521224576728,0
90,22,19,3,1512689.3525476747,6846860.509445414,242462.32531353363,810959.9788770233,21,0.2209318198407374,0.9881219509659206,0.8636363636363636,2282286.8364818045,504229.78418255824,0.22093181984067292,0.22093181984067292,0.33075474752881734,3.21233949673452,0.9312181726779586,0
90,26,23,3,360809.4023684217,1561490.03906437,46180.02448830572,171512.95187784117,25,0.2310673736890337,0.9646769691296794,0.7692307692307693,520496.67968812335,120269.80078947391,0.23106737368873778,0.23106737368873778,0.3302066249675711,3.637600605948991,0.9999999999999999,0
90,23,20,3,1977956.9114024115,8639874.102432981,289648.5735230683,1011486.3158631041,23,0.2289335339788333,0.8803372761958194,0.8695652173913043,2879958.034144327,659318.9704674705,0.2289335339787803,0.2289335339787803,0.3757882781491108,3.4921156474435557,0.9290705882197582,0
90,22,19,3,822628.1649408579,4554283.937441941,169620.7169318674,542128.6764069363,22,0.18062733378954246,0.8541472915259913,0.8636363636363636,1518094.6458139804,274209.3883136193,0.18062733378946316,0.18062733378946316,0.2741230120001245,3.1961230102658993,0.9398958243331307,0
90,22,19,3,562159.567106728,2535485.858537694,89696.64961049845,300469.1509882779,22,0.22171670380789424,0.9761517676931378,0.8636363636363636,845161.952845898,187386.52236890933,0.22171670380771932,0.22171670380771932,0.34435882407665536,3.349836948087747,0.8197201282516922,0
90,26,23,3,3139524.2116510877,6851769.50065341,142778.66496162774,784905.821626237,24,0.45820633799068,0.9828050379162779,0.7692307692307693,2283923.1668844703,1046508.0705503626,0.45820633799054633,0.45820633799054633,0.32540997149589684,5.193534431333215,0.962703361617509,0
90,21,18,3,2665040.8034722083,12623563.284985233,474215.3562625251,1525754.3947344238,20,0.21111636574451687,0.9697200166144321,0.8571428571428571,4207854.428328411,888346.9344907361,0.21111636574448342,0.21111636574448342,0.3218425348055244,3.0908915975851747,0.9409968828084737,0
90,23,20,3,1016894.8810787798,4768329.795544667,163105.8658463429,552973.7514124634,22,0.21326018221908888,0.9676720447694466,0.8695652173913043,1589443.2651815556,338964.9603595933,0.21326018221899945,0.21326018221899945,0.3272460269641448,3.2776032090750804,0.9183432990895762,0
90,20,17,3,740001.1746938222,3728128.594649317,149406.37099777473,459604.7735727613,20,0.19849132236363515,0.9737705830433258,0.85,1242709.5315497725,246667.05823127404,0.19849132236352865,0.19849132236352865,0.3210435430872838,3.0762059910854163,0.9041597454693635,0
90,25,22,3,1227749.7848794896,2959131.5938335257,69255.27235816143,341604.9128095655,25,0.41490205688640464,0.9993609413977438,0.76,986377.1979445085,409249.9282931632,0.41490205688612425,0.41490205688612425,0.33317379272568126,4.932547388420982,0.9420710883717321,0
90,24,21,3,2884663.2661989094,11661137.84370111,365686.4407292582,1349050.4780578655,23,0.2473740817459631,0.843103927664149,0.875,3887045.9479003698,961554.4220663031,0.24737408174592068,0.24737408174592068,0.4058358535334187,3.561852273788557,0.973377903371572,0
90,22,19,3,732455.1329506777,3504952.9492566753,126022.628013909,414379.40575026727,22,0.20897716561524932,0.9986819612838765,0.8636363636363636,1168317.649752225,244151.71098355923,0.20897716561513005,0.20897716561513005,0.33372134945484727,3.2881349347931748,0.9562291643649113,0
90,25,22,3,2948149.1346349474,6116394.30779506,126729.80692640446,721499.0131803367,25,0.4820076970638055,0.9557051011540265,0.76,2038798.1025983533,982716.3782116491,0.4820076970636479,0.4820076970636479,0.3503389711431731,5.69320691535211,0.941246553809449,0
90,23,20,3,952126.035762142,4385686.961133163,149285.25762482703,508650.9679119155,21,0.21709849430656053,0.9940825655125456,0.8695652173913043,1461895.6537110545,317375.34525404737,0.21709849430646155,0.21709849430646155,0.333960214407673,3.117499896798222,0.9537347508243612,0
90,25,22,3,4018508.859376372,6740268.741103802,108870.39526909721,829739.7643363028,24,0.5961941598663462,0.8838163105741896,0.76,2246756.2470346005,1339502.9531254573,0.5961941598661693,0.5961941598661693,0.3642182977897557,7.4900758596688,0.9850977011992292,0
90,25,22,3,1332622.6882340573,2281205.2556527313,37943.30269674696,278948.6912416614,23,0.5841748281665098,0.994719593251374,0.76,760401.7518842438,444207.56274468574,0.5841748281659974,0.5841748281659974,0.3357685884768054,6.990685481637922,0.9399154685944549,0
90,22,19,3,1685094.2913236632,7084434.617999433,245424.56030344404,842666.7741440898,22,0.2378586834639004,0.9409705106230563,0.8636363636363636,2361478.2059998107,561698.0971078877,0.23785868346383332,0.23785868346383332,0.3112207060480489,3.4335063006684385,0.9077340003358099,0
90,23,20,3,3235551.2576333378,16066330.102610158,557859.9497816011,1860231.429865479,23,0.20138707700942135,0.9610931306138165,0.8695652173913043,5355443.367536719,1078517.0858777792,0.2013870770093963,0.2013870770093963,0.32015882184877803,3.3345850165268436,0.9999999999999999,0
90,22,19,3,1484310.180833777,7645868.815238703,280070.8470184058,918052.0102860135,21,0.19413231075522225,0.8174978515824993,0.8636363636363636,2548622.938412901,494770.06027792563,0.19413231075517148,0.19413231075517148,0.38899367598785994,3.183446194669776,0.9754588168364764,0
90,27,24,3,2607508.0749078724,6775037.107210845,154352.92712233236,747397.0954480392,24,0.38486993261369007,0.9826655191280717,0.7777777777777778,2258345.7024036148,869169.3583026241,0.3848699326135765,0.3848699326135765,0.33081073153813234,4.533905211808018,1.0000000000000002,0
90,24,21,3,2267742.1315929964,4761582.705247333,103910.02390226406,579933.2854038246,21,0.4762580578708494,0.9763004585431612,0.75,1587194.2350824445,755914.0438643321,0.47625805787064934,0.47625805787064934,0.3303393421311254,5.170162343891907,0.9506190256634753,0
90,25,22,3,2188431.839345511,4736848.736485485,101936.67588559896,554560.680977268,22,0.46200163042756576,0.9997556729049782,0.76,1578949.578828495,729477.279781837,0.46200163042737075,0.46200163042737075,0.3332331813214218,4.96181712496755,0.978034659281126,0
90,23,20,3,1818609.0634673832,8826573.708394071,304694.11499681254,1022083.4521151215,21,0.20603793992426303,0.997099009793537,0.8695652173913043,2942191.236131357,606203.0211557944,0.20603793992421635,0.20603793992421635,0.3332032091347267,3.1253404235469695,0.9238853444872813,0
90,21,18,3,647782.1159165181,3210096.2204443575,122014.95735846854,387280.5382225942,21,0.20179523336115052,0.9964106855636232,0.8571428571428571,1070032.0734814524,215927.37197217272,0.2017952333610248,0.2017952333610248,0.3317294798867508,3.1740414995321116,0.9098831863041806,0
90,25,22,3,2126618.4970452613,8458814.28421998,253287.83148698867,948442.9768207981,25,0.251408581107194,0.9783188676656864,0.88,2819604.76140666,708872.8323484204,0.25140858110713454,0.25140858110713454,0.3349857997713794,3.7445264198006876,0.9717252192472804,0
90,23,20,3,1530972.03525268,5773169.055897519,184443.3487236886,695384.1532336449,22,0.2651874595095161,0.7550403235583545,0.8695652173913043,1924389.685299173,510324.0117508934,0.2651874595094243,0.2651874595094243,0.3139439708128503,3.6175550227970876,0.936255382053519,0
90,27,24,3,569186.2153465436,645217.4634536366,2815.9721521145516,88258.08513589442,27,0.8821618254084368,0.5842175565301967,0.7777777777777778,215072.48781787886,189728.73844884787,0.8821618254057023,0.8821618254057023,0.24000255353826502,31.34195948574217,1.0000000000000002,0
90,23,20,3,1391625.8500208005,5551471.383109753,180862.84926473713,651523.3137254972,22,0.25067693841574057,0.8857922956979524,0.8695652173913043,1850490.4610365843,463875.28334026685,0.2506769384156503,0.2506769384156503,0.35024532662100344,3.441550256585799,0.9270521149299165,0
90,25,22,3,1291295.427194704,5124352.5499701705,153322.28491101868,574534.9358532145,25,0.25199191792570336,0.9849985440162601,0.88,1708117.5166567236,430431.8090649014,0.25199191792560505,0.25199191792560505,0.3269341384082591,3.747236979822609,0.9649467644554759,0
90,25,22,3,2687892.8784914683,10719363.077295577,321258.80795216444,1243174.4652820274,25,0.25075117421709303,0.7414726880790556,0.88,3573121.025765192,895964.2928304895,0.25075117421704624,0.25075117421704624,0.43319739795310214,3.8696976845636146,0.9115421922346105,0
90,27,24,3,2002238.7700354776,4673311.66082492,98928.62558479418,529687.317079353,25,0.42844109602602864,0.9258678605207111,0.7777777777777778,1557770.5536083067,667412.9233451592,0.4284410960258453,0.4284410960258453,0.3095938385022722,5.126353217835478,0.9658478523483083,0
90,25,22,3,844933.2391957027,1476697.5083305447,25270.570765393688,180423.85093062563,24,0.5721776019994477,0.9347889900858841,0.76,492232.5027768482,281644.41306523426,0.5721776019986728,0.5721776019986728,0.3589193814657499,6.956944455619409,0.9844684945548575,0
90,26,23,3,1721674.2832509659,3952104.7355095968,85785.78662533194,455818.53598059504,26,0.4356347815839279,0.8507064019810534,0.7692307692307693,1317368.2451698657,573891.4277503219,0.4356347815837074,0.4356347815837074,0.30618389658225037,5.313450559893585,0.9777038141414994,0
90,26,23,3,3351788.801736991,7092812.899132397,143885.54220751562,812574.2796771342,25,0.4725612883636778,0.9762228259992917,0.7692307692307693,2364270.9663774655,1117262.9339123303,0.47256128836354466,0.47256128836354466,0.34178107875759256,5.549214458551056,0.9808467767064329,0
90,24,21,3,2501459.1584389377,6272042.8939507045,157107.65564632358,737497.7976111199,22,0.39882685764970777,0.999452702727669,0.75,2090680.964650235,833819.719479646,0.3988268576495806,0.3988268576495806,0.33311773219796714,4.450270792244794,1,0
90,24,21,3,1940196.2288428298,5649511.211986693,154554.7909643276,658622.856111736,24,0.3434272729162709,0.9679348000580661,0.75,1883170.4039955642,646732.0762809432,0.34342727291614933,0.34342727291614933,0.31921635503355006,4.26141986280768,0.9813994155006428,0
90,27,24,3,825505.426524975,1275415.104600954,16663.32141022145,150367.19954429023,27,0.6472445116467458,0.8141843725935566,0.7777777777777778,425138.368200318,275168.475508325,0.6472445116457308,0.6472445116457308,0.3126550552893362,9.023843196292763,0.9110410117613402,0
90,25,22,3,2656425.662283533,4395776.888193764,69574.04903640925,560193.418298494,23,0.6043131236750418,0.6786286590548966,0.76,1465258.9627312545,885475.2207611776,0.6043131236747669,0.6043131236747669,0.2893774852774089,7.6957635453006,0.9246702934142104,0
90,24,21,3,1735370.6984961955,4623079.203350814,120321.18770227577,540664.4107175613,24,0.37537118058414853,0.9796687903625528,0.75,1541026.401116938,578456.8994987318,0.37537118058398616,0.37537118058398616,0.33532585786035807,4.493509589108233,0.9550924748489626,0
90,22,19,3,609918.4182344833,2707820.5998416794,95359.19007305433,321151.08314696775,20,0.22524328911225464,0.9657126608650652,0.8636363636363636,902606.8666138932,203306.13941149446,0.22524328911208824,0.22524328911208824,0.3375653863697492,3.1077804267083455,1.0000000000000002,0
90,27,24,3,3065437.1030032136,5594132.746488003,93655.39420314034,653094.6940940173,26,0.5479736076923,0.9245385948722891,0.7777777777777778,1864710.915496001,1021812.3676677379,0.5479736076921041,0.5479736076921041,0.300470137648593,6.85166373015161,0.9628525216325411,0
90,22,19,3,498398.22774247633,2758506.6430241833,102732.20069462304,324955.68754919583,21,0.18067682708057423,0.9629605711635436,0.8636363636363636,919502.2143413945,166132.74258082543,0.1806768270804432,0.1806768270804432,0.3247434798550198,3.0364394850007117,0.8654282207780325,0
90,22,19,3,529843.0829157319,2678171.3868533233,97651.2865426178,316103.9412864804,21,0.19783763112265387,0.9999549235825764,0.8636363636363636,892723.7956177745,176614.36097191065,0.1978376311225061,0.1978376311225061,0.33331407194339796,3.112597991663226,0.9218120133658414,0
90,25,22,3,796318.2501278211,2176723.1435242384,55216.1957358567,251617.28378430963,22,0.3658335018380752,0.9676786421233677,0.76,725574.3811747461,265439.4167092737,0.3658335018377391,0.3658335018377391,0.3470142901241766,4.25248843324329,0.9420888428667984,0
90,23,20,3,1379229.0079957084,5685062.313024147,187210.14369688858,662507.134175243,22,0.24260578548729927,0.953188157137036,0.8695652173913043,1895020.7710080491,459743.0026652361,0.24260578548721393,0.24260578548721393,0.3264592800237343,3.4212644873581457,0.9593888063391995,0
90,22,19,3,852934.1919039274,5066552.0170401195,191528.08296073604,596576.2342157459,20,0.16834608408936128,0.9347034657543803,0.8636363636363636,1688850.6723467065,284311.3973013091,0.16834608408929483,0.16834608408929483,0.3490343565571201,2.8818575548400416,0.8304235008016231,0
90,25,22,3,2289223.270591672,6160896.913827825,154866.94572944613,705598.0769607926,23,0.3715730522049887,0.9804298970406621,0.76,2053632.3046092752,763074.4235305573,0.3715730522048681,0.3715730522048681,0.3415976315415338,4.236645182678048,0.9047596217718761,0
90,23,20,3,898887.4577405205,2703272.9029860143,78451.54109763016,320557.67988623405,22,0.3325182066328871,0.9770621979831939,0.7391304347826086,901090.9676620048,299629.1525801735,0.3325182066326411,0.3325182066326411,0.3266576407565726,3.9167713284634558,0.8848196076012317,0
90,23,20,3,980155.5950554332,3848405.138402763,124706.50188466652,448980.37465532153,22,0.25469137468774433,0.9742247473381499,0.8695652173913043,1282801.712800921,326718.5316851444,0.25469137468761194,0.25469137468761194,0.32118993142991675,3.4399564494048613,0.8549239443961056,0
90,26,23,3,3354218.801073268,6868657.006474009,135170.70020772086,793244.026183038,25,0.48833691912571586,0.960912634586181,0.7692307692307693,2289552.3354913364,1118072.9336910893,0.48833691912557364,0.48833691912557364,0.33708648631380395,5.771386050759524,0.915668461510524,0
90,23,20,3,395057.0767794582,1577338.1043896321,51403.52293957278,184057.283335979,23,0.2504580823095498,0.9542679902885551,0.8695652173913043,525779.3681298774,131685.6922598194,0.2504580823092322,0.2504580823092322,0.3117750767940366,3.5806355830662855,0.8627086946607867,0
90,25,22,3,1733332.3014562102,3386306.149616707,66118.95392641988,404627.86040561553,23,0.5118652079499347,0.9998279180001615,0.76,1128768.7165389024,577777.4338187367,0.5118652079496323,0.5118652079496323,0.33332462261111817,5.667829355727764,0.9781367387110564,0
90,24,21,3,1089885.3885904897,4104006.4783925647,125588.37874175316,469870.94901891804,23,0.2655661959425329,0.9879710361697074,0.875,1368002.1594641882,363295.12953016325,0.2655661959424035,0.2655661959424035,0.3324361318873602,3.60381561127305,0.9102674126173135,0
90,22,19,3,1034347.9448426586,4753637.247221405,169058.6046535794,562760.8372673242,20,0.21759084487295235,0.9996546994242576,0.8636363636363636,1584545.7490738016,344782.6482808862,0.21759084487286082,0.21759084487286082,0.33325900720105833,3.0572157272869527,0.858899250139438,0
90,24,21,3,746238.1020656661,2913609.8356350125,90307.15556538943,333265.6633544824,23,0.256121493323683,0.9703817056567514,0.875,971203.2785450042,248746.0340218887,0.2561214933235072,0.2561214933235072,0.3416925349354928,3.5538275716766936,0.8767244877134102,0
90,22,19,3,908230.0265493415,4184463.1106702685,148919.68564186027,497752.0607589862,22,0.21704816186171227,0.9033994639418479,0.8636363636363636,1394821.0368900895,302743.34218311385,0.21704816186160855,0.21704816186160855,0.29554847021058556,3.342419496860187,0.9999999999999999,0
90,23,20,3,646969.6172658834,2870832.2350586154,96689.6790344666,339516.978516118,23,0.225359604565137,0.8132796365782081,0.8695652173913043,956944.0783528718,215656.5390886278,0.22535960456498,0.22535960456498,0.35048712028419965,3.511408682943092,0.8455900126082059,0
90,21,18,3,949391.449907465,4128328.1179890586,151377.93657531397,500140.4529830937,19,0.22996995945411705,0.9943217504550073,0.8571428571428571,1376109.3726630195,316463.81663582165,0.2299699594540056,0.2299699594540056,0.3311311093753918,3.0484769928118145,0.955463572408755,0
90,27,24,3,969962.4530402477,2260058.814446337,47781.34671874405,256986.29047447577,27,0.42917575721472423,0.7820660610388621,0.7777777777777778,753352.938148779,323320.8176800826,0.4291757572143444,0.4291757572143444,0.41964100342408417,5.378381065351697,0.8879110938779977,0
90,26,23,3,2456758.9734981027,7272129.631571807,185206.56377206554,813010.1311208229,26,0.3378321204330289,0.9671860767271432,0.7692307692307693,2424043.2105239355,818919.6578327009,0.33783212043293603,0.33783212043293603,0.3369188860189722,4.389747936347482,0.9504873174091923,0
90,22,19,3,451509.9373712879,2278499.038625825,83044.9591479335,269479.51323013386,21,0.1981611270037655,0.9377818078357503,0.8636363636363636,759499.6795419417,150503.31245709598,0.19816112700359156,0.19816112700359156,0.30689991449299764,3.115829230504971,0.9534847096618634,0
90,24,21,3,1442623.5175724314,3027961.352405275,66055.74311803516,364202.8776914376,23,0.47643392688153047,0.9447016273857588,0.75,1009320.4508017584,480874.50585747714,0.4764339268812158,0.4764339268812158,0.3075549465887595,5.313902320631776,0.9517357698105366,0
90,23,20,3,1812330.7701970693,7799599.718910795,260316.0412484228,911506.4661696443,23,0.232362023118018,0.899258535798716,0.8695652173913043,2599866.572970265,604110.2567323564,0.23236202311795842,0.23236202311795842,0.3186288462527003,3.501537829919136,0.8723072966623158,0
90,26,23,3,2136576.8661200968,5362375.318540772,124069.17124694906,607235.7374040408,25,0.39843851636649535,0.9573175989505439,0.7692307692307693,1787458.439513591,712192.2887066989,0.39843851636634675,0.39843851636634675,0.313278178469558,4.810896734028616,0.973383176038924,0
90,23,20,3,373894.0685618712,1464712.3561797612,47426.88207034304,176597.8482402214,22,0.25526791453907055,0.7457078392303366,0.8695652173913043,488237.4520599204,124631.3561872904,0.25526791453872194,0.25526791453872194,0.3089048255221488,3.586102628381393,1.0000000000000002,0
90,23,20,3,6607210.605461723,30826479.96165254,1053011.711138731,3573479.141232162,23,0.21433555221617043,0.9974560685073188,0.8695652173913043,10275493.320550846,2202403.5351539077,0.21433555221615652,0.21433555221615652,0.33245173134299605,3.393579675732565,1.0000000000000002,0
90,28,25,3,3681004.755358606,6233111.771300349,91146.67914077654,705702.9879816484,24,0.5905565134106501,0.9966862638618705,0.7857142857142857,2077703.9237667832,1227001.5851195354,0.5905565134104606,0.5905565134104606,0.332748491875341,7.130675829594838,0.9202724018394032,1
90,26,23,3,2454300.356464001,4187389.3454422834,66657.26880685704,504188.1397170918,24,0.586117065788203,0.8291208685917495,0.7692307692307693,1395796.4484807611,818100.1188213336,0.586117065787923,0.586117065787923,0.2716432935784565,7.055794115842473,0.9702247229793292,0
90,27,24,3,1878991.6139350776,4839423.500788152,109645.62543900272,535112.9984085864,26,0.3882676549445766,0.9886386502980746,0.7777777777777778,1613141.166929384,626330.5379783591,0.3882676549444162,0.3882676549444162,0.3352284635124409,4.794721674863068,0.974037900143287,0
90,27,24,3,1772884.3881859423,4336699.811227225,94956.12677930674,480863.6864413244,25,0.4088095707237417,0.9963780459076382,0.7777777777777778,1445566.6037424083,590961.4627286474,0.4088095707235531,0.4088095707235531,0.33173154699796814,4.884296879820963,0.9489061038390201,0
90,25,22,3,2567711.844401453,3226512.0494936337,26352.00820368724,431513.18281878106,25,0.7958165985475344,0.9340628187162036,0.76,1075504.016497878,855903.9481338178,0.7958165985470411,0.7958165985470411,0.30938650349861924,16.374963891443677,0.9660664197328799,1
90,22,19,3,1683682.0293110479,7150914.716100929,248510.57667226737,849500.6795914853,21,0.23544988244928308,0.9641973152300829,0.8636363636363636,2383638.23870031,561227.3431036826,0.23544988244921727,0.23544988244921727,0.31903673760900336,3.2999617010773505,0.818588341977064,0
90,22,19,3,1933541.2383211916,8796099.103592252,311934.4484214119,1043530.9159545873,22,0.21981803701271738,0.9384456250845647,0.8636363636363636,2932033.034530751,644513.7461070638,0.2198180370126674,0.2198180370126674,0.30709633876586245,3.3453532344124755,0.764759021973161,0
90,25,22,3,2530494.377830477,5101648.279766365,102846.1560774355,616512.3840323684,24,0.49601506004758666,0.7884597530106074,0.76,1700549.4265887884,843498.1259434923,0.4960150600473922,0.4960150600473922,0.2960823275612848,5.895252441087663,0.9384525304613749,0
90,27,24,3,3109666.496443731,7508438.153869934,162917.46879356305,831734.1888631678,26,0.4141562376511764,0.9971014045031328,0.7777777777777778,2502812.717956645,1036555.4988145769,0.4141562376510661,0.4141562376510661,0.33409172511003904,4.9347115462538245,0.9754771260016648,0
90,23,20,3,546676.4796926188,2391901.4188718605,80227.17126866267,277910.9980560357,23,0.22855309812485086,0.9809132091300529,0.8695652173913043,797300.4729572869,182225.49323087293,0.2285530981246597,0.2285530981246597,0.33280235022074467,3.464050815426491,0.9193929912371845,0
90,22,19,3,392039.1058113894,1808815.3968770863,64398.922321168015,214294.6432694916,21,0.21673804108922717,0.9609903906756907,0.8636363636363636,602938.4656256954,130679.7019371298,0.2167380410889875,0.2167380410889875,0.35114430956036335,3.1854895711790756,0.8274045200970541,0
90,25,22,3,4904965.30006252,10391576.79342708,219464.45973458237,1226834.2046337905,24,0.47201357383650916,0.9809312532464429,0.76,3463858.93114236,1634988.4333541736,0.4720135738364184,0.4720135738364184,0.3266720396174676,5.486467534081858,0.9999999999999998,0
90,23,20,3,824589.9804017756,3054244.8355640676,96941.51544183875,357484.0726849425,22,0.26998162386978963,0.9496002191762922,0.8695652173913043,1018081.6118546892,274863.32680059184,0.26998162386961283,0.26998162386961283,0.35102683531343276,3.5279383248016045,0.9999999999999999,0
90,27,24,3,4110816.823297483,6465088.649175215,87195.25281028634,770956.3937411511,26,0.635848485050748,0.9167301033367783,0.7777777777777778,2155029.5497250715,1370272.2744324943,0.6358484850505514,0.6358484850505514,0.37254667128865065,8.5808867551148,0.975907915656654,0
90,24,21,3,1394850.267693271,4527881.3211671915,130542.96056141336,528058.1718173828,24,0.30805804497839623,0.8672902991828453,0.75,1509293.7737223972,464950.08923109033,0.30805804497826017,0.30805804497826017,0.3636477472593666,4.045091129712161,0.8975198089708027,0
90,26,23,3,1603692.043396807,2547404.285650325,36296.6247020584,309844.92712971405,26,0.6295396660945682,0.9294762515064446,0.7692307692307693,849134.7618834417,534564.0144656023,0.6295396660940739,0.6295396660940739,0.30902810356081817,8.536466673266348,0.9527187082173277,0
90,26,23,3,1681628.7728163013,2506265.5708707245,31716.799925170115,307722.1607358445,25,0.6709699053286682,0.9156447227091907,0.7692307692307693,835421.8569569081,560542.9242721004,0.6709699053281327,0.6709699053281327,0.33842889286584166,9.459606181053942,1.0000000000000002,1
90,22,19,3,1143649.1733119104,5742798.103332352,209052.22409183823,681711.5053692951,21,0.19914493818755183,0.8979754501543289,0.8636363636363636,1914266.0344441172,381216.3911039701,0.1991449381874825,0.1991449381874825,0.3810688181619983,3.1526088509038575,0.8435092282268208,0
90,24,21,3,1127062.6072819172,5267070.048589342,172500.31005447602,602293.366005265,23,0.2139828399630948,0.8948009911385354,0.875,1755690.0161964474,375687.53576063906,0.21398283996301354,0.21398283996301354,0.3055392524882062,3.3956512717279903,0.9765254039015017,0
90,26,23,3,4203301.219659035,7459935.684371643,125255.17171971567,881851.7713809452,25,0.5634500614347481,0.9673968598684158,0.7692307692307693,2486645.228123881,1401100.4065530116,0.5634500614345971,0.5634500614345971,0.3486851561364933,6.817320475672696,0.9783786619708775,0
90,27,24,3,1520391.0969886763,3421011.586992873,70393.35148163691,386587.9315542947,25,0.44442734504874376,0.9264589771299493,0.7777777777777778,1140337.195664291,506797.0323295588,0.4444273450484839,0.4444273450484839,0.30357308745842804,5.239964024546373,0.9784205439396597,0
90,27,24,3,7331532.887468077,11966147.643810345,171652.3983830469,1413087.6231178034,25,0.6126894891907674,0.8479072810622394,0.7777777777777778,3988715.881270115,2443844.2958226926,0.612689489190665,0.612689489190665,0.27394033296751835,7.908619788102756,0.9376705677905075,0
90,25,22,3,1220945.66461766,3282853.4922302244,82476.31310450258,382347.17301370273,24,0.3719159772152464,0.8038307995290432,0.76,1094284.4974100748,406981.88820588664,0.37191597721501973,0.37191597721501973,0.3541046059590694,4.463328417318757,0.9847057010254227,0
90,25,22,3,2120477.2961340947,6073752.554162008,158131.01032111657,694057.1384821242,24,0.34912144958567654,0.9282805934497367,0.76,2024584.1847206692,706825.7653780315,0.34912144958556157,0.34912144958556157,0.32392236762568555,4.260013135554525,0.9713511321815198,0
90,26,23,3,3557951.7355106445,10802613.092941765,278640.8214396584,1211091.4622726855,24,0.32936028578446613,0.9051236253403743,0.7692307692307693,3600871.0309805884,1185983.9118368814,0.3293602857844051,0.3293602857844051,0.35140002795501674,4.134976585293593,1,0
90,24,21,3,2030430.4775743398,3114781.1201660004,45181.276774652564,401246.037169896,22,0.651869392821245,0.9382677515053566,0.75,1038260.3733886668,676810.1591914466,0.6518693928208265,0.6518693928208265,0.32510148036564984,8.434862700942675,0.9772880114560214,0
90,24,21,3,1417640.870837696,2791062.242793218,57225.89049814677,342181.31912566297,23,0.5079216253588283,0.8551525650852276,0.75,930354.0809310727,472546.95694589865,0.5079216253584643,0.5079216253584643,0.39751228931428495,5.866404333060067,0.979198190156991,0
90,25,22,3,1358236.1193620753,3216199.155366216,74318.52144016563,372564.17497048597,22,0.4223109495863903,0.9246241293150845,0.76,1072066.385122072,452745.3731206918,0.4223109495861277,0.4223109495861277,0.36387669096988934,4.6405720369733645,0.9644602756438444,0
90,26,23,3,4735778.585156892,10333672.918178797,215303.62819315013,1192114.951628405,24,0.4582860927236573,0.8906550982432817,0.7692307692307693,3444557.6393929324,1578592.861718964,0.45828609272356857,0.45828609272356857,0.29511297635405137,5.337690342497913,0.9332632043588657,0
90,27,24,3,211257.97323054698,600410.3922717174,14413.052557080393,65907.44392563768,25,0.35185595710773393,0.9986503861059444,0.7777777777777778,200136.7974239058,70419.32441018232,0.35185595710656187,0.35185595710656187,0.33320442487041857,4.40714907866696,0.974643165589471,0
90,26,23,3,1537800.9856988888,3295389.154476161,67599.54495297202,377093.63858385384,24,0.4666523174082828,0.9895927081845799,0.7692307692307693,1098463.0514920538,512600.32856629626,0.4666523174079995,0.4666523174079995,0.33765571001538697,5.3761827277530845,0.9619436350277552,0
90,23,20,3,608516.492938584,2715881.395156161,91624.56096598155,315594.2443655011,22,0.22405856677823396,0.9565861586874385,0.8695652173913043,905293.7983853869,202838.830979528,0.22405856677806898,0.22405856677806898,0.31590701520520514,3.3311937482711835,0.8684068269527491,0
90,20,17,3,659521.4515689702,3064492.3236704413,120248.54360507356,378791.29297063436,19,0.21521393493941762,0.9802713527291496,0.85,1021497.4412234804,219840.4838563234,0.21521393493927715,0.21521393493927715,0.3409114275202418,3.003220237713313,0.8838725096716756,1
90,23,20,3,1531379.2111245699,3403921.9652021606,81414.9023511996,416550.17665705876,23,0.44988669739765047,0.9999045277590053,0.7391304347826086,1134640.6550673868,510459.7370415233,0.44988669739738607,0.44988669739738607,0.33329052602596665,5.116387351974817,0.9385155644249144,0
90,25,22,3,1391759.7776121376,3101261.2266719723,68380.05796239339,362638.70006162237,25,0.4487721852135672,0.9608621885959774,0.76,1033753.7422239907,463919.92587071256,0.4487721852132778,0.4487721852132778,0.3241370473535403,5.303281554042519,0.9608194193233737,0
90,26,23,3,4709336.113412101,8208688.958011983,134590.49402307233,979384.3395820922,25,0.5737013714979469,0.9993544042692407,0.7692307692307693,2736229.652670661,1569778.7044707004,0.5737013714978072,0.5737013714978072,0.3333611224839565,7.153780220675623,1.0000000000000002,0
90,22,19,3,966268.6321795718,4463366.935465331,158959.01378571635,529342.1142066945,22,0.21648872838607797,0.9381114609088038,0.8636363636363636,1487788.9784884437,322089.54405985726,0.216488728385981,0.216488728385981,0.317301629700106,3.3300540912825527,0.9509237753899529,0
90,24,21,3,1802190.3698869792,7687172.979235854,245207.6087228699,880438.6164968656,23,0.23444124059061983,0.9066338950614188,0.875,2562390.993078618,600730.1232956598,0.2344412405905589,0.2344412405905589,0.2952718029179933,3.4870202980755676,0.9628631428105363,0
90,26,23,3,3960759.4751529302,8508323.545423519,174906.3103950227,980645.6629102418,25,0.46551585092023084,0.971946498214389,0.7692307692307693,2836107.8484745063,1320253.15838431,0.46551585092012143,0.46551585092012143,0.3423345743857435,5.501267897124393,0.9536776322278114,0
90,23,20,3,837528.6772914011,3314594.9190303264,107698.53224951848,386398.3117439712,23,0.25267904457422047,0.9979574799369595,0.8695652173913043,1104864.9730101088,279176.2257638004,0.252679044574068,0.252679044574068,0.3326212188115836,3.5877769517338156,0.8132210470386085,0
90,26,23,3,2051455.2192955392,4007821.7629631227,75244.86706413781,467041.09858818527,26,0.5118628872802754,0.9831607227713345,0.7692307692307693,1335940.5876543743,683818.4064318464,0.5118628872800199,0.5118628872800199,0.3296953297474673,6.206949614036506,0.9528548586406161,0
90,22,19,3,958913.145151696,4562006.923731319,163776.98993543742,546464.8389740244,22,0.2101954602837778,0.8452508779129486,0.8636363636363636,1520668.9745771063,319637.71505056537,0.2101954602836857,0.2101954602836857,0.32421727887842067,3.3366398978642224,0.8305274239826443,0
90,26,23,3,1842702.3630768773,3438561.632823931,61379.20268257901,403704.7411473466,23,0.5358933646808057,0.9527548317739591,0.7692307692307693,1146187.2109413103,614234.1210256257,0.535893364680494,0.535893364680494,0.3164472413629644,6.117534794494758,1,0
90,22,19,3,814795.6082547876,3659126.6718666293,129287.77561872004,433777.5744151072,22,0.2226748842884178,0.9668101805149824,0.8636363636363636,1219708.8906222098,271598.5360849292,0.22267488428829607,0.22267488428829607,0.3489346413063349,3.355132164165286,0.9682762235155039,0
90,22,19,3,766290.4852601838,3274910.824618592,114028.197243564,388648.5303336419,22,0.2339881988539932,0.9976904535006711,0.8636363636363636,1091636.9415395306,255430.1617533946,0.23398819885385028,0.23398819885385028,0.33303024961704714,3.408354597592042,0.9228248534126978,0
90,25,22,3,1536405.5245548175,3074217.7031588242,61512.48714416028,364255.7992161011,21,0.4997712175606914,0.9780593365637372,0.76,1024739.2343862747,512135.17485160584,0.4997712175603663,0.4997712175603663,0.3288764912937468,5.2939944553634914,0.9850311043148533,0
90,22,19,3,719211.6793942314,2823970.3945437176,95670.85068861303,336231.730848797,20,0.2546810266791707,0.9861013011498785,0.8636363636363636,941323.4648479059,239737.2264647438,0.25468102667899034,0.25468102667899034,0.33957574691857867,3.202736629125023,0.9131404066246639,0
90,25,22,3,2935315.0442498573,5070245.579167022,85397.2213966866,617130.3165948982,24,0.5789295603964638,0.9662256129724378,0.76,1690081.8597223407,978438.3480832857,0.5789295603962354,0.5789295603962354,0.3481314971832427,7.104129851404493,0.9818728792041466,0
90,21,18,3,1026764.5493918703,5148495.521766758,196272.9034464232,621076.8084417005,21,0.19943001699248372,0.9651942808885043,0.8571428571428571,1716165.1739222526,342254.8497972901,0.19943001699240626,0.19943001699240626,0.33825586834888416,3.164353293464536,0.9423660242968311,0
90,22,19,3,506815.7332881487,2308727.372598817,81905.0745141213,278098.7517960778,21,0.21952168943942157,0.8205849250833571,0.8636363636363636,769575.7908662724,168938.57776271625,0.21952168943923137,0.21952168943923137,0.28924595695103683,3.2894477022822595,0.8560446285553338,0
90,27,24,3,3484330.4991215756,7396889.627873806,144909.59736119377,832394.4348247022,25,0.4710534663098191,0.9987268564731807,0.7777777777777778,2465629.8759579356,1161443.499707192,0.4710534663096918,0.4710534663096918,0.3336881680415267,5.466852348831455,0.9616551621025563,0
90,21,18,3,2540438.0308799255,11076133.210438149,406461.67521705816,1366958.4462756123,20,0.2293614551769373,0.8146476860156,0.8571428571428571,3692044.403479383,846812.6769599752,0.2293614551768959,0.2293614551768959,0.41416615534687623,3.253356520767881,0.8789914448006184,0
90,26,23,3,1531498.7729046773,2493719.617363273,37008.494017638295,301770.61999475776,24,0.6141423286886554,0.978713371870157,0.7692307692307693,831239.8724544244,510499.5909682258,0.6141423286881629,0.6141423286881629,0.3301455024572657,7.812542911719276,0.9725686220833252,0
90,23,20,3,3352215.0746310386,13561811.232974619,443895.4851453728,1584525.7579315612,23,0.2471804847482399,0.9250558463048705,0.8695652173913043,4520603.744324873,1117405.024877013,0.24718048474820345,0.24718048474820345,0.32321506882845147,3.5695919669222813,0.9515917489179947,0
90,26,23,3,1553659.2568378658,2648701.136426165,42116.995368780736,316731.99570196413,25,0.5865740137573989,0.9832881840076096,0.7692307692307693,882900.3788087216,517886.4189459553,0.5865740137569561,0.5865740137569561,0.3372083119375041,7.281232578454932,0.9575736456496523,0
90,22,19,3,893521.722027365,4585090.563495791,167798.5837031102,552031.1105829772,22,0.19487547948146225,0.8032463952638766,0.8636363636363636,1528363.5211652636,297840.5740091217,0.19487547948137726,0.19487547948137726,0.25053646121663414,3.2898436828072897,0.9418319769013808,0
90,22,19,3,1100728.335473542,5225449.304204237,187487.31676048614,628146.3272178215,22,0.21064759629142685,0.8251329216595152,0.8636363636363636,1741816.4347347456,366909.44515784737,0.21064759629134622,0.21064759629134622,0.38426883477916884,3.350340375380827,0.8724724898388134,0
90,25,22,3,1084189.9472164642,2116971.003313492,41311.242243881105,254276.42095078036,23,0.512142086745153,0.9524099663502974,0.76,705657.0011044974,361396.6490721547,0.5121420867446691,0.5121420867446691,0.323109832644324,5.836066588240587,0.9152637523667345,0
90,23,20,3,444178.6735335602,2134877.234070651,73508.63306683,247886.69388160922,22,0.20805818079122984,0.930213284721064,0.8695652173913043,711625.744690217,148059.55784452005,0.20805818079103489,0.20805818079103489,0.30052586446367757,3.2707969532888206,0.8792970567879654,0
90,25,22,3,7317961.761914144,12980034.592723545,226482.913232376,1557119.0677084355,23,0.563785998383698,0.9993525647436204,0.76,4326678.197574515,2439320.5873047146,0.5637859983836111,0.5637859983836111,0.3330892114761598,6.523257392405589,0.9364404592851926,0
90,25,22,3,3043011.9492062167,6195124.322412047,126084.4949282332,737236.8167392202,23,0.4911946541891093,0.9762045530280562,0.76,2065041.4408040156,1014337.3164020722,0.4911946541889507,0.4911946541889507,0.33391373127156426,5.4630650134021455,1,0
90,25,22,3,3080986.6633834615,7875289.0473658815,191772.0953592968,911548.4551756006,23,0.39122204211838996,0.9002906411114313,0.76,2625096.3491219603,1026995.5544611538,0.3912220421182907,0.3912220421182907,0.37830031390619345,4.497166128553975,0.9107247492190627,0
90,25,22,3,464234.8118422006,1955247.0598650393,59640.48992091356,220204.44573018662,23,0.2374302569589374,0.8889740244650933,0.88,651749.0199550131,154744.93728073352,0.23743025695869455,0.23743025695869455,0.3797214987169413,3.4883767900415616,0.9126290445917945,0
90,22,19,3,1686586.139183956,8199058.578361724,296021.47450808034,975870.9056106132,21,0.20570485294919696,0.884155661795201,0.8636363636363636,2733019.5261205747,562195.3797279854,0.2057048529491468,0.2057048529491468,0.2909064583443343,3.190297775157094,1,0
90,22,19,3,1341651.3093257227,6061385.576207881,214533.37576737077,718650.0628805656,22,0.22134399675739885,0.9552425286799322,0.8636363636363636,2020461.8587359602,447217.1031085742,0.22134399675732583,0.22134399675732583,0.31327588564339676,3.3498287168915097,1.0000000000000002,0
90,22,19,3,478522.50281593483,2021574.6218721643,70138.73268437407,247528.69513884478,22,0.2367078106533323,0.7575891388364893,0.8636363636363636,673858.2072907215,159507.50093864495,0.23670781065309812,0.23670781065309812,0.3226391842127351,3.529129849682351,0.8721702528230426,0
90,26,23,3,881136.4256983352,1582975.9760866591,26993.828861089383,186822.90593266342,24,0.5566328478819196,0.9825018802921133,0.7692307692307693,527658.6586955531,293712.14189944504,0.5566328478812163,0.5566328478812163,0.3413562687737201,6.600036225780461,0.9682835504710966,0
90,25,22,3,1647672.0866014457,2326376.619973364,27148.181334876717,300079.5581254447,23,0.7082568112378996,0.9949283462552159,0.76,775458.8733244546,549224.0288671486,0.7082568112372906,0.7082568112372906,0.33473845285457027,10.51840408590225,0.9544164371280764,0
90,26,23,3,2093510.901207421,5203488.267284606,119614.51407989168,612763.4733590747,25,0.4023283600674858,0.721330315686368,0.7692307692307693,1734496.0890948686,697836.9670691403,0.40232836006733114,0.40232836006733114,0.2942707659660714,5.024709625254218,0.9619921279067413,0
90,21,18,3,873835.7855777243,4149183.872005874,155968.95649657852,501234.2715567876,20,0.2106042567728068,0.999963668774688,0.8571428571428571,1383061.2906686247,291278.5951925748,0.21060425677270525,0.21060425677270525,0.33333856522603367,3.068822496913589,1.0000000000000002,0
90,26,23,3,4563533.543006824,6920803.314045112,90664.22196301102,846339.2932335259,24,0.6593936189090807,0.8772509627901148,0.7692307692307693,2306934.438015037,1521177.8476689414,0.6593936189088901,0.6593936189088901,0.39119231776910707,8.887058051549836,0.9620672469684326,0
90,22,19,3,432360.4664982004,2179272.9264731007,79405.11181704093,257982.8353719069,21,0.1983966584661459,0.9251018115370593,0.8636363636363636,726424.3088243669,144120.15549940013,0.1983966584659638,0.1983966584659638,0.358488040930414,3.109147599011797,0.8549179139659668,0
90,21,18,3,2875213.2986975657,14750753.076780222,565501.8941944123,1783763.601483105,19,0.1949197633321762,0.9181297228379374,0.8571428571428571,4916917.692260074,958404.4328991886,0.19491976333214975,0.19491976333214975,0.3046370765863826,2.895229493140142,0.9222581258965791,0
90,26,23,3,2760416.1032760963,3913156.335237473,44336.162767745234,510046.85565559176,25,0.7054193256778925,0.6993043624973605,0.7692307692307693,1304385.4450791576,920138.7010920321,0.705419325677532,0.705419325677532,0.410914298363798,11.333995719169843,0.9608687232425916,0
90,21,18,3,2530788.9403457046,14727901.701192742,580814.8933736684,1768393.67898591,19,0.1718363546750571,0.9683412888267505,0.8571428571428571,4909300.567064247,843596.3134485682,0.17183635467503378,0.17183635467503378,0.32638728239627407,2.8280539263887823,0.9149314035675679,0
90,25,22,3,517602.37294516247,1766139.067005136,49941.46776239894,205750.09962023448,24,0.29306999806225575,0.7450488535785043,0.88,588713.0223350454,172534.12431505416,0.29306999806192385,0.29306999806192385,0.37473013928599275,3.9905544326136115,1,0
90,22,19,3,629430.4931184311,2919737.2189326575,104104.85117337391,346426.437442174,22,0.21557778865740215,0.9329439091781483,0.8636363636363636,973245.7396442192,209810.16437281037,0.21557778865725447,0.21557778865725447,0.3210150367091323,3.3276685335433163,0.7438431588438015,0
90,22,19,3,2653231.3002169337,12693902.434350632,456394.14246062277,1500664.1334818099,22,0.20901620395607312,0.9983836457029025,0.8636363636363636,4231300.81145021,884410.4334056446,0.2090162039560402,0.2090162039560402,0.3332337615875147,3.2880880665728474,1.0000000000000002,0
90,22,19,3,718985.1855468887,3328286.993052762,118604.62761390334,394266.38623503596,22,0.21602259271734472,0.9596919122337578,0.8636363636363636,1109428.997684254,239661.72851562957,0.21602259271721488,0.21602259271721488,0.35232372307394655,3.3242074458947517,0.915293044536247,0
90,26,23,3,2378413.9913236806,5299046.906388977,112332.03519481911,611074.7754369971,23,0.4488380709473652,0.9468262104483219,0.7692307692307693,1766348.9687963256,792804.6637745602,0.4488380709471958,0.4488380709471958,0.31016940041996405,5.108680741764525,0.9889921098651112,0
90,22,19,3,793932.9529054323,3422336.475623781,119472.88739628858,406025.3690058154,21,0.23198565031817692,0.9975793936584416,0.8636363636363636,1140778.825207927,264644.3176351441,0.2319856503180413,0.2319856503180413,0.3341680197610688,3.250825031815735,0.9200738845877385,0
90,23,20,3,1875307.5841210568,7855457.2960251225,260006.50921322024,917075.2237844756,23,0.23872672378598855,0.9194506896618038,0.8695652173913043,2618485.7653417075,625102.5280403523,0.23872672378592782,0.23872672378592782,0.295718864624275,3.527124096069819,0.9999999999999998,0
90,21,18,3,890434.0130178486,4223719.729484726,158727.89126032745,510214.85051610915,20,0.21081749501552902,0.9976533483047979,0.8571428571428571,1407906.5764949087,296811.3376726162,0.21081749501542918,0.21081749501542918,0.33318082887645634,3.1075892466399684,0.7625215763858303,0
90,28,25,3,1333903.7480877843,2444759.5292606344,39673.420756173204,277952.25348584657,28,0.5456175677493522,0.998813847413202,0.7857142857142857,814919.8430868782,444634.5826959281,0.5456175677489059,0.5456175677489059,0.333841689679842,7.006006746609846,1,0
90,26,23,3,1723351.6432898254,3546582.820201984,70124.276035083,409496.9635941462,24,0.4859189057908964,0.9938335028649788,0.7692307692307693,1182194.2734006613,574450.5477632751,0.48591890579062236,0.48591890579062236,0.33252582377066126,5.637306542328197,0.9376525846646597,0
90,25,22,3,1577429.6308583699,5867830.771038771,171616.045607216,659356.7528593442,25,0.2688267082690341,0.9880221710587337,0.88,1955943.590346257,525809.87695279,0.26882670826894245,0.26882670826894245,0.32871214005468374,3.8420460658124966,0.9311249197303051,0
90,24,21,3,872346.8536740055,3675608.388258826,116802.56394103414,422060.3739960187,24,0.23733400338848612,0.8847461469110062,0.875,1225202.7960862753,290782.28455800185,0.237334003388357,0.237334003388357,0.35974720392789017,3.6134512783938164,0.8757254334541756,1
90,25,22,3,2822238.2613415285,5985501.638967596,126530.53510504268,719287.0288784871,24,0.4715124030653257,0.7433404001470001,0.76,1995167.2129891987,940746.0871138428,0.4715124030651682,0.4715124030651682,0.25887519432665923,5.514751614949998,0.9478725776438371,0
90,27,24,3,1233883.8172560898,4053296.634972767,104422.69695246952,459634.478811506,25,0.30441488210104206,0.7133114793566324,0.7777777777777778,1351098.8783242556,411294.6057520299,0.30441488210089185,0.30441488210089185,0.278894552764248,4.167960284919864,0.9404796504595032,0
90,23,20,3,851367.5145711601,5344031.764604567,195333.22826232205,623312.898140128,22,0.1593118364695944,0.8375381418410153,0.8695652173913043,1781343.9215348556,283789.17152372,0.15931183646953478,0.15931183646953478,0.3700037614968083,3.0937531523457826,0.8947102204848841,0
90,26,23,3,2242624.546216119,4429940.04244979,84127.51908591039,512605.49927532446,24,0.5062426409219355,0.944903327148584,0.7692307692307693,1476646.6808165966,747541.5154053731,0.506242640921707,0.506242640921707,0.3538207214703144,5.820494121578309,0.957593812200504,0
90,26,23,3,1404213.1592952905,2658823.329099428,48254.23730015914,309752.97212355904,23,0.5281333076652313,0.9999997086579446,0.7692307692307693,886274.4430331426,468071.05309843016,0.5281333076648339,0.5281333076648339,0.3333334627514617,5.898719016390854,0.9142874356929698,0
90,21,18,3,1971810.1214144763,9714218.608389445,368686.1184273795,1178046.42389947,20,0.20298185586552153,0.9023595940068436,0.8571428571428571,3238072.869463148,657270.0404714921,0.20298185586547976,0.20298185586547976,0.2971505374226402,3.0619869117317666,0.926274118778999,0
90,21,18,3,1679253.7854961383,6385959.02429256,224128.82089506777,803267.7302967244,21,0.2629603132603726,0.7515728124688028,0.8571428571428571,2128653.00809752,559751.2618320461,0.26296031326029035,0.26296031326029035,0.313402787571966,3.583955544339444,0.8832421202239275,0
90,22,19,3,923600.2073799426,4170397.8430858096,147581.710713903,493943.7538207521,22,0.22146573111986845,0.9993522391925631,0.8636363636363636,1390132.6143619365,307866.73579331423,0.22146573111976225,0.22146573111976225,0.3336124956176779,3.3469171174939696,0.9318392928123675,0
90,23,20,3,871732.9381312227,3749969.1798062655,125140.70615978447,437211.76931604755,22,0.23246402739129354,0.9238846766306485,0.8695652173913043,1249989.7266020884,290577.6460437409,0.23246402739116956,0.23246402739116956,0.3597393083089025,3.3837825149223044,0.9231766691959986,0
90,23,20,3,910058.7807680719,3810167.572643534,126091.68660328098,443281.9855968886,23,0.2388500671996494,0.9955421190158645,0.8695652173913043,1270055.8575478445,303352.92692269065,0.23885006719952404,0.23885006719952404,0.3344297824705753,3.5155528293317206,0.8907356165093324,0
90,21,18,3,2638480.3942191955,12195160.006507166,455079.9815375223,1474498.5243906714,19,0.21635471718379448,0.9954687197952169,0.8571428571428571,4065053.3355023884,879493.4647397319,0.21635471718375904,0.21635471718375904,0.33507207622155205,2.9906015612017867,0.7875434110359765,0
90,22,19,3,694090.6350289285,3198951.3744268767,113857.3063362704,378656.6572431372,22,0.21697442498733346,0.9999992111567839,0.8636363636363636,1066317.124808959,231363.54500964284,0.21697442498719777,0.21697442498719777,0.3333332029211076,3.3257124151652846,0.9435256693647566,0
90,24,21,3,1095890.8270802742,5247525.905434153,172984.7949314116,598775.9498563226,24,0.20883952682257353,0.9071297323647998,0.875,1749175.3018113843,365296.94236009143,0.208839526822494,0.208839526822494,0.29346795635705597,3.4614368857695013,0.9293077054483958,0
90,23,20,3,1289803.5659645926,3950041.694527339,115662.52732881506,472587.2706573941,23,0.3265291016424584,0.8296365098124948,0.8695652173913043,1316680.5648424465,429934.5219881975,0.32652910164229304,0.32652910164229304,0.2838578794082676,4.085915132303808,0.8749203253356039,0
90,27,24,3,3049809.884578856,8767805.88760699,211777.62974178276,984738.0428180158,26,0.3478418573213757,0.7738957690776143,0.7777777777777778,2922601.962535663,1016603.2948596188,0.3478418573212964,0.3478418573212964,0.3313339838056049,4.563993114915665,0.8721631067059017,0
90,27,24,3,6862834.168946607,9642025.396207703,102933.00841707767,1238238.7334082422,26,0.7117627144650657,0.6109179013603517,0.7777777777777778,3214008.4654025678,2287611.389648869,0.7117627144649181,0.7117627144649181,0.5167482583408357,11.696095981495485,0.9695622356954163,0
90,22,19,3,674656.6276195691,4189311.108079345,159757.02183908076,494243.20961116854,22,0.16104237909624117,0.900976937516228,0.8636363636363636,1396437.0360264482,224885.54253985637,0.1610423790961643,0.1610423790961643,0.3207518780563245,3.0937182223258617,0.8781974520284958,0
90,22,19,3,1086736.990558238,4993357.431703759,177573.6564157055,593323.8913638194,22,0.217636531216076,0.9172988563113447,0.8636363636363636,1664452.4772345864,362245.6635194127,0.21763653121598886,0.21763653121598886,0.3587661517407547,3.341283292446759,0.8486688851966926,0
90,20,17,3,965377.3816991426,5034292.60292512,203445.7610612989,628662.9735165582,18,0.1917602844812852,0.8378717763824315,0.85,1678097.5343083732,321792.4605663809,0.19176028448120905,0.19176028448120905,0.4092546285808341,2.83032764635247,0.9595255158153969,0
90,22,19,3,1002711.5225159611,4478795.406937535,158003.81292825338,530672.0447852223,22,0.22387973359143928,0.9989986010108907,0.8636363636363636,1492931.8023125117,334237.17417198705,0.2238797335913393,0.2238797335913393,0.3330195200167326,3.3586027763952258,0.905523125935339,0
90,26,23,3,3769795.654095256,6979042.331728343,123432.56452434954,836407.5389712563,25,0.5401594480887946,0.8203407711084885,0.7692307692307693,2326347.4439094476,1256598.5513650852,0.5401594480886398,0.5401594480886398,0.40210434931681555,6.574633370956348,0.9707431130518447,0
90,25,22,3,1779954.0971703653,3948228.2942277417,86730.96788229505,461793.1019950723,25,0.45082349968774205,0.9622851652528545,0.76,1316076.098075914,593318.0323901217,0.45082349968751356,0.45082349968751356,0.34921704118775676,5.324431552712059,0.9527537450909279,0
90,23,20,3,2209187.6732859854,10613195.484969439,365391.64398623706,1229034.53310761,22,0.20815480845655399,0.9999152698674418,0.8695652173913043,3537731.8283231463,736395.8910953285,0.2081548084565148,0.2081548084565148,0.333369462609203,3.26476514389645,0.9999999999999998,0
90,22,19,3,436897.6612836533,1946844.3089237502,68633.93852909532,230773.48892579376,20,0.22441325137342574,0.9842655038649217,0.8636363636363636,648948.1029745834,145632.55376121777,0.2244132513731952,0.2244132513731952,0.3314254755827912,3.137346892016756,0.9328639762855889,0
90,23,20,3,530766.0665837019,2269406.404063907,75593.05815131326,263912.4760581076,23,0.23387880885195633,0.9921895752103256,0.8695652173913043,756468.8013546356,176922.02219456728,0.2338788088517502,0.2338788088517502,0.32988786597731085,3.4912263441749847,0.9608203614443789,0
90,24,21,3,943378.0824697268,1742728.9868350625,33306.287681889,213068.2358988777,24,0.5413223109247967,0.9894785048829684,0.75,580909.6622783542,314459.3608232423,0.5413223109241754,0.5413223109241754,0.3375746038500886,6.397237600524925,0.9328347484832773,0
90,26,23,3,2891029.22168938,5599249.657191809,104162.3244424012,654303.4926836664,23,0.5163244003552434,0.996674584018257,0.7692307692307693,1866416.5523972698,963676.4072297933,0.516324400355059,0.516324400355059,0.33347824619055877,5.887072979118636,0.9784243341916047,0
90,25,22,3,1373356.4362723697,3282389.955420424,76361.3407659222,380879.5694682719,24,0.41840136453136484,0.9364557278108115,0.76,1094129.9851401413,457785.4787574566,0.41840136453110993,0.41840136453110993,0.3576370609546951,4.837065587215248,0.9222990826584849,0
90,25,22,3,1358396.9840841517,3585605.2393644573,89088.3302112122,411866.1909530586,24,0.37884733354655253,0.9595474006684315,0.76,1195201.746454819,452798.9946947172,0.3788473335463412,0.3788473335463412,0.3290055143778956,4.535861790508807,0.9766819121523498,0
90,26,23,3,5348594.225963686,7567696.159159121,85350.07435367057,940281.1496176048,25,0.7067665130146139,0.9982162420025261,0.7692307692307693,2522565.3863863735,1782864.7419878952,0.7067665130144273,0.7067665130144273,0.33402686778447516,10.707439186783537,0.9882889131327144,0
90,23,20,3,2551258.981970038,11393735.738982271,384455.511174445,1324472.4061211487,23,0.22391768954593125,0.9506932568221892,0.8695652173913043,3797911.9129940905,850419.6606566793,0.22391768954589197,0.22391768954589197,0.31023494091374776,3.4450602673679196,0.864668729575885,0
90,25,22,3,1186896.1098657725,2088561.7969175647,36066.627482071686,252382.5783374441,24,0.5682839318505695,0.9702374520034925,0.76,696187.2656391882,395632.0366219242,0.5682839318500253,0.5682839318500253,0.3244490531527977,6.865715883058163,1,0
90,25,22,3,5222012.912049376,8288742.377554147,122669.17862019077,1031777.3575527802,24,0.630012693625262,0.8997188415677393,0.76,2762914.125851382,1740670.9706831255,0.6300126936251101,0.6300126936251101,0.3271822300303635,8.11180318734462,0.946864325274974,0
90,25,22,3,10244499.815214919,25618968.701529,614978.7554525634,2963096.7889707377,24,0.3998794773734629,0.9699307230288073,0.76,8539656.233843,3414833.271738306,0.3998794773734316,0.3998794773734316,0.3409085881973481,4.67988513611963,0.9281962310151094,0
90,23,20,3,758610.6776766902,1968511.940070989,52604.40271279559,237842.35097395498,23,0.3853726575054188,0.9804788772899639,0.7391304347826086,656170.6466903297,252870.22589223005,0.3853726575050273,0.3853726575050273,0.3419128066582621,4.521339254966589,0.9834460441298141,0
90,20,17,3,737579.7971541939,3789132.340837299,152577.62718415525,468528.1565074129,19,0.19465664717084372,0.9157517033222715,0.85,1263044.113612433,245859.93238473128,0.19465664717074097,0.19465664717074097,0.29386359183217825,2.9541172107933256,0.9132883169442473,0
90,20,17,3,2112962.01354147,13045441.267484505,546623.9626971517,1598137.7876464978,20,0.1619693784378013,0.9769145441872821,0.85,4348480.422494835,704320.6711804899,0.16196937843777642,0.16196937843777642,0.34421357327839236,2.9236511691841014,0.8349221791272303,0
90,21,18,3,866867.160260419,4344063.592563866,165580.78249064035,534220.287650843,21,0.19955213403047686,0.8076811385508262,0.8571428571428571,1448021.1975212886,288955.72008680634,0.199552134030385,0.199552134030385,0.3766362522142296,3.2263423303837455,1.0000000000000002,0
90,23,20,3,1105493.4900407577,4805750.222961249,160880.72751828222,572100.8054629526,23,0.23003556963044472,0.7845373743978581,0.8695652173913043,1601916.740987083,368497.8300135859,0.23003556963034902,0.23003556963034902,0.3375647056839319,3.556055559199183,0.937173799325375,0
90,21,18,3,1951305.3440262042,9777886.885254111,372694.35910609073,1178995.4610168268,21,0.1995630924068819,0.9953295602599278,0.8571428571428571,3259295.628418037,650435.1146754014,0.19956309240684106,0.19956309240684106,0.33397224047238977,3.1634379008082916,0.9249381769882252,0
90,25,22,3,1137448.659343892,3444814.1910609016,92294.6212686804,392122.00646078633,23,0.3301915854547908,0.9894221039526477,0.76,1148271.3970203006,379149.5531146307,0.3301915854545991,0.3301915854545991,0.33784465760998394,4.0125718446073115,0.9290674445312431,0
90,26,23,3,2044633.6534502604,6726966.077237563,180089.70860720397,745201.3978198855,25,0.30394588436658027,0.9958994617994353,0.7692307692307693,2242322.0257458542,681544.5511500868,0.30394588436648995,0.30394588436648995,0.33519216064283347,4.055607662374393,0.8927041843643115,0
90,25,22,3,894461.2454438158,2110981.293044532,48660.80190402862,251426.16334052227,24,0.4237182245008758,0.7399810740670285,0.76,703660.4310148441,298153.74848127196,0.4237182245004743,0.4237182245004743,0.28772847659717643,4.9994973269887515,1.0000000000000002,0
90,27,24,3,2104031.927577576,4045932.1876656087,71922.23185511233,466991.6254453152,26,0.5200363797473888,0.9842220533494905,0.7777777777777778,1348644.062555203,701343.9758591921,0.5200363797471318,0.5200363797471318,0.3345651247663727,6.377505564690343,0.9433087208929093,0
90,21,18,3,462683.25545930816,2038281.9065986807,75028.50719711298,259291.88141255072,21,0.2269966945991143,0.6909058894616197,0.8571428571428571,679427.3021995602,154227.7518197694,0.22699669459889157,0.22699669459889157,0.4784249430424835,3.4559115074472935,0.9371857225642096,0
90,23,20,3,416006.1769514288,1842241.810554247,62010.244939252945,216359.59747903678,23,0.22581518591527658,0.8539247506384661,0.8695652173913043,614080.6035180823,138668.72565047626,0.2258151859150314,0.2258151859150314,0.2765164718410587,3.489094385734162,0.8835197596248662,0
90,26,23,3,3928296.0114717833,7301437.011619803,129736.19231338534,854526.8595168605,25,0.5380168321961274,0.9852226359088089,0.7692307692307693,2433812.3372066007,1309432.0038239278,0.5380168321959802,0.5380168321959802,0.33232904970291344,6.361107044193687,0.9538338486170698,0
90,26,23,3,1955788.610957252,5337690.157554292,130073.13640757851,599492.7622718659,25,0.3664110417104128,0.9364087386720334,0.7692307692307693,1779230.0525180975,651929.5369857507,0.3664110417102755,0.3664110417102755,0.35271720661677153,4.468538023974601,0.932131380859162,0
90,23,20,3,1904834.9635109624,8191692.267950588,273341.62193215766,966348.2988720707,23,0.23253253432911059,0.8328663686357796,0.8695652173913043,2730564.0893168626,634944.9878369875,0.23253253432905385,0.23253253432905385,0.34589205784111043,3.535313400270886,0.91976081804505,0
90,26,23,3,1972874.01729245,3950952.5662246402,76079.94418969963,463158.7785663263,26,0.4993413573621169,0.8896190585872589,0.7692307692307693,1316984.1887415468,657624.6724308167,0.499341357361864,0.499341357361864,0.32884759585132506,6.087790724522443,0.9631665017971666,0
90,24,21,3,1558015.2961292823,3946169.037459841,99506.40588877328,462460.4641635913,23,0.394817171119407,0.9487254076327488,0.75,1315389.6791532803,519338.43204309413,0.3948171711192069,0.3948171711192069,0.32115628407824504,4.554062581434943,0.9403871318401865,0
90,21,18,3,941373.0011724284,4868640.810860293,187012.7528422793,586388.4928251109,20,0.1933543750182494,0.9869424358858299,0.8571428571428571,1622880.2702867643,313791.00039080944,0.19335437501817,0.19335437501817,0.339481635342007,3.01744775432044,0.9081223281525064,0
90,23,20,3,875084.6747225106,3822562.1008156724,128151.19243883311,444168.70694350253,23,0.22892621536104094,0.9924097664930254,0.8695652173913043,1274187.3669385575,291694.8915741702,0.22892621536092117,0.22892621536092117,0.33434377918658126,3.4659740458680433,0.863019035455584,0
90,22,19,3,993603.4054984673,4122647.707328448,142229.28644681725,489981.25735935074,21,0.2410109900324468,0.9731677198444136,0.8636363636363636,1374215.902442816,331201.13516615576,0.2410109900323299,0.2410109900323299,0.3459815632546882,3.3369572941027466,0.7530407556783242,0
90,25,22,3,1182654.0550611527,4181632.8520038077,119959.15187770622,471544.4937488626,24,0.2828211124499251,0.940947823970814,0.88,1393877.6173346026,394218.0183537176,0.2828211124497898,0.2828211124497898,0.3611670600481311,3.794315355296702,0.8800952622199492,0
90,25,22,3,3213711.8654353595,3955448.032360128,29669.44667699077,531219.2322440787,25,0.812477332312971,0.9777785328366204,0.76,1318482.6774533761,1071237.2884784532,0.8124773323125601,0.8124773323125601,0.3359754394029875,17.90458844782383,0.9729357324566779,0
90,21,18,3,730178.050208986,3297301.750009216,122243.98570477284,404609.15437195817,21,0.22144714241173827,0.8386044251416518,0.8571428571428571,1099100.5833364052,243392.68340299535,0.22144714241160396,0.22144714241160396,0.34354948438137134,3.3098491679239395,0.9537383876726472,0
90,25,22,3,1923283.9749162113,5084512.544594148,126449.14278711745,591007.1726056003,24,0.3782631979068805,0.90389328988315,0.76,1694837.514864716,641094.6583054038,0.3782631979067318,0.3782631979067318,0.2883385753129525,4.550559013089636,0.9515859354693694,0
90,25,22,3,2410286.594600411,5214128.087677051,112153.65972306562,615825.1018360303,25,0.4622607182006832,0.9564186981357885,0.76,1738042.6958923505,803428.8648668037,0.46226071820050596,0.46226071820050596,0.3128491623548837,5.49090509708876,0.9434269648544618,0
90,29,26,3,10078518.045468844,22618149.934052333,432401.0996063272,2437259.289858941,28,0.44559427162939064,0.9085583131352866,0.7931034482758621,7539383.311350778,3359506.0151562816,0.4455942716293512,0.4455942716293512,0.2998262834475779,5.547597431791707,0.9999999999999998,0
90,26,23,3,987755.4738483207,2345495.898256818,52220.78555417295,267703.3507086377,25,0.4211286298057496,0.8915425305362911,0.7692307692307693,781831.9660856059,329251.82461610687,0.4211286298053905,0.4211286298053905,0.28221700515265236,5.030892033614414,0.9708588906744786,0
90,24,21,3,2215237.979052393,7550270.6220358405,222293.026790977,882916.5799362209,24,0.29339848727896156,0.8187311299987501,0.875,2516756.874011947,738412.659684131,0.29339848727888385,0.29339848727888385,0.41840661323172684,3.971859093728833,0.8996270382713387,0
90,21,18,3,825719.1676511231,4650056.289320023,182111.29150804286,559560.8433853883,20,0.17757186500030311,0.9472531671764148,0.8571428571428571,1550018.7631066742,275239.7225503744,0.17757186500022676,0.17757186500022676,0.30947881422323587,2.931785087453561,0.8348121671586093,0
90,22,19,3,858978.3014803174,4043256.5663473224,144739.9211303184,478310.00690524164,21,0.21244714189782565,0.9830435549662084,0.8636363636363636,1347752.1887824407,286326.1004934391,0.21244714189772057,0.21244714189772057,0.3268670930395084,3.17657470278983,0.8782664994208983,0
90,22,19,3,352314.4915385559,1529063.964213428,53488.61239431239,181668.44316598595,22,0.2304118727430484,0.942178535436323,0.8636363636363636,509687.9880711427,117438.1638461853,0.23041187274274702,0.23041187274274702,0.36001239793978274,3.3963947657372193,0.8264299921053793,0
90,23,20,3,431693.8398777855,1871566.4234826593,62603.15580890756,217710.20577319802,23,0.23065910697107278,0.9556748861836589,0.8695652173913043,623855.4744942198,143897.94662592848,0.23065910697082628,0.23065910697082628,0.31264636380891847,3.4776234992732307,0.9999999999999996,0
90,23,20,3,1025607.0436240737,4698042.374644555,159671.1013487166,545586.2370032186,22,0.21830519221348038,0.9547827843019677,0.8695652173913043,1566014.1248815183,341869.01454135793,0.21830519221338748,0.21830519221338748,0.33923970467471937,3.314857758292454,0.9714894012992953,0
90,25,22,3,2802831.446452588,5697952.532705407,115804.84345011282,677006.4905368608,24,0.49190150854438625,0.922683887181896,0.76,1899317.5109018022,934277.1488175293,0.4919015085442136,0.4919015085442136,0.29872001857310565,5.626365606301025,0.9111525745108761,0
90,27,24,3,1607885.9734782039,4276591.266795922,98840.93678954511,471879.4397795995,24,0.37597373075179963,0.9981672820484294,0.7777777777777778,1425530.4222653073,535961.9911594013,0.3759737307516238,0.3759737307516238,0.3339033962671657,4.420037278911187,0.9676027007003912,0
90,21,18,3,369902.70365100366,1841831.6932956935,70091.85664974712,222164.0775582238,19,0.20083415058892543,0.9809792249196045,0.8571428571428571,613943.8977652312,123300.90121700121,0.20083415058870732,0.20083415058870732,0.3412862818704587,2.925816400407636,0.8928372846669458,0
90,26,23,3,503291.8786914298,2078809.120407126,60596.81698906523,228687.01826231103,25,0.24210586424241784,0.9605354026798645,0.7692307692307693,692936.373469042,167763.95956380994,0.24210586424218491,0.24210586424218491,0.3206353163135921,3.677971926971376,0.8946621021937118,0
90,22,19,3,337332.11315184366,1494609.3337086663,52603.51002531013,177161.72153806,20,0.22569918810460993,0.9979024695465426,0.8636363636363636,498203.1112362221,112444.03771728122,0.2256991881043079,0.2256991881043079,0.33402073484417916,3.1270067955071585,0.9136466243494659,0
90,25,22,3,2042702.377699501,2795486.6305089737,30111.37011237892,353023.08332578756,23,0.7307144149449415,0.9722688498387845,0.76,931828.8768363246,680900.7925665004,0.7307144149444187,0.7307144149444187,0.3284048256471297,11.204536079986035,0.9798496052222824,0
90,26,23,3,4116659.801245816,5539576.344858939,54727.559369735485,715916.4482495039,25,0.7431362156540331,0.7685303896313339,0.7692307692307693,1846525.4482863129,1372219.9337486054,0.7431362156537649,0.7431362156537649,0.23714417682816258,12.9041402498086,0.9589206056451649,1
90,26,23,3,2067727.917935372,3737412.1661542254,64218.62493149437,442054.02638657624,25,0.5532512407007276,0.9999008589664445,0.7692307692307693,1245804.0553847419,689242.6393117907,0.5532512407004314,0.5532512407004314,0.33330668267688596,6.654056854347443,0.9431227725386628,0
90,23,20,3,646920.5541914396,2985432.1589584462,101674.41759856549,346979.55934898835,23,0.21669243169703103,0.9370676803429876,0.8695652173913043,995144.0529861487,215640.18473047987,0.21669243169688585,0.21669243169688585,0.3243057173726166,3.412653522300296,0.9409873147075634,0
90,22,19,3,867548.9327879653,4202758.541687087,151600.43676814187,497176.262256271,22,0.20642369153082585,0.9581476695621035,0.8636363636363636,1400919.5138956958,289182.9775959884,0.20642369153072762,0.20642369153072762,0.3443305842382627,3.279517347389798,1.0000000000000002,0
90,25,22,3,3030001.7750735064,5462537.024100727,97301.40996108884,666234.7735933744,25,0.554687640871737,0.8976963812453229,0.76,1820845.6747002425,1010000.5916911688,0.554687640871534,0.554687640871534,0.29907110519626723,6.847123529381094,0.9626960199301822,0
90,21,18,3,923347.669041423,3944898.3439985123,143883.3654741471,480040.8410110694,19,0.2340612072921738,0.9187401525951511,0.8571428571428571,1314966.1146661707,307782.556347141,0.23406120729205515,0.23406120729205515,0.32160529772131946,3.077088020225793,0.9185826896907218,0
90,25,22,3,660184.619139405,3266238.9728400623,104242.1741480263,363707.4252596116,25,0.2021237957874095,0.9861833201958798,0.88,1088746.3242800208,220061.539713135,0.2021237957872857,0.2021237957872857,0.32767070888767286,3.4890621596173697,0.9558236906867753,0
90,21,18,3,1219254.6667475735,6476671.992366738,250353.20598186494,791408.0477714537,20,0.18825326775609014,0.8316834984049459,0.8571428571428571,2158890.6641222457,406418.2222491912,0.18825326775603204,0.18825326775603204,0.2967908244719946,3.057053067415179,0.8394231983662749,0
90,21,18,3,752485.3324958096,3592310.640266522,135229.77656051013,435639.91531874036,20,0.20947111980264924,0.9145627788089074,0.8571428571428571,1197436.8800888406,250828.44416526987,0.2094711198025326,0.2094711198025326,0.29309897340548663,3.102782875507316,0.9180790649884694,0
90,25,22,3,1970545.523104531,3860616.35281619,75602.83318846636,456888.26285700215,24,0.5104225188463946,0.9705423717963004,0.76,1286872.1176053968,656848.5077015103,0.51042251884613,0.51042251884613,0.3394649253638871,5.930685164419939,0.9606818320606638,0
90,23,20,3,1240300.4844179486,5474922.328873904,184113.9932372154,635780.8415431496,22,0.2265421151048238,0.9987256731416133,0.8695652173913043,1824974.1096246347,413433.49480598286,0.22654211510474107,0.22654211510474107,0.33310858797775256,3.3238160728263235,0.8777995533281739,0
90,25,22,3,11416499.12555078,22909216.853598136,459708.70912189427,2711469.924450386,23,0.4983365079001904,0.999749565299231,0.76,7636405.617866046,3805499.708516927,0.49833650790014683,0.49833650790014683,0.3333294472240964,5.6441389101730755,0.9477756546479958,0
90,21,18,3,1733113.109437637,7874392.142238161,292441.8587047868,952515.1977113236,20,0.220094843910683,0.9992327174124571,0.8571428571428571,2624797.3807460535,577704.3698125457,0.22009484391062717,0.22009484391062717,0.3336203031822273,3.130891895558706,1.0000000000000002,0
90,26,23,3,6472497.679586669,10697758.585792312,162510.03485406318,1324317.46081514,24,0.6050330662894361,0.7687133973459296,0.7692307692307693,3565919.5285974373,2157499.22652889,0.6050330662893231,0.6050330662893231,0.2244205407818446,7.786834654469138,0.9825349943895499,0
90,25,22,3,1654173.8310259837,5115918.001284769,138469.76681035143,585060.9274623805,23,0.3233386130524854,0.8781405939819003,0.76,1705306.0004282563,551391.2770086612,0.32333861305235895,0.32333861305235895,0.28327079015934825,4.050446514134705,0.919555646832902,0
90,23,20,3,499521.6280173908,2082841.51231679,68839.9949695391,242357.02855527797,22,0.23982699838814053,0.9873068351889005,0.8695652173913043,694280.5041055967,166507.20933913026,0.23982699838791022,0.23982699838791022,0.32742913420494013,3.3971602326943033,0.8965215937351031,0
90,26,23,3,1202520.4168298312,2014011.1778655923,31211.18311676004,240239.81907726623,26,0.5970773300789922,0.9999186646406456,0.7692307692307693,671337.0592885307,400840.13894327707,0.5970773300783994,0.5970773300783994,0.33336347258469456,7.697235256056763,0.9829894602909965,0
90,23,20,3,1839004.902498429,6793287.040266441,215403.57120730492,794193.6978819439,23,0.27070914148006175,0.976771010784098,0.8695652173913043,2264429.013422147,613001.634166143,0.27070914147998215,0.27070914147998215,0.3325417325906775,3.687003392872827,0.835928344393763,0
90,26,23,3,1218011.3244866277,2524495.1594078746,50249.37826620179,289693.45569663297,25,0.48247718754661123,0.9785471165688742,0.7692307692307693,841498.3864692915,406003.7748288759,0.482477187546229,0.482477187546229,0.33314891890798826,5.670477526292445,0.9999999999999998,0
90,21,18,3,954955.9011936643,4145960.0471720425,151952.57837992278,502595.3749531149,21,0.23033408193231603,0.9711398579768414,0.8571428571428571,1381986.6823906808,318318.63373122143,0.2303340819322049,0.2303340819322049,0.34490101084529184,3.307580432713568,0.9543181474421535,0
90,21,18,3,827585.0719264906,3711482.9086277257,137328.4684143445,450011.6152804627,21,0.22297962628427054,0.9436672353042517,0.8571428571428571,1237160.9695425753,275861.69064216356,0.22297962628415038,0.22297962628415038,0.3092594977084839,3.2768996878303516,0.8679604355869218,0
90,24,21,3,1377961.2808244952,3563271.767087212,91054.60359427985,421453.2028855405,23,0.38671237303645795,0.8814076342065867,0.75,1187757.2556957372,459320.4269414984,0.3867123730362409,0.3867123730362409,0.28950862269880895,4.492565876875093,0.9000602130104107,0
90,21,18,3,1201275.3814739445,6307273.304153232,243142.75822282335,759258.7190452038,20,0.19045874874055874,0.9997566749905381,0.8571428571428571,2102424.434717744,400425.1271579815,0.19045874874049834,0.19045874874049834,0.33323385995184107,3.0034539193784053,0.9567932848409978,0
90,23,20,3,807836.0492022036,3735704.921271355,127298.64661170222,433186.4847149192,22,0.2162472856467101,0.993847545208768,0.8695652173913043,1245234.9737571182,269278.68306740123,0.21624728564659437,0.21624728564659437,0.33474885107006597,3.291733717661158,0.8688480019602259,0
90,23,20,3,1519295.509435889,6289851.891686076,207415.49488044292,738969.7542852097,23,0.24154710406517707,0.8678484752915285,0.8695652173913043,2096617.297228692,506431.8364786297,0.24154710406510024,0.24154710406510024,0.39222662740211056,3.5627509637483885,0.8287131203029645,0
90,22,19,3,432051.88533767697,2146437.5509920223,77926.6211661066,253488.2858577077,21,0.20128788985162585,0.9864193149617067,0.8636363636363636,715479.1836640075,144017.295112559,0.20128788985143825,0.20128788985143825,0.3372575546129625,3.1473324468349855,0.9131119257973087,0
90,21,18,3,780686.183391241,3480478.500222506,128561.53889672694,421357.7491293191,20,0.2243042683185969,0.9945138945723132,0.8571428571428571,1160159.5000741687,260228.72779708033,0.224304268318468,0.224304268318468,0.3309351607005194,3.1292125656181686,0.8402756525121085,0
90,25,22,3,4445889.691301919,6963199.570729223,100692.39517709221,878646.4026570234,25,0.6384837381352956,0.8495378225356214,0.76,2321066.5235764077,1481963.2304339728,0.6384837381351123,0.6384837381351123,0.3149607799953681,8.726045309608365,0.9714195394054409,0
90,26,23,3,1347087.5384239152,2012429.7327732479,25590.084398051258,247851.11719455555,24,0.6693836393317838,0.984673083801616,0.7692307692307693,670809.9109244159,449029.17947463837,0.6693836393311186,0.6693836393311186,0.3328866683913762,9.213814280238362,0.9764241303385497,0
90,26,23,3,1147492.494966277,1838991.8047756096,26596.127300358938,222633.6725090864,24,0.6239791237708467,0.9971423028878945,0.7692307692307693,612997.2682585366,382497.4983220923,0.6239791237701681,0.6239791237701681,0.33271905655918027,8.105179663887974,0.9830741996569861,0
90,25,22,3,991587.2677537387,2487926.4007339827,59853.56531920978,286226.6440747613,23,0.39855972727360595,0.9985821577902947,0.76,829308.8002446609,330529.08925124625,0.39855972727328554,0.39855972727328554,0.3330589064637465,4.532786292505936,0.976783164553302,0
90,23,20,3,638313.6005123018,2993053.2379157753,102379.98423493364,346970.788984943,23,0.21326503398802918,0.9927925341843271,0.8695652173913043,997684.4126385917,212771.20017076726,0.21326503398788665,0.21326503398788665,0.33388566492412175,3.389049056555355,0.8347249121690606,0
90,26,23,3,1321098.7885561709,3834393.4851477323,96665.18063813698,428578.94687743904,24,0.344539180361383,0.9985736905040197,0.7692307692307693,1278131.1617159108,440366.26285205694,0.34453918036120323,0.34453918036120323,0.33328083593704116,4.260116808433231,0.9528003750865477,0
90,25,22,3,3211581.2812859435,4925942.253826907,68574.43890163857,650531.1545578275,22,0.6519729862424294,0.6631710087672897,0.76,1641980.7512756356,1070527.0937619812,0.6519729862421647,0.6519729862421647,0.4138976006886458,8.737242856157488,0.9839627767328814,0
90,26,23,3,2837662.066749941,5654149.135428511,108326.42571840655,660229.0628498633,26,0.5018725185313637,0.9990186948291936,0.7692307692307693,1884716.3784761701,945887.3555833137,0.5018725185311862,0.5018725185311862,0.3336770674340361,6.094810739533005,0.9670500304708006,0
90,26,23,3,3309286.530591677,7501807.585440336,161250.80980187154,856924.5059912162,25,0.4411318862688464,0.999986511843828,0.7692307692307693,2500602.528480112,1103095.5101972257,0.4411318862687289,0.4411318862687289,0.33333906671047564,5.223760441713237,0.9293784443214504,0
90,22,19,3,676491.8865057733,3190229.113784446,114260.78305812147,377350.2799479305,22,0.2120511920546876,0.9854162042551575,0.8636363636363636,1063409.7045948154,225497.29550192444,0.2120511920545546,0.2120511920545546,0.33458588582349685,3.3025353918035005,1.0000000000000002,0
90,22,19,3,1950050.1299293186,9151103.83865187,327320.62312375236,1082621.0977664879,20,0.2130945254596067,0.9994941241580189,0.8636363636363636,3050367.9462172897,650016.7099764395,0.21309452545956015,0.21309452545956015,0.3335706944671869,3.060800602936271,0.8915261248681942,0
90,21,18,3,729815.1228006318,4044187.0968293473,157827.23685851027,486177.3533893099,21,0.18046027676924944,0.9888825771396315,0.8571428571428571,1348062.3656097825,243271.7076002106,0.18046027676916016,0.18046027676916016,0.32886296750614585,3.0804401259465757,0.8668392635963069,1
90,28,25,3,6950421.203284639,16832518.992500305,352932.0639005595,1839984.7206726538,25,0.41291628462626256,0.9571835065361467,0.7857142857142857,5610839.664166768,2316807.0677615465,0.4129162846262135,0.4129162846262135,0.3147627925763718,4.904385010511993,0.949274543439969,0
90,20,17,3,580184.1163444788,3381600.3263603617,140070.8105007941,415654.87940995616,20,0.1715708718802861,0.9435570253800221,0.85,1127200.1087867871,193394.7054481596,0.17157087188018463,0.17157087188018463,0.3323433086165965,2.967462513573677,0.8448920370196842,0
90,26,23,3,1816146.928186046,2984051.5684718695,44919.409241762434,357393.02811234025,24,0.6086178092141634,0.9510878550321422,0.7692307692307693,994683.8561572898,605382.3093953487,0.6086178092137555,0.6086178092137555,0.3486841985974724,7.706073156428995,0.9601246597140242,0
90,27,24,3,5748876.896783164,9664031.563143276,145005.72838370784,1174505.0143819738,26,0.5948735638144705,0.7174780456003843,0.7777777777777778,3221343.854381092,1916292.2989277213,0.5948735638143475,0.5948735638143475,0.4616892761792381,7.9607063876123805,0.9705549922692279,0
90,22,19,3,1227699.8655544955,4996962.143697403,171330.10355195033,594156.0461827539,22,0.2456892468362463,0.9871370372975785,0.8636363636363636,1665654.0478991345,409233.2885181652,0.24568924683614798,0.24568924683614798,0.3388416889384725,3.4679022183578336,0.8309963373373443,0
90,25,22,3,1133289.0563769168,2105384.971253372,38883.8365950582,253828.56948721083,23,0.5382811561069101,0.8913424092639655,0.76,701794.9904177906,377763.0187923056,0.5382811561063987,0.5382811561063987,0.2915202789952896,6.224532265595724,0.9442325375627028,0
90,24,21,3,432325.711463515,1599578.735533455,48635.542669580835,183435.5133611752,23,0.27027473037709854,0.9719788764700884,0.75,533192.911844485,144108.57048783833,0.2702747303767606,0.2702747303767606,0.3201953889625756,3.6907263527571614,0.9078583230893341,0
90,25,22,3,4839505.488696876,6915731.710996192,83049.04889197263,892044.9040411692,25,0.6997821331040412,0.8343365849391979,0.76,2305243.9036653973,1613168.496232292,0.699782133103839,0.699782133103839,0.38288631377256704,10.741181457607897,0.9388544452761849,0
90,26,23,3,1834801.9028245544,4287548.242174427,94336.39766730276,497447.67436052184,25,0.4279373196961646,0.7638619782248921,0.7692307692307693,1429182.7473914756,611600.6342748514,0.427937319695965,0.427937319695965,0.2891984691665279,5.180228407414418,0.9279827615948977,0
90,21,18,3,1513707.3671417516,7246607.052800445,272995.22312660445,882002.3236013546,21,0.2088849797032353,0.878696018035994,0.8571428571428571,2415535.684266815,504569.12238058384,0.20888497970317765,0.20888497970317765,0.29438921210992086,3.230834274301883,0.9628751099075448,0
90,28,25,3,7666901.677101322,18962478.03690038,403413.4414213949,2062028.7287208925,27,0.40431960749968293,0.9999735432960425,0.7857142857142857,6320826.012300126,2555633.8923671073,0.4043196074996402,0.4043196074996402,0.3333439240324016,5.024877350020971,1.0000000000000002,0
90,23,20,3,427931.3369671687,2236639.632841526,78639.49112497206,258461.20101860506,23,0.19132779848996706,0.9807863392565119,0.8695652173913043,745546.5442805086,142643.77898905624,0.19132779848979597,0.19132779848979597,0.3417080310374031,3.286659124034486,0.9589034724073674,0
90,22,19,3,1100147.8389124232,4669832.503198795,162258.39383119874,554460.2967828937,21,0.23558614536144407,0.978813351900144,0.8636363636363636,1556610.8343995984,366715.9463041411,0.23558614536134317,0.23558614536134317,0.33726970151528096,3.2761325112003163,0.8866891937316173,0
90,22,19,3,885609.2271195613,4182884.4391750745,149876.14600252337,494745.67143830284,21,0.21172213576476537,0.9923574241330134,0.8636363636363636,1394294.8130583582,295203.0757065204,0.21172213576466412,0.21172213576466412,0.3306733780041257,3.1841480752095834,0.919395785697893,0
90,23,20,3,1596295.558894651,5296872.125522299,160894.63333163687,670067.1541112066,22,0.30136569678599645,0.609171840743314,0.8695652173913043,1765624.0418407663,532098.5196315503,0.30136569678588265,0.30136569678588265,0.24660058404375512,3.9928076357118907,0.9694113527225303,0
90,27,24,3,5332523.831312586,10973486.30760261,208924.53615888988,1288316.0358679106,27,0.4859461871855292,0.7049250698852338,0.7777777777777778,3657828.7692008703,1777507.943770862,0.48594618718544064,0.48594618718544064,0.33979037284859986,6.166418073949738,0.9527179156649677,0
90,26,23,3,1929120.8064839111,4318488.573542185,91898.76027147207,494862.4962873331,23,0.446712032145341,0.9912993971399785,0.7692307692307693,1439496.1911807284,643040.2688279704,0.4467120321451341,0.4467120321451341,0.33030470199394046,5.024590553055023,0.9787820758691507,0
90,23,20,3,1001566.6355677543,2983610.5312715336,86175.82155233822,365639.2388894746,23,0.3356894692084956,0.7261884177509406,0.8695652173913043,994536.8437571778,333855.5451892514,0.3356894692082706,0.3356894692082706,0.26494238776680007,4.2429446252875405,0.9087005554531965,0
90,27,24,3,1787949.770861811,3633736.1649729284,68362.4590411525,424208.5803171034,26,0.4920417140066743,0.7744852678530171,0.7777777777777778,1211245.3883243094,595983.256953937,0.49204171400640345,0.49204171400640345,0.4180979738592922,6.107173572836035,0.9895647408211435,0
90,25,22,3,1707290.8587551927,4789400.974359559,123284.40462417463,547453.4025617755,25,0.3564727338335116,0.9967609914678258,0.76,1596466.9914531864,569096.9529183976,0.35647273383336275,0.35647273383336275,0.334213016649202,4.440573032949423,0.9840795581630036,0
90,27,24,3,2544647.498332992,5756108.187778022,118942.98849796403,648908.0403928848,26,0.4420777746560801,0.8825890486979963,0.7777777777777778,1918702.7292593408,848215.8327776641,0.44207777465592646,0.44207777465592646,0.3879098230484006,5.2887091432049465,0.9888777260404915,0
90,22,19,3,1539332.6426639496,6809062.838405514,239533.1907155256,807062.108083539,21,0.22607114652861549,0.9991461110360348,0.8636363636363636,2269687.612801838,513110.8808879832,0.2260711465285491,0.2260711465285491,0.3337266599607536,3.2205228139885285,0.9470717036699638,0
90,26,23,3,1763302.8403134642,4069561.3884089263,88702.2518498255,467157.3509881012,26,0.43329063553024033,0.8540742125398265,0.7692307692307693,1356520.4628029754,587767.6134378214,0.4332906355300274,0.4332906355300274,0.26454738433185393,5.266578257491596,0.9191450018103379,0
90,26,23,3,605590.6126582973,1478919.4771522174,33589.57171130461,168119.53806640534,25,0.409481802095137,0.9313987490157841,0.7692307692307693,492973.15905073914,201863.53755276577,0.4094818020945833,0.4094818020945833,0.3558702354952433,4.912727700634613,0.9422144109354271,0
90,26,23,3,2685929.2772049606,6393597.409316431,142602.62046582578,727974.3536593042,26,0.42009671633230117,0.9471870033427835,0.7692307692307693,2131199.1364388103,895309.7590683202,0.42009671633216983,0.42009671633216983,0.32494884696107,5.1049156830091755,0.9454474644483912,1
90,23,20,3,1046211.0072720898,3993723.6066641705,128152.72171269916,466230.2084692267,22,0.26196379877817694,0.9952791968961854,0.8695652173913043,1331241.20222139,348737.0024240299,0.26196379877804576,0.26196379877804576,0.3355425292972106,3.525782913823968,0.9713014109319397,0
90,24,21,3,945624.106722366,3281519.98284203,97328.99483831933,379923.9209357637,23,0.2881664934744965,0.8857966635816071,0.75,1093839.9942806766,315208.035574122,0.28816649347432094,0.28816649347432094,0.3026119716158584,3.818585085434458,0.9205815755604712,0
90,25,22,3,1050484.857691979,3419384.352014092,94755.97977288452,387132.11240166094,25,0.30721461805629235,0.9287015002947819,0.88,1139794.7840046973,350161.6192306597,0.3072146180561126,0.3072146180561126,0.3618492767449295,4.085569199173197,0.8666819026329021,0
90,26,23,3,776997.9299060986,1066088.0000541653,11118.84885184871,135420.90328773917,25,0.7288309500396707,0.9158671702679434,0.7692307692307693,355362.6666847218,258999.30996869956,0.7288309500383034,0.7288309500383034,0.3287955685025599,11.834359778072487,1.0000000000000002,0
90,25,22,3,617881.3805621096,2211932.591514794,63762.04843810737,251423.57764850065,25,0.2793400589747121,0.8774003158542244,0.76,737310.8638382647,205960.46018736987,0.27934005897445946,0.27934005897445946,0.38362590372188193,3.9431540203513014,0.9527422148284931,0
90,23,20,3,1114367.5227111487,4769745.05079392,158929.4577427292,554592.020255097,23,0.23363251302612695,0.9930682343276365,0.7391304347826086,1589915.0169313066,371455.8409037162,0.233632513026029,0.233632513026029,0.3359757756881124,3.489548307333725,0.9696198005837798,0
90,23,20,3,2725016.400158451,11923542.966255747,399935.93765640404,1385032.415114467,21,0.228540829505975,0.9896425534308464,0.8695652173913043,3974514.322085249,908338.800052817,0.2285408295059367,0.2285408295059367,0.33031237543091335,3.2385949691329032,0.8997020335406328,0
90,24,21,3,1170818.6082937291,4874483.077727747,154319.35289308408,565109.4490232517,23,0.24019338863707143,0.8247377852669888,0.875,1624827.6925759157,390272.86943124305,0.2401933886369729,0.2401933886369729,0.35771644975378075,3.553424690066976,1.0000000000000002,0
90,25,22,3,2079175.219054209,3130683.867465935,42060.34593646903,392478.322137364,24,0.6641281288923269,0.9733797965878338,0.76,1043561.2891553118,693058.406351403,0.6641281288919025,0.6641281288919025,0.3272868599732145,9.196968565500097,0.9724767888542868,1
90,21,18,3,354360.00556117663,1570531.9029911063,57912.9474966633,195332.6093773669,21,0.22563056814450314,0.7747862415810878,0.8571428571428571,523510.6343303688,118120.00185372554,0.22563056814421578,0.22563056814421578,0.23623200242957357,3.3728659620588,0.9332825257132644,0
90,25,22,3,2312114.7868943196,4598598.03573997,91459.32995382605,545728.7016866163,25,0.5027868861170792,0.9939066969876059,0.76,1532866.0119133235,770704.9289647732,0.5027868861168605,0.5027868861168605,0.3357046100128786,5.966900281864789,0.9651552683921669,0
90,26,23,3,1899125.132135746,3514852.7218981287,62143.368837014736,413559.31819357065,23,0.5403142840959834,0.9885816043076131,0.7692307692307693,1171617.5739660428,633041.7107119154,0.540314284095676,0.540314284095676,0.33690635231416355,6.143229180427901,0.9705653103452989,1
90,24,21,3,1416730.3595844042,2640366.768270127,50984.85036190512,334784.37211290625,24,0.5365657440508003,0.7134264703845015,0.75,880122.2560900423,472243.4531948014,0.5365657440503938,0.5365657440503938,0.23455354900987466,6.566349998674983,0.9808538415516763,1
90,24,21,3,7466550.2525819875,10465684.72954122,124963.93653996802,1382880.9395345761,23,0.7134316048624735,0.9961238628459929,0.75,3488561.57651374,2488850.0841939957,0.7134316048623371,0.7134316048623371,0.33203587162563947,10.690221149899639,0.9897944461581184,0
90,22,19,3,830733.6669327182,3465631.598223233,119768.08778593248,423684.8814203603,21,0.2397062825022662,0.765153823059814,0.8636363636363636,1155210.5327410777,276911.2223109061,0.23970628250212786,0.23970628250212786,0.23015172693280858,3.3917787685028484,0.9452272961083034,0
90,23,20,3,1485568.3618603325,7239009.530764132,250149.6160392955,838075.8394607994,23,0.20521707500823175,0.9897740359356666,0.8695652173913043,2413003.1769213774,495189.4539534442,0.20521707500817507,0.20521707500817507,0.3336517469084212,3.3502983243667956,0.8611424106442456,0
90,26,23,3,7361972.2609917885,11431700.044295687,156527.99166553462,1397937.5021316935,23,0.643996276360024,0.8958039988750194,0.7692307692307693,3810566.6814318956,2453990.7536639296,0.6439962763599115,0.6439962763599115,0.38227727156539304,8.330068677901965,0.9698588651832112,0
90,27,24,3,5672325.81918277,6665696.872838514,36791.520505768254,832972.2182340823,26,0.8509726630827755,0.950703935056081,0.7777777777777778,2221898.957612838,1890775.2730609234,0.8509726630825203,0.8509726630825203,0.3560375462546399,22.33354121739013,0.9643054627072004,1
90,22,19,3,1438937.192816434,7433216.318266206,272467.23297498975,913277.8484385386,22,0.19358204190563252,0.720076200750791,0.8636363636363636,2477738.772755402,479645.7309388113,0.19358204190558048,0.19358204190558048,0.3310425593348456,3.351881393088534,0.8634308689749879,0
90,22,19,3,1343572.0842087264,5863691.392772913,205459.96857109937,695930.681359437,22,0.22913417405705727,0.9685383331651741,0.8636363636363636,1954563.797590971,447857.3614029088,0.22913417405697914,0.22913417405697914,0.3185102855441476,3.3871838207510634,0.8978828897124403,0
90,24,21,3,5385634.281859224,8660846.546661343,136467.1777000882,1098415.88277406,23,0.6218369362443792,0.9512813165932843,0.75,2886948.8488871143,1795211.427286408,0.6218369362442357,0.6218369362442357,0.3446166868439123,7.890063346033968,0.9789099038521732,0
90,25,22,3,3748497.5698992563,5663737.474523049,76609.59618495169,711769.6725690602,24,0.6618416878890137,0.9549687228143476,0.76,1887912.491507683,1249499.1899664188,0.6618416878887801,0.6618416878887801,0.31210540565433637,9.040820001720814,0.9285136850396718,0
90,25,22,3,910095.4390951046,2038157.8455506512,45122.496258221894,237960.2519932413,23,0.44652843796245656,0.9621005817912841,0.76,679385.9485168838,303365.14636503486,0.44652843796201835,0.44652843796201835,0.34738032888311504,4.984261046180884,0.9503863811468195,0
90,28,25,3,1155949.3272588945,2659456.549965905,53696.68652525034,291397.7993631925,27,0.4346562184944437,0.9825046314941241,0.7857142857142857,886485.5166553017,385316.44241963146,0.4346562184941168,0.4346562184941168,0.33144343978318636,5.332072354564071,0.9188605351874953,0
90,22,19,3,1130612.9321884136,5074233.656083663,179255.4874497841,602859.1496750425,21,0.222814519160477,0.9268824752333906,0.8636363636363636,1691411.2186945544,376870.97739613784,0.2228145191603892,0.2228145191603892,0.36762470263208663,3.2578563920551384,0.9183728763929039,0
90,21,18,3,729164.8062872288,3204772.1211597063,117886.06261297513,389035.32364878635,20,0.22752469714543683,0.936519699900786,0.8571428571428571,1068257.373719902,243054.9354290763,0.22752469714529486,0.22752469714529486,0.3171504869274495,3.1951429096404294,0.8305583707943655,0
90,23,20,3,986044.3847415207,3710712.0303828856,118463.8106800594,436099.43509563484,23,0.26572915835765115,0.8922123846678075,0.8695652173913043,1236904.0101276285,328681.46158050693,0.26572915835750793,0.26572915835750793,0.2929229343825655,3.6812882566284073,1,0
90,26,23,3,1586149.6803603158,3255442.4916546675,64203.569665167364,377228.0222857074,25,0.4872301336687489,0.9940251849457279,0.7692307692307693,1085147.4972182226,528716.5601201053,0.4872301336684495,0.4872301336684495,0.33054204801007625,5.778297578165711,0.9797658395454025,0
90,20,17,3,855256.7702566534,4319044.615853968,173189.39227986571,532281.8263591123,20,0.19801989706636838,0.9963837254275529,0.85,1439681.5386179893,285085.59008555114,0.1980198970662767,0.1980198970662767,0.3341810494084661,3.0734089389025456,0.7274547297517643,0
90,27,24,3,3896223.5304727615,7913929.987334241,148803.94284672142,899577.4050817179,25,0.4923247408945916,0.9536189789179146,0.7777777777777778,2637976.662444747,1298741.1768242538,0.4923247408944672,0.4923247408944672,0.31938690830288435,5.784982089947445,1,0
90,21,18,3,382889.4229519976,1827319.9697576044,68782.40699074317,225269.289040494,21,0.20953605788184906,0.8035519089748674,0.8571428571428571,609106.6565858681,127629.80765066587,0.20953605788161972,0.20953605788161972,0.36357770995547556,3.275100405653672,0.8100173829671841,0
90,26,23,3,1460699.9533030002,2871635.026376865,54266.73357976401,334387.7911098818,24,0.5086649034036381,0.9752436069621961,0.7692307692307693,957211.675458955,486899.9844343334,0.5086649034032837,0.5086649034032837,0.3278260206880053,5.829854495991184,0.9526575450894456,0
90,23,20,3,1428655.643408115,5314693.183092317,168958.15389931313,653873.3128500006,21,0.26881244018993267,0.680029901623168,0.8695652173913043,1771564.3943641055,476218.547802705,0.2688124401898315,0.2688124401898315,0.4711315116611224,3.533398770827928,0.8647243173848452,0
90,24,21,3,1163795.1167465532,2335808.8084640773,48833.903821563516,281937.9882902227,24,0.49824074321875444,0.9731832442248557,0.75,778602.9361546924,387931.7055821844,0.4982407432183278,0.4982407432183278,0.3233975838132124,5.773406715847164,0.9207525095917207,0
90,26,23,3,973063.209076891,2922651.923359708,74984.18131856987,325687.27437584003,25,0.33293845267690386,0.970054822908644,0.7692307692307693,974217.3077865693,324354.40302563034,0.332938452676676,0.332938452676676,0.3473872262268563,4.257080748711572,0.9082966842547738,0
90,26,23,3,5437964.787298874,6092634.357877732,25179.59886841762,826575.5943681095,24,0.8925473724295849,0.9431582734001854,0.7692307692307693,2030878.1192925775,1812654.9290996247,0.8925473724292919,0.8925473724292919,0.359677932785671,31.186253627617834,0.9832512858557727,0
90,25,22,3,5585402.022089589,9166925.760898618,143260.9495523613,1131541.7932777458,25,0.6092993624878503,0.9969415046959442,0.76,3055641.9202995393,1861800.6740298632,0.6092993624877174,0.6092993624877174,0.3323760422619893,7.898466377652155,0.9082404961322906,0
90,26,23,3,396481.0982696161,1355010.8506503096,36866.52893771897,149928.17227358196,24,0.2926036334535923,0.9999484023587462,0.7692307692307693,451670.2835501032,132160.36608987203,0.2926036334531604,0.2926036334531604,0.3333443193326437,3.8601629287770165,0.9672371618061044,0
90,24,21,3,1191908.5259698678,5142389.848764908,164603.38844979333,586081.5883384964,23,0.23178105142221123,0.9821298399875265,0.875,1714129.9495883025,397302.8419899559,0.23178105142212108,0.23178105142212108,0.3401376689784637,3.431176445796231,0.9296646239080264,0
90,27,24,3,1774490.6466201677,3625607.610205899,68559.88754021225,410737.4470306664,26,0.48943262409991045,0.9996790648942419,0.7777777777777778,1208535.870068633,591496.8822067225,0.4894326240996404,0.4894326240996404,0.33333989263406294,5.895467315253299,0.9759438756723225,0
90,25,22,3,1759498.4936102196,3576147.134644325,72665.94564136423,420131.31163118104,23,0.4920095363427275,0.9992213797859794,0.76,1192049.0448814416,586499.4978700732,0.49200953634245226,0.49200953634245226,0.3331861555847221,5.576572980914268,0.9475467645611232,0
90,25,22,3,1315650.462181824,3213338.7344563315,75907.53089098028,372937.51562781597,25,0.40943410293904514,0.9807814882685839,0.76,1071112.9114854438,438550.154060608,0.4094341029387903,0.4094341029387903,0.342379313807822,4.913050276375374,0.9728565999471999,0
90,27,24,3,6512247.354136764,10728227.450742055,156147.4109853812,1301263.067015597,25,0.6070198813398308,0.7422572151026763,0.7777777777777778,3576075.8169140182,2170749.118045588,0.6070198813397176,0.6070198813397176,0.4179721532894498,7.916413617397438,0.96992766336348,0
90,23,20,3,743421.4396895088,2969156.356140702,96771.08332396495,346560.1587030662,21,0.25038137117694764,0.9435216076221331,0.8695652173913043,989718.785380234,247807.14656316958,0.25038137117677894,0.25038137117677894,0.3488534585154741,3.303646290804316,0.8792746954615634,0
90,26,23,3,2663286.824832325,5418899.00635402,105985.08390468059,632460.3331198312,25,0.4914811701987714,0.8424705126228963,0.7692307692307693,1806299.6687846733,887762.2749441083,0.49148117019859006,0.49148117019859006,0.3925517608339253,5.794932003023612,0.9361454633935543,0
90,25,22,3,1082100.5135306409,2793449.714566706,68453.96804144261,323154.5652551243,25,0.38737067930292024,0.8933635820514986,0.76,931149.9048555688,360700.1711768803,0.38737067930264285,0.38737067930264285,0.36917047528086916,4.720757240175808,0.9279009128187612,0
90,26,23,3,1355346.1846895085,3105486.1996261673,67313.07749756382,353607.1204893954,24,0.4364360675156844,0.9988420493640512,0.7692307692307693,1035162.0665420558,451782.0615631695,0.4364360675154033,0.4364360675154033,0.3332539405690853,4.941327229379231,0.9482141823283818,0
90,23,20,3,1562963.7028190948,6516115.411251667,215354.42210576404,758436.8044205465,23,0.2398612676687733,0.9760031068480491,0.8695652173913043,2172038.4704172225,520987.9009396983,0.2398612676686997,0.2398612676686997,0.33116442871866697,3.5218074326077415,0.7833257861567094,0
90,22,19,3,1196165.3619846937,4865134.667142775,166771.33205264003,578893.111985155,21,0.24586480001527664,0.9634046781310476,0.8636363636363636,1621711.5557142582,398721.7873282312,0.24586480001517555,0.24586480001517555,0.32452100375439963,3.3182416441084515,0.8985077455646847,0
90,22,19,3,699681.2962632995,3309999.654392231,118650.83446040595,391524.2159867137,22,0.21138409949216774,0.9787491770886013,0.8636363636363636,1103333.2181307436,233227.0987544332,0.21138409949204,0.21138409949204,0.32450885681728464,3.299801621825647,0.9251989580843312,0
90,25,22,3,569403.2775991443,1077677.999689485,20330.988883613638,130068.79195906509,24,0.5283612338404235,0.9125640523205496,0.76,359225.99989649496,189801.0925330481,0.5283612338394431,0.5283612338394431,0.3170706433198495,6.288311192949678,0.9654311049314449,0
90,25,22,3,3921350.21426733,7586690.714289918,146613.62000090347,901192.1121531021,25,0.5168722914828662,0.9990495790891116,0.76,2528896.904763306,1307116.73808911,0.5168722914827301,0.5168722914827301,0.33294341683752904,6.146714828686461,0.9568502013991201,0
90,22,19,3,1168463.7554171565,5001626.2010239195,174234.65661848919,593469.8065330515,21,0.23361676951742577,0.9992252862132204,0.8636363636363636,1667208.7336746398,389487.9184723855,0.23361676951733235,0.23361676951733235,0.3331365149959033,3.263206972991668,0.8357598098458427,0
90,26,23,3,3001960.4098566743,7692408.771466885,180401.86006193116,866706.3025112478,23,0.390249725286483,0.9877021573570564,0.7692307692307693,2564136.2571556284,1000653.4699522248,0.3902497252863816,0.3902497252863816,0.33800658648416826,4.469363423708408,0.9553109290061285,0
90,22,19,3,1628809.1891470065,8065785.239709768,292589.82048012555,952485.5411806147,22,0.20194056012399036,0.9999738735678005,0.8636363636363636,2688595.079903256,542936.3963823355,0.2019405601239403,0.2019405601239403,0.333326358016508,3.2553611729019734,0.9999999999999999,0
90,24,21,3,3047094.3342679013,12661273.219408643,400590.78688086424,1444508.7524733688,23,0.24066255276734153,0.9925187129295864,0.875,4220424.406469547,1015698.1114226338,0.24066255276730353,0.24066255276730353,0.33239554182234815,3.4556075964404984,0.9035136791796102,0
90,25,22,3,2321194.445238165,4347488.594225944,81051.76595951116,550532.3958278627,25,0.5339161667544092,0.6338539597236614,0.76,1449162.8647419813,773731.4817460551,0.5339161667541636,0.5339161667541636,0.4949992829498972,6.792355346040023,0.9655547448411725,0
90,23,20,3,1975820.9632405022,8449600.772916544,281468.6873772192,982305.2098431025,23,0.23383601383551228,0.9998942645628255,0.8695652173913043,2816533.5909721814,658606.987746834,0.23383601383545696,0.23383601383545696,0.33329397919906145,3.489927135387337,0.9470456581068576,0
90,26,23,3,4387884.87862811,8123899.510206553,143692.87044532472,962893.8418480745,25,0.5401205262466381,0.8453034015825868,0.7692307692307693,2707966.503402184,1462628.2928760366,0.5401205262465053,0.5401205262465053,0.29431487605711076,6.588679012696564,0.9605038595318107,0
90,26,23,3,2434314.6975239646,4127441.6525174174,65120.26749974818,498654.73989974876,25,0.5897877916792919,0.8855479129506942,0.7692307692307693,1375813.8841724724,811438.2325079882,0.5897877916790062,0.5897877916790062,0.3436262986814262,7.529769454646516,0.9847008382002906,0
90,25,22,3,2571281.654104018,5020798.590239331,97980.67744541253,625050.6719320087,24,0.5121260309270718,0.6599899887466749,0.76,1673599.5300797771,857093.8847013394,0.5121260309268677,0.5121260309268677,0.49332618666858047,6.199501493536567,0.9285358172683535,0
90,23,20,3,1335564.1547349645,6169303.937511403,210162.5992511495,715558.1450681057,23,0.2164853876973182,0.992723083627257,0.8695652173913043,2056434.6458371344,445188.0515783215,0.21648538769724804,0.21648538769724804,0.33590642544106064,3.4047834753394497,0.8987978066807893,0
90,24,21,3,1651229.1322281032,3342685.271880289,70477.33915217439,406424.0075733104,23,0.4939828305459278,0.9384307845834706,0.75,1114228.4239600964,550409.7107427011,0.49398283054563213,0.49398283054563213,0.30715479371540727,5.656153376616015,0.9787923837991612,0
90,23,20,3,1610137.9804874498,6237985.662653705,201210.76878983717,740790.4427554806,23,0.2581182560464914,0.8169794373605399,0.8695652173913043,2079328.5542179018,536712.6601624832,0.25811825604640865,0.25811825604640865,0.27987213917773124,3.6816639944631784,0.848766459751925,0
90,23,20,3,2638985.410157813,9150640.305489806,283115.4302318258,1091761.5017048859,23,0.2883935246120755,0.8153864248709415,0.8695652173913043,3050213.435163269,879661.8033859377,0.2883935246120125,0.2883935246120125,0.4203135398088375,3.8562416072025933,0.977903749419661,0
90,23,20,3,2228402.1752023525,4094026.7987303054,81114.11406643272,517438.1653228387,22,0.5443057128724488,0.9934569529900874,0.7391304347826086,1364675.5995767685,742800.7250674508,0.5443057128721828,0.5443057128721828,0.3322377697456508,6.2463540864607845,0.9573658356990128,0
90,26,23,3,3806749.050213222,6044076.7509443,86051.06541273378,729512.5862744407,25,0.6298313550730212,0.9899522623522871,0.7692307692307693,2014692.2503147665,1268916.350071074,0.6298313550728128,0.6298313550728128,0.33695024824042946,8.207213167717269,0.9675841405115807,0
90,26,23,3,1674523.9374293522,3143739.282258279,56508.28249342028,381776.4243965915,25,0.5326535654146037,0.7598366680987786,0.7692307692307693,1047913.094086093,558174.6458097841,0.5326535654142648,0.5326535654142648,0.38805617201368825,6.516927229910213,0.9554418416171127,0
90,25,22,3,1306293.0444259304,4706760.561499954,136018.70068296095,531579.4094784207,25,0.27753547845853505,0.9114625075307965,0.88,1568920.1871666515,435431.01480864343,0.2775354784584171,0.2775354784584171,0.3381780208863583,3.9081347403365063,0.9338436838394183,0
90,23,20,3,1120172.2873915988,5416843.652580112,186811.79848645703,647914.7871452062,22,0.20679428080923834,0.7514763100580356,0.8695652173913043,1805614.5508600373,373390.76246386627,0.20679428080916198,0.20679428080916198,0.3164678586316439,3.3163746608312272,0.82533230037835,0
90,27,24,3,2358435.1010526014,3603764.6388810156,46123.31621586718,432983.5961375225,27,0.6544364955487912,0.9274702688508941,0.7777777777777778,1201254.8796270052,786145.0336842005,0.6544364955484281,0.6544364955484281,0.34882085417685105,9.387520925461589,1,0
90,22,19,3,2195209.9741570423,9711751.89118858,341660.99622870615,1151211.8499216759,21,0.2260364554976449,0.9994393825058252,0.8636363636363636,3237250.6303961934,731736.6580523475,0.2260364554975984,0.2260364554975984,0.3333403307279806,3.2373892211053996,0.938490691327563,0
90,22,19,3,1228631.9458578448,5418885.7859111,190466.0836387843,649127.1518163823,22,0.22673147108064448,0.8607326064035917,0.8636363636363636,1806295.2619703666,409543.9819526149,0.2267314710805608,0.2267314710805608,0.2970199592747332,3.408098383773317,0.8299402771421744,0
90,23,20,3,603919.0096747815,2663843.7096918705,89561.94347900386,309395.79000117385,23,0.2267096254473618,0.9904706707256983,0.8695652173913043,887947.9032306235,201306.3365582605,0.22670962544719162,0.22670962544719162,0.33546500985503513,3.4545452898780766,0.8811660080802192,0
90,25,22,3,2018535.9862844145,3783854.346710233,70612.73441703274,462147.4857913581,23,0.5334602765666288,0.9171395107905773,0.76,1261284.7822367444,672845.3287614716,0.5334602765663468,0.5334602765663468,0.3101837621194424,6.302786614350793,0.9859942460567278,0
90,26,23,3,1293194.4332139455,3136577.28094582,70899.3402973798,357414.07529327885,25,0.41229477783616947,0.9847505408594891,0.7692307692307693,1045525.7603152733,431064.81107131514,0.4122947778359065,0.4122947778359065,0.32716597487316573,4.9507026171062245,0.9673917465281299,0
90,23,20,3,2933974.140596367,13491748.28115459,459033.65828514,1569923.1943532217,22,0.2174643403845856,0.9203966932857089,0.8695652173913043,4497249.42705153,977991.380198789,0.21746434038455334,0.21746434038455334,0.3084899473831371,3.308268813873353,0.9020919307031949,0
90,23,20,3,433885.32838899124,2210438.2035797713,77241.42935612088,256858.31265658283,23,0.19628928222744443,0.9018191711822858,0.8695652173913043,736812.7345265904,144628.4427963304,0.1962892822272668,0.1962892822272668,0.28836379069259593,3.3253956431724565,1,0
90,25,22,3,1512943.5335497244,6455345.334059671,197696.07202039787,725041.558987528,25,0.23437065799824877,0.9111642803248965,0.88,2151781.77801989,504314.51118324144,0.23437065799817616,0.23437065799817616,0.359325066091319,3.6674555623394087,0.9420575808516355,0
90,24,21,3,565286.8989828918,2346417.4781624516,74213.77413248167,267706.10102842096,23,0.24091488588183535,0.9975556109558692,0.875,782139.1593874838,188428.9663276306,0.24091488588163,0.24091488588163,0.33408756447459037,3.472815310773923,0.9670227940369353,0
90,21,18,3,2382191.3085911777,12509704.820480186,482262.5481851908,1506949.7592075856,20,0.19042745954253032,0.9684139348600438,0.8571428571428571,4169901.6068267287,794063.7695303926,0.1904274595424999,0.1904274595424999,0.31880976005995154,2.980091442397491,0.9222277206072542,0
90,21,18,3,470514.44025116245,2122993.6415250236,78689.48577494576,256870.5006146179,19,0.2216278141619648,0.9918417177239143,0.8571428571428571,707664.5471750079,156838.14675038747,0.22162781416175598,0.22162781416175598,0.3371685122901831,2.9926801040035524,0.8999361049043874,1
90,23,20,3,2460578.211883467,12253881.46065751,425795.7934249584,1419985.4918780425,23,0.20079990326193659,0.9423049311859536,0.8695652173913043,4084627.153552504,820192.737294489,0.2007999032619038,0.2007999032619038,0.3217935618505881,3.3348978872074357,0.8261660749198642,0
90,24,21,3,1202505.322399652,4896930.3490106,153934.37610878947,559067.2544241174,24,0.24556308476847474,0.9988134993078708,0.875,1632310.1163368665,400835.1074665507,0.24556308476837446,0.24556308476837446,0.33277732792998577,3.6318544860010866,0.9999999999999998,0
90,25,22,3,1138905.2598131283,2265007.429013126,45044.086767999914,270898.8878787527,23,0.5028262800483845,0.9926750520823749,0.76,755002.4763377086,379635.0866043761,0.5028262800479405,0.5028262800479405,0.3366740229140626,5.808132580860963,0.9706320659738117,1
90,24,21,3,998040.5170499173,2917641.663451897,79983.3811000825,354292.5276862517,23,0.34207097106941553,0.7079741548250589,0.75,972547.2211506324,332680.1723499724,0.342070971069181,0.342070971069181,0.4698767432109928,4.3157879753067405,0.9523919485039433,0
90,26,23,3,2064604.560436729,6458269.417810503,168987.1098989914,717328.6360726918,26,0.3196838699145438,0.9807422842803011,0.7692307692307693,2152756.4726035013,688201.5201455763,0.3196838699144448,0.3196838699144448,0.33178897027590454,4.244871910628068,0.9388526104324479,0
90,23,20,3,980159.9446480275,4297871.683670034,144248.33647921766,517713.67443956283,23,0.22805705167326504,0.7350205719902354,0.8695652173913043,1432623.894556678,326719.9815493425,0.2280570516731589,0.2280570516731589,0.3485266173890011,3.589044331964012,0.940460192851481,0
90,25,22,3,4233133.386810095,6228720.066597843,79823.46719150987,781696.1493199887,23,0.6796152887830089,0.998177478341097,0.76,2076240.0221992808,1411044.4622700317,0.6796152887827908,0.6796152887827908,0.3331788610272723,9.202829131690903,0.9563128927207524,0
90,27,24,3,2980685.1611094153,4464613.36922048,54960.30400411348,553475.3010378311,26,0.6676244759866349,0.7169950300862922,0.7777777777777778,1488204.4564068269,993561.7203698051,0.6676244759863358,0.6676244759863358,0.22520509051453363,9.840949072958466,0.9833299665392793,0
90,21,18,3,1345503.6628189636,7282121.435607769,282696.08441851457,881643.3533313941,21,0.18476808917791449,0.8902961144598863,0.8571428571428571,2427373.811869256,448501.22093965457,0.18476808917786378,0.18476808917786378,0.29640310363307387,3.118696727412239,0.8396499199664238,0
90,23,20,3,2876941.7042725096,10752207.830731722,342402.875063444,1255923.1954732763,22,0.26756753120502663,0.9887453828831416,0.8695652173913043,3584069.2769105737,958980.5680908365,0.26756753120497695,0.26756753120497695,0.3281854103172442,3.5237962967390106,0.9424668034339204,0
90,22,19,3,796245.7179323403,4027388.579701039,146870.1300803954,477111.9518494545,22,0.1977076962340817,0.9180440266033391,0.8636363636363636,1342462.8599003463,265415.23931078013,0.19770769623398352,0.19770769623398352,0.311475812640115,3.248529510970264,0.9007310695538895,0
90,23,20,3,575076.5889355998,2689573.407610646,91934.64429021938,311918.9451450421,22,0.21381702663630608,0.9710543597111098,0.8695652173913043,896524.4692035486,191692.1963118666,0.21381702663614707,0.21381702663614707,0.3469783738378949,3.2608877482819403,0.8639922215512472,0
90,22,19,3,826472.7916543453,3666608.171952673,129097.06274083305,434731.82220429723,21,0.22540526636473873,0.9765850234976196,0.8636363636363636,1222202.7239842243,275490.93055144843,0.22540526636461575,0.22540526636461575,0.3418828794256934,3.2412216668769545,0.805308107605104,0
90,23,20,3,816149.6858105429,4364332.558517148,154268.82055246114,513587.75089623826,23,0.1870044674339977,0.8102078569344531,0.8695652173913043,1454777.519505716,272049.89527018095,0.187004467433912,0.187004467433912,0.39983894693247124,3.3291740291633123,0.8991418335150843,0
90,23,20,3,801091.6399423179,2805183.111775905,87134.41181885159,334720.1404327931,23,0.2855755250269125,0.8116439397739951,0.8695652173913043,935061.0372586349,267030.5466474393,0.28557552502670897,0.28557552502670897,0.4216405323113384,3.8414230777711498,0.9459790850682113,0
90,26,23,3,2282115.9179433356,4695726.600859109,92831.18011214514,541706.5880515861,25,0.4859984645454707,0.9969776822560539,0.7692307692307693,1565242.2002863698,760705.3059811118,0.4859984645452637,0.4859984645452637,0.33431809004600604,5.730452220987641,0.9890793363739132,0
90,26,23,3,2380748.333383142,3346065.8723393674,37127.597652162534,427021.4898108914,25,0.7115067139183231,0.9564738712567917,0.7692307692307693,1115355.2907797892,793582.7777943807,0.7115067139178978,0.7115067139178978,0.3399486041697557,11.212015519479426,0.927438964773411,0
90,24,21,3,2205878.147951235,6051143.953899163,160219.40858116365,725744.5817155039,23,0.3645390301001637,0.7846429095827164,0.75,2017047.9846330544,735292.7159837451,0.36453903010004324,0.36453903010004324,0.2333365125373707,4.438079431930152,0.9456037297020378,0
90,25,22,3,3040891.426554792,5863234.810022467,112893.735338707,704152.7802582354,23,0.5186371559529306,0.9842648774436112,0.76,1954411.6033408223,1013630.475518264,0.5186371559527536,0.5186371559527536,0.340298988156852,5.940827773744223,0.9824734208518657,0
90,22,19,3,1673998.7105560433,6090338.801412623,200742.7314025718,731639.8447165265,21,0.27486134435862464,0.8935602744591811,0.8636363636363636,2030112.9338042077,557999.5701853478,0.27486134435853443,0.27486134435853443,0.38291772380698524,3.4932530098233,0.9320882511937232,0
90,24,21,3,1853578.595563669,4028047.082357344,90602.85361640314,484846.28525885136,23,0.4601680560492442,0.9700879066600753,0.75,1342682.3607857814,617859.5318545563,0.4601680560490157,0.4601680560490157,0.3255047810156732,5.253031688819615,0.9632856325734238,0
90,25,22,3,434493.5255736876,2113480.335354373,67159.4723912274,236963.319623246,25,0.20558200533274865,0.8907266068322712,0.88,704493.4451181242,144831.1751912292,0.2055820053325541,0.2055820053325541,0.3642236234843945,3.5283677965681965,0.9275838823248502,0
90,28,25,3,3573574.994111425,6262104.7996175,96018.92162521694,712462.6601223196,25,0.5706667499926118,0.8767180662615451,0.7857142857142857,2087368.2665391667,1191191.6647038083,0.5706667499924295,0.5706667499924295,0.3016511321298519,6.945924580607985,0.9999999999999999,0
90,22,19,3,2045937.353298404,9205240.11496704,325422.85280311987,1090649.0817905923,21,0.22225790177614582,0.9922114813305177,0.8636363636363636,3068413.3716556802,681979.1177661347,0.22225790177609756,0.22225790177609756,0.3299195418167164,3.2156429894233285,0.8630405745390208,0
90,23,20,3,1946973.2747667877,6924553.87926748,216416.54802176924,818587.1700565557,22,0.28116948885268384,0.8634901157276687,0.8695652173913043,2308184.6264224933,648991.0915889292,0.2811694888526027,0.2811694888526027,0.2760658800075266,3.634224714453161,0.9083027572922058,0
90,23,20,3,718032.7846331922,3160437.951792094,106191.52900690875,367674.6548091961,23,0.22719407739861242,0.9426769014505825,0.8695652173913043,1053479.3172640314,239344.26154439742,0.2271940773984686,0.2271940773984686,0.3385372979962803,3.4623727357933896,0.9346985073133254,0
90,26,23,3,3661620.719126351,7928571.744122541,164113.50096139187,916702.7735900857,25,0.4618260182661843,0.9955811684968959,0.7692307692307693,2642857.248040847,1220540.2397087838,0.4618260182660679,0.4618260182660679,0.3352907568302753,5.488870902071889,0.9359457471492637,0
90,22,19,3,1888358.6979304908,9149988.614452833,330074.0871146519,1081249.4921820809,22,0.2063782565748261,0.9978820751575823,0.8636363636363636,3049996.2048176113,629452.8993101636,0.20637825657478098,0.20637825657478098,0.33423131317111543,3.2757781794704495,0.8799942971029898,0
90,22,19,3,992695.2940197366,4668355.466378253,167075.46237993255,552220.243329762,22,0.2126434675270486,0.9987035198520869,0.8636363636363636,1556118.488792751,330898.4313399122,0.2126434675269575,0.2126434675269575,0.3328088814894972,3.3052145148082737,0.8749408932201296,0
90,25,22,3,1193258.8675314228,2166003.2090347544,38909.773660133265,265958.11663299915,24,0.5509035547840343,0.8847635338693322,0.76,722001.0696782515,397752.9558438076,0.5509035547835256,0.5509035547835256,0.36234966544646796,6.7120696434877924,0.9908141372752525,0
90,24,21,3,2040964.1934510157,4570376.678526205,105392.18687813288,544127.7425913232,24,0.4465636723204864,0.9567015217052336,0.75,1523458.8928420683,680321.3978170053,0.446563672320291,0.446563672320291,0.3449588077091847,5.162885017419235,0.9337770331511291,0
90,23,20,3,3765225.8503461294,14330348.199878648,459353.1456318487,1777793.2732389541,23,0.2627448962041098,0.6516726656192755,0.8695652173913043,4776782.733292882,1255075.2834487099,0.2627448962040731,0.2627448962040731,0.25735307443122113,3.8702102949348403,0.944752635000955,0
90,23,20,3,1602722.5522093405,6920029.3638174515,231187.25267861356,804664.2064480467,23,0.2316063224513491,0.961512854605415,0.8695652173913043,2306676.4546058173,534240.8507364468,0.23160632245128215,0.23160632245128215,0.31694403719648145,3.4805734188258866,0.8366074607521089,0
90,25,22,3,2388507.021943485,4370318.595835729,79272.46295568974,522682.7349761299,23,0.5465292677332116,0.9838806444507681,0.76,1456772.8652785763,796169.0073144949,0.5465292677329614,0.5465292677329614,0.32602548873447573,6.186476287122363,0.9857048671615066,0
90,22,19,3,1106211.0086404267,3993909.4680601815,131259.0208827161,477129.1970079334,21,0.2769744826433009,0.9874548472694425,0.8636363636363636,1331303.1560200604,368737.00288014224,0.2769744826431622,0.2769744826431622,0.32947085904168993,3.5018458311913814,1,0
90,25,22,3,2475248.376207109,3816004.1273142095,53630.23004428403,483804.1919180296,24,0.6486492921978564,0.9040784708419329,0.76,1272001.375771403,825082.7920690364,0.6486492921975164,0.6486492921975164,0.3027737668231296,8.856450273341853,0.9707601644323066,0
90,24,21,3,1387996.2671160311,5346378.790085692,164932.60512373585,612141.1664407316,24,0.2596142775535597,0.956989457221977,0.875,1782126.2633618973,462665.42237201036,0.25961427755346256,0.25961427755346256,0.31870741891833015,3.7114624241688245,0.9486332071584955,0
90,22,19,3,1284269.098909303,4311941.026582541,137621.45125787446,517470.4759059296,22,0.2978401353338688,0.946416505004962,0.8636363636363636,1437313.6755275137,428089.6996364344,0.29784013533373066,0.29784013533373066,0.35855600434830215,3.7601004143789734,0.9551237770956991,0
90,24,21,3,1126092.4736707155,4563352.15748165,143219.15349212225,525348.5075116641,23,0.24676869871290377,0.8765769284052852,0.875,1521117.3858272166,375364.1578902385,0.24676869871279564,0.24676869871279564,0.319921474700536,3.5309575336672903,0.8183251054556441,0
90,21,18,3,911397.4947918903,5161139.256435662,202368.65531637004,619879.9672409543,20,0.1765884331943282,0.9955196080208198,0.8571428571428571,1720379.7521452205,303799.16493063007,0.1765884331942598,0.1765884331942598,0.33282824434510944,2.951617168196397,0.9534939132609899,0
90,22,19,3,1282996.4464520994,5716597.267625901,201527.3100533546,683849.6669974835,21,0.22443358984158462,0.8683453833196608,0.8636363636363636,1905532.422541967,427665.48215069977,0.22443358984150613,0.22443358984150613,0.27198661078482134,3.273473446564532,0.9540814684961573,0
90,20,17,3,679197.4253466965,3181011.4531857064,125090.70139195048,393271.74823845696,19,0.21351618356050972,0.962258370628862,0.85,1060337.151061902,226399.14178223218,0.2135161835603755,0.2135161835603755,0.3281164602485383,3.010084273098622,1,0
90,21,18,3,936991.5508383338,4278542.800373353,159121.4880730962,518005.71532535896,21,0.2189978211171222,0.9608610618760469,0.8571428571428571,1426180.9334577844,312330.5169461113,0.21899782111701988,0.21899782111701988,0.3515442862976348,3.255410200061386,0.8952233428092763,0
90,26,23,3,4268931.47066459,7417309.077763749,121091.44642689076,930542.363626433,26,0.5755364143395056,0.6891134875253702,0.7692307692307693,2472436.3592545833,1422977.1568881965,0.5755364143393505,0.5755364143393505,0.41806560204532744,7.684625058802691,0.9689000263409125,0
90,22,19,3,1455453.806182691,6767588.227083082,241460.65549547234,802285.7758019114,22,0.2150624058889876,0.9392159988497246,0.8636363636363636,2255862.7423610273,485151.2687275636,0.21506240588892406,0.21506240588892406,0.3588057162760657,3.322635624227536,0.8529161965787856,0
90,23,20,3,1836590.8863670805,6555545.911478361,205171.957613534,777630.4329077774,23,0.28015834396812656,0.8400359567635655,0.8695652173913043,2185181.970492787,612196.9621223601,0.28015834396804107,0.28015834396804107,0.3206098801052866,3.7901399486997507,0.8664421734887066,0
90,25,22,3,2421642.2999165836,3953837.1981009766,61287.79592737572,484205.7853228112,23,0.6124790118012656,0.9376075659466602,0.76,1317945.7327003255,807214.0999721945,0.6124790118009558,0.6124790118009558,0.3561226965096972,7.646059693815735,0.9305340276784448,0
90,26,23,3,1381381.85609575,3046157.6715665148,64029.83905656788,348463.0553824522,24,0.453483373165286,0.9937701697705343,0.7692307692307693,1015385.8905221716,460460.6186985833,0.45348337316498816,0.45348337316498816,0.3362687439251896,5.118020390051348,0.9574903502707148,0
90,21,18,3,903073.5956088864,4375917.782578037,165373.53271281673,528672.4156705319,21,0.20637352904666353,0.9567601252093826,0.8571428571428571,1458639.2608593458,301024.5318696288,0.20637352904656922,0.20637352904656922,0.3480560618006144,3.196838133617267,0.8841680246410546,0
90,26,23,3,2596611.5472251177,5854999.687138051,125322.620765882,668182.3779960156,24,0.4434861974337541,0.9436257008694607,0.7692307692307693,1951666.5623793502,865537.1824083725,0.4434861974336026,0.4434861974336026,0.350010874425733,4.9701129684889205,0.9387531150620537,0
90,23,20,3,764940.5238634608,3508483.4568673344,119284.47534799452,407060.8416044928,22,0.21802597426132522,0.9710935839951693,0.8695652173913043,1169494.485622445,254980.1746211536,0.2180259742612009,0.2180259742612009,0.34288083672104536,3.2793650231085993,0.866191854324322,0
90,22,19,3,1129970.3543377297,5260849.024755886,187767.21229173438,640547.7128886476,22,0.2147885919212342,0.766313086230769,0.8636363636363636,1753616.3415852953,376656.78477924323,0.21478859192115254,0.21478859192115254,0.22336492735032007,3.4113927829424,0.948427756595608,0
90,26,23,3,5246753.69360278,7796911.709221302,98083.00060071232,984388.2854414561,24,0.6729271651744937,0.7743349383815389,0.7692307692307693,2598970.5697404337,1748917.8978675932,0.6729271651743212,0.6729271651743212,0.4269385605634374,9.59480425291096,0.9443254456131158,0
90,27,24,3,1231912.47840247,1712484.0957173372,17798.94878943952,212475.16850185225,26,0.7193716318198673,0.8524990906334875,0.7777777777777778,570828.031905779,410637.49280082335,0.7193716318190272,0.7193716318190272,0.35292537946016467,11.581514067582068,0.9768826881245785,0
90,23,20,3,532707.5322961571,2650472.8410983062,92076.75255661516,309051.7782777675,22,0.20098584827423174,0.8795569415570581,0.8695652173913043,883490.9470327687,177569.17743205235,0.20098584827408006,0.20098584827408006,0.27686232301773733,3.2407945380485823,0.9497844772364002,0
90,23,20,3,1591570.3927771545,3576023.539918918,86280.5716148593,438134.90153839893,22,0.44506709058542615,0.864141469760557,0.7391304347826086,1192007.8466396395,530523.4642590515,0.4450670905851772,0.4450670905851772,0.397186856088979,4.98308365578882,0.9612875739258803,0
90,22,19,3,750902.3366443266,3900644.702274045,143170.10752862354,460643.8743469427,22,0.1925072376385278,0.9458682442474162,0.8636363636363636,1300214.900758015,250300.77888144218,0.19250723763842909,0.19250723763842909,0.3286890119710956,3.217458464586472,0.924392188657555,0
90,22,19,3,1243070.405615019,5543133.6534659825,195457.42035686204,657888.5478728437,22,0.22425409223851817,0.9452932621906003,0.8636363636363636,1847711.217821994,414356.801871673,0.22425409223843726,0.22425409223843726,0.3501309053476827,3.365891899464951,0.7668433226411157,0
90,25,22,3,1846055.507222091,3240376.7810843675,55772.85095449105,393163.9875969147,24,0.5697039671429052,0.9955155491606243,0.76,1080125.593694789,615351.835740697,0.5697039671425536,0.5697039671425536,0.33519806847389144,6.942035660616496,0.9561899876002983,0
90,23,20,3,982700.4833312709,4493303.291050232,152634.90468343304,521854.9825294814,23,0.21870335022530002,0.9543567464191807,0.8695652173913043,1497767.7636834106,327566.8277770903,0.2187033502252027,0.2187033502252027,0.31929283966117594,3.4189753884171976,0.9517849338875491,0
90,23,20,3,322827.07501621975,1275642.4395787343,41426.7549809789,148742.72176938716,23,0.25307019036037753,0.9793666531153008,0.8695652173913043,425214.14652624476,107609.02500540658,0.25307019035998074,0.25307019035998074,0.3293168531392306,3.5904989863215673,0.9563138505181475,0
90,21,18,3,1099979.091146231,5703886.6844061,219233.69491713663,692054.0892299273,20,0.19284729027897407,0.8845440184172031,0.8571428571428571,1901295.5614687,366659.69704874366,0.19284729027890646,0.19284729027890646,0.294612604995367,3.056881946577955,1,0
90,27,24,3,2486080.4639355424,3786888.2340724724,48178.06556062708,453014.32039136754,26,0.6564969204969962,0.9924283263064538,0.7777777777777778,1262296.0780241576,828693.4879785142,0.6564969204966493,0.6564969204966493,0.331761631409188,9.283572736794671,0.9807081871616181,0
90,25,22,3,2067287.550526824,4007158.130339111,77594.82319249149,475678.3410966958,25,0.5158986701508985,0.9989171869829463,0.76,1335719.3767797037,689095.8501756081,0.5158986701506411,0.5158986701506411,0.33307873085446715,6.130284489604906,0.9400161816913294,0
90,26,23,3,3183715.989257297,8302384.7689253045,196871.87614107731,938423.7840527209,26,0.3834700604545731,0.9406329915544303,0.7692307692307693,2767461.589641768,1061238.6630857657,0.3834700604544808,0.3834700604544808,0.34317816361933345,4.766672632181779,0.96007863948854,0
90,21,18,3,625553.3843507572,2792839.193758507,103204.0861622738,339381.10858206864,21,0.22398474847693794,0.9173530495523334,0.8571428571428571,930946.3979195022,208517.79478358573,0.22398474847677752,0.22398474847677752,0.2951970729932549,3.28844642880856,1.0000000000000002,0
90,25,22,3,1151735.0261084395,2377117.2435686113,49015.28869840683,282343.3947884142,25,0.4845091377903306,0.8336863372266821,0.76,792372.4145228704,383911.67536947987,0.48450913778992294,0.48450913778992294,0.26250927250521144,5.760312797909339,0.9587658297690297,0
90,24,21,3,8671733.202723473,15038923.3382642,265299.58898086374,1857641.683738662,23,0.5766192836862876,0.9949226796736634,0.75,5012974.446088067,2890577.734241158,0.5766192836862108,0.5766192836862108,0.33355585911167107,6.881762155189363,0.9502554507808741,0
90,23,20,3,702736.5296877461,2851370.1226200126,93418.85186662029,332136.01778200537,23,0.24645573863339162,0.988130573970626,0.8695652173913043,950456.7075400042,234245.50989591537,0.24645573863321876,0.24645573863321876,0.33806619333738347,3.5553425367789857,0.8449810888441291,0
90,24,21,3,1045368.9224498109,3564061.839484155,104945.53820976439,413059.84767820913,24,0.2933083009022142,0.8723048656546699,0.875,1188020.613161385,348456.3074832703,0.29330830090204957,0.29330830090204957,0.3099955125742676,3.9359448216717148,0.8255989198059172,0
90,23,20,3,1419371.7332936323,5771888.649985433,189239.8659431218,673370.239700741,22,0.24591114267198633,0.9447607143888376,0.8695652173913043,1923962.8833284776,473123.9110978774,0.24591114267190112,0.24591114267190112,0.32290392313805444,3.440373444790625,0.8407282360999817,0
90,23,20,3,583952.4172398548,2175758.476195032,69208.95908500768,260843.84470730193,22,0.2683902756802322,0.7778683914065806,0.8695652173913043,725252.825398344,194650.80574661828,0.26839027567998547,0.26839027567998547,0.33985114640374364,3.6412268505902876,0.840441589296704,0
90,23,20,3,412980.67193179304,1851262.673519758,62534.00006904196,214887.6974024149,22,0.2230805373212546,0.9975342052083965,0.8695652173913043,617087.5578399193,137660.22397726434,0.22308053732101357,0.22308053732101357,0.33222862135311404,3.32422905966457,0.8322703136885328,0
90,24,21,3,2620326.7579855514,10246948.03700285,317775.88662572077,1178563.1959082654,24,0.2557177755291633,0.8942280204515162,0.875,3415649.345667617,873442.2526618504,0.2557177755291134,0.2557177755291134,0.2952589291643018,3.7087873734506442,0.8774111758535267,0
90,22,19,3,1107643.2514518732,4898696.131371324,172320.58545088416,580895.5542234516,22,0.22610980998765834,0.9790623248660703,0.8636363636363636,1632898.710457108,369214.4171506244,0.22610980998756602,0.22610980998756602,0.32409685323114995,3.371016600832353,0.8950391809178658,0
90,22,19,3,1336652.8005831486,5828854.687932306,204190.9948795071,691304.5340006396,22,0.2293165419529571,0.9916854134048726,0.8636363636363636,1942951.562644102,445550.9335277162,0.22931654195287843,0.22931654195287843,0.33382903163600675,3.3855779702978186,0.7968344646397806,0
90,22,19,3,1277824.0952577062,5061294.310908272,171975.91889320753,602674.71442076,20,0.25246982624650854,0.9723536061208861,0.8636363636363636,1687098.1036360906,425941.3650859021,0.25246982624640885,0.25246982624640885,0.3212282614908588,3.2472366919742433,0.9106945529081801,0
90,25,22,3,2034527.4243232287,4599892.915257472,102614.61963736969,538640.1066353361,23,0.442298866909363,0.9302142132656679,0.76,1533297.6384191571,678175.8081077429,0.44229886690917075,0.44229886690917075,0.3580123310098831,4.982079340195202,0.9728905502081595,0
90,24,21,3,983864.9707431456,3177853.4175897837,91416.1852852766,374015.26794573205,23,0.3096004885867392,0.7980680847004782,0.875,1059284.472529928,327954.9902477152,0.3096004885865443,0.3096004885865443,0.29756964266212393,3.9644442726323756,0.9710811393823843,0
90,22,19,3,2156379.359492489,8432141.848888788,285261.93133619544,1004464.0324705113,20,0.2557332879517921,0.9702990890709503,0.8636363636363636,2810713.949629596,718793.1198308297,0.2557332879517315,0.2557332879517315,0.32545970684616243,3.2170506718245404,0.8087409224207643,0
90,27,24,3,1510802.2896206486,2120655.192959575,22587.14456810838,256618.4493712362,26,0.7124224129578882,0.9420962217508675,0.7777777777777778,706885.0643198583,503600.76320688287,0.7124224129572162,0.7124224129572162,0.337448954814482,11.016544662020642,0.9413747871726155,0
90,27,24,3,3153562.927919022,7500888.383989606,161012.05392854012,853105.7618015038,26,0.4204252571801729,0.7994195493203019,0.7777777777777778,2500296.1279965355,1051187.642639674,0.4204252571800608,0.4204252571800608,0.24037758208475582,5.13863102448682,0.9678506148895988,0
90,25,22,3,5109580.578155883,8529754.634998094,136806.96227368846,1042515.7476595171,25,0.5990301945134938,0.9999705647950997,0.76,2843251.5449993648,1703193.526051961,0.5990301945133534,0.5990301945133534,0.33333131395493687,7.620341321272065,0.9515781570216161,0
90,23,20,3,2594754.065903633,11208889.03871767,374527.60751365375,1302742.3894331988,22,0.231490744260258,0.9933150269028761,0.8695652173913043,3736296.3462392236,864918.0219678776,0.2314907442602167,0.2314907442602167,0.33036389323779936,3.325982906826045,0.9718910105509484,0
90,25,22,3,3542606.993652705,7312268.212271821,150786.44874476464,869522.5368095643,25,0.4844744326673955,0.9896196195225332,0.76,2437422.73742394,1180868.997884235,0.4844744326672631,0.4844744326672631,0.3349064205858321,5.766582766834927,1,0
90,25,22,3,5922932.580960327,13821159.510256361,315929.07717184146,1609743.043863952,24,0.4285409322253048,0.9112709360302269,0.76,4607053.170085453,1974310.860320109,0.4285409322252428,0.4285409322252428,0.34391020863269045,5.005488295033772,1,0
90,22,19,3,898714.7897141717,4240481.119882073,151898.4695530864,503949.5608551406,22,0.21193698646604345,0.9054205213872196,0.8636363636363636,1413493.7066273578,299571.5965713906,0.2119369864659435,0.2119369864659435,0.300556650958798,3.317673722023246,0.8289509599630074,0
90,22,19,3,1209954.2868536639,5852314.898613382,211016.39144362367,691669.9101837678,20,0.2067479805538382,0.9979561880078237,0.8636363636363636,1950771.6328711275,403318.095617888,0.20674798055376756,0.20674798055376756,0.3335030418010475,3.0287556061172767,0.9746307341628536,0
90,24,21,3,629438.2394172262,1598886.726141891,40393.686946861024,187850.6644828241,24,0.3936728156694784,0.9968668456562221,0.75,532962.242047297,209812.74647240873,0.39367281566898604,0.39367281566898604,0.3318866370276551,4.650495626341219,1.0000000000000002,0
90,27,24,3,2703629.093332417,4792667.953135832,77371.80962234872,560215.4523100649,25,0.5641177564915328,0.9671143043731173,0.7777777777777778,1597555.9843786107,901209.6977774723,0.5641177564912975,0.5641177564912975,0.3421394507474667,6.949325246923275,0.9826181085314692,0
90,24,21,3,1920356.7391879929,4554628.074125174,109761.30562238256,538374.489309738,23,0.4216275638612757,0.9999739281047431,0.75,1518209.358041725,640118.9130626643,0.42162756386109057,0.42162756386109057,0.33334129364228643,4.812847814105602,0.9658176929947783,0
90,24,21,3,3145480.4808897763,7247950.02809542,170936.23113356857,861488.1309661916,24,0.43398208716898334,0.9990783594522092,0.75,2415983.3426984735,1048493.4936299254,0.43398208716886366,0.43398208716886366,0.333475039077443,5.039821723271704,0.9500331249592885,0
90,24,21,3,1989202.2428443027,6675568.237398108,195265.2497730752,773393.2192366477,23,0.2979824596354247,0.9514943699808777,0.75,2225189.4124660357,663067.4142814343,0.2979824596353355,0.2979824596353355,0.310651801470894,3.8206023412912153,0.9656229989998818,0
90,23,20,3,574540.459852952,2628417.54821258,89299.00384172294,307223.7335169819,22,0.21858797139877645,0.879422833193963,0.8695652173913043,876139.1827375266,191513.4866176507,0.2185879713986101,0.2185879713986101,0.29504478043219845,3.325605527642007,0.9340627679639537,0
90,25,22,3,1474952.9005399724,5077713.695753605,144110.4318085453,575367.337468434,24,0.29047579066404566,0.9021404483997254,0.76,1692571.2319178684,491650.96684665745,0.29047579066393125,0.29047579066393125,0.3560686876270753,3.909478298361505,0.9129372265196405,0
90,24,21,3,1222461.4073247798,4579752.998842278,139887.1496465624,524341.9823248293,24,0.26692736652687177,0.9972216432571066,0.875,1526584.3329474258,407487.1357749266,0.2669273665267552,0.2669273665267552,0.33362168216074367,3.7483212978881806,0.9485679906488022,0
90,25,22,3,3352681.8094290094,5099438.373063357,69870.26254537383,639106.4881400042,23,0.6574609916139283,0.9021304961597529,0.76,1699812.7910211189,1117560.603143003,0.6574609916136704,0.6574609916136704,0.377772456880926,8.685384283588906,0.9540744935920563,0
90,25,22,3,2670810.2964574466,4134010.356508021,58528.002402022976,533029.4961174318,21,0.6460579597369035,0.7310079419018061,0.76,1378003.4521693403,890270.0988191488,0.6460579597365907,0.6460579597365907,0.3199528455887821,8.281510468400242,0.9471195269999545,0
90,23,20,3,544114.3848180821,2316851.404877936,77075.52261129797,269411.3349650257,22,0.23485079089330466,0.9986452335871255,0.8695652173913043,772283.8016259787,181371.46160602735,0.2348507908931019,0.2348507908931019,0.33334571543436214,3.3709656259888963,0.9409947821110838,0
90,22,19,3,1182520.2660243164,5438895.6155369915,193471.60679603062,643906.8525104255,21,0.21741918757294385,0.9840481050047288,0.8636363636363636,1812965.2051789972,394173.4220081055,0.21741918757286388,0.21741918757286388,0.3404048743087429,3.196233249647657,0.8960749832829362,0
90,22,19,3,574240.4465200334,2794263.4998242063,100910.13878655327,330417.491607463,21,0.20550690604374094,0.959448686473334,0.8636363636363636,931421.1666080687,191413.48217334447,0.20550690604359387,0.20550690604359387,0.35172004354832703,3.1527747426719293,0.9145360728104218,0
90,22,19,3,1209301.60069994,5677150.81262677,203084.0550875831,677034.3820169092,21,0.2130120619677872,0.8781554105483573,0.8636363636363636,1892383.6042089232,403100.5335666467,0.2130120619677122,0.2130120619677122,0.35068001848371383,3.2307506182663928,0.8817623901111701,0
90,22,19,3,1283345.3406604868,5397818.231435703,187021.49503523705,642910.065382088,22,0.23775260404033777,0.9246100651823757,0.8636363636363636,1799272.743811901,427781.7802201623,0.2377526040402497,0.2377526040402497,0.31654139111987023,3.4376265961167642,0.8536295203198249,0
90,21,18,3,1563975.8957274212,6156214.877363515,218678.04674457587,753256.335345271,20,0.25404829540273643,0.8957242306797037,0.8571428571428571,2052071.6257878384,521325.2985758071,0.2540482954026539,0.2540482954026539,0.3057277941779015,3.2953165132014157,0.9521047899268735,0
90,24,21,3,1762299.08577333,3372883.9843673846,67107.70410808561,410947.08691045234,23,0.5224902765528542,0.9754276864537234,0.75,1124294.661455795,587433.02859111,0.5224902765525443,0.5224902765525443,0.3417668278916414,6.010513510983447,0.9329145408688483,0
90,27,24,3,1834463.5585288352,3522906.6294342615,62534.928552052814,404487.3560172509,25,0.5207244333985963,0.9370611914689111,0.7777777777777778,1174302.2098114204,611487.852842945,0.5207244333983007,0.5207244333983007,0.3247382805822094,6.200667339502843,1,1
90,22,19,3,860801.8639271474,3856092.390380607,136149.56938424814,456868.7053544921,22,0.22323164924011601,0.9981430685776176,0.8636363636363636,1285364.130126869,286933.95464238245,0.22323164924000022,0.22323164924000022,0.33280683332857947,3.3556382691284075,0.9115986252178823,0
90,25,22,3,2072960.8610818996,3731025.8795001185,66322.60073672878,451169.5157788586,22,0.555600772557246,0.9208802655017654,0.76,1243675.293166706,690986.9536939665,0.5556007725569482,0.5556007725569482,0.3438629023284665,6.337481686529645,0.9233100163517447,0
90,24,21,3,783587.3022419059,3397957.1492265863,108932.07695769501,387154.36866366264,23,0.23060541020066389,0.9972948721558,0.875,1132652.3830755288,261195.76741396866,0.23060541020052813,0.23060541020052813,0.3346074816176674,3.4505395867068764,0.9999999999999999,0
90,25,22,3,2834286.8267329107,5732245.070892623,115918.32976638846,676025.8098819093,24,0.4944462059245248,0.9977887433044174,0.76,1910748.3569642075,944762.2755776369,0.49444620592435234,0.49444620592435234,0.33437114445213,5.731550613416638,0.9591728634926642,0
90,21,18,3,651481.9635504999,3359088.4392654924,128933.64170071394,404676.0746670301,21,0.19394605867916975,0.9841585228707332,0.8571428571428571,1119696.1464218309,217160.65451683328,0.19394605867905426,0.19394605867905426,0.32587891721660783,3.1386383671938947,1,0
90,25,22,3,1164588.580534308,3471363.6292155385,92271.00194724921,401296.88764767104,24,0.3354844680438008,0.8091882120734074,0.76,1157121.2097385128,388196.193511436,0.3354844680436075,0.3354844680436075,0.36708400485023,4.18894350374887,0.9197433940406584,0
90,22,19,3,732839.2759687144,3233614.7956054457,113671.61452894233,384285.12587660627,20,0.22663159414177367,0.9316688796974869,0.8636363636363636,1077871.5985351487,244279.75865623812,0.22663159414163345,0.22663159414163345,0.3621701712439739,3.135345255846719,0.9543882563705897,0
90,27,24,3,2427111.734937822,4890047.980856869,91219.86095996473,552812.3407720453,26,0.49633699800876585,0.9924404250680762,0.7777777777777778,1630015.9936189565,809037.244979274,0.49633699800856285,0.49633699800856285,0.33308668779798095,5.8629996660557655,0.9692143920376008,0
90,23,20,3,403290.52988031396,2096502.7620220303,73617.92313659636,242364.94784196332,22,0.19236346223133846,0.9741781425748949,0.8695652173913043,698834.2540073434,134430.1766267713,0.19236346223115494,0.19236346223115494,0.32734071530105835,3.1796618265913748,0.9562378570382084,0
90,26,23,3,4602111.7083456265,9247746.754481558,178678.27100522805,1080458.1212219272,25,0.49764681392414817,0.9549822427267836,0.7692307692307693,3082582.2514938526,1534037.2361152088,0.4976468139240406,0.4976468139240406,0.3217295512170524,5.937563648806296,0.9374294304931917,0
90,24,21,3,379362.94655540626,1634373.694932378,52292.11451570714,186274.02166521267,23,0.23211518132691816,0.9833221382276601,0.875,544791.231644126,126454.31551846875,0.2321151813266341,0.2321151813266341,0.33883188615622706,3.452891787538823,0.9372081236725212,0
90,26,23,3,3301870.4848512174,6663731.120591097,129302.33214384154,772961.5144706651,26,0.4954987566421849,0.9654474107868464,0.7692307692307693,2221243.706863699,1100623.4949504058,0.4954987566420362,0.4954987566420362,0.3181070780448785,5.977939466743811,0.9484180268338941,0
90,26,23,3,1848070.9492655871,4189211.6271803323,90043.87222749024,482911.6650010018,24,0.4411500572743905,0.8840472428635421,0.7692307692307693,1396403.8757267774,616023.6497551957,0.44115005727417983,0.44115005727417983,0.278680137181095,5.0946690796604965,0.9681339611199536,0
90,26,23,3,1706871.980948216,5071959.923058456,129426.45931193235,568105.007560426,26,0.3365310465463249,0.9521007373794312,0.7692307692307693,1690653.307686152,568957.3269827387,0.33653104654619215,0.33653104654619215,0.3107541345945701,4.389403917686101,0.9871128019964046,0
90,25,22,3,1276149.1593461148,2309637.9612301206,41339.552075360225,280616.6025920541,24,0.5525321200842582,0.9976247401498044,0.76,769879.3204100402,425383.0531153716,0.5525321200837797,0.5525321200837797,0.3339129476172364,6.683614182729252,0.9736781955233396,0
90,23,20,3,1001713.2430853527,4006624.7133821147,130648.32479551136,466937.70927903574,22,0.2500142425966134,0.985909631204683,0.8695652173913043,1335541.5711273716,333904.41436178423,0.2500142425964886,0.2500142425964886,0.3395376072318488,3.4279121900574414,0.8691481712233688,0
90,24,21,3,4265300.610422978,8443942.69788016,174110.08697738248,1029523.1618089413,22,0.505131401648814,0.942015830677365,0.75,2814647.5659600534,1421766.8701409928,0.5051314016486944,0.5051314016486944,0.35985168283184443,5.695805400115834,0.9267269469109637,0
90,21,18,3,261694.33813531545,1230103.3829572203,46114.7164200907,148675.58876322306,21,0.2127417433045168,0.9738678571938207,0.8571428571428571,410034.4609857401,87231.44604510516,0.21274174330417092,0.21274174330417092,0.32916922403428805,3.2240377975137204,0.9304551494277868,0
90,22,19,3,3907626.46882864,25341889.968401402,974284.7045260348,2972373.040508744,22,0.1541963315956653,0.9670709271832777,0.8636363636363636,8447296.6561338,1302542.1562762132,0.15419633159565307,0.15419633159565307,0.33942780148729124,3.0508259307546846,0.9276220367748068,0
90,21,18,3,1180575.7052555745,5556989.681734114,208400.66554659716,671470.689636234,20,0.21244878484045548,0.9881858788393607,0.8571428571428571,1852329.8939113712,393525.2350851915,0.21244878484037905,0.21244878484037905,0.32803356592017235,3.1183080846491857,0.9541837335855163,0
90,25,22,3,1943998.8387165372,4968767.098284854,120990.73038273263,572497.902186241,23,0.3912437029675201,0.967661361605359,0.76,1656255.6994282845,647999.6129055124,0.3912437029673626,0.3912437029673626,0.3383209427554759,4.450200453149487,0.9999999999999999,0
90,25,22,3,1230153.4108906542,3397755.209617633,86704.07194907915,389074.7815442058,24,0.36204886314594975,0.9999622250153577,0.76,1132585.0698725444,410051.1369635514,0.3620488631457366,0.3620488631457366,0.33332085002072587,4.39939176800332,0.9204614786159131,0
90,22,19,3,375459.48385078827,1697410.2330570782,60088.67041846772,201509.7028501679,22,0.2211954874187103,0.9339238028794272,0.8636363636363636,565803.4110190261,125153.16128359608,0.22119548741844966,0.22119548741844966,0.36220654443095934,3.353539052261708,1.0000000000000002,0
90,21,18,3,1594738.8179024893,7590442.085371917,285509.67940330604,982258.2648494852,21,0.21009827885725052,0.6310662559940569,0.8571428571428571,2530147.361790639,531579.6059674964,0.21009827885719518,0.21009827885719518,0.42698873855831687,3.440367650227801,0.9999999999999999,0
90,21,18,3,1997310.565067605,9115332.241164163,338953.41314745526,1115347.4152019958,21,0.21911549817654258,0.8531550762422806,0.8571428571428571,3038444.0803880543,665770.1883558683,0.2191154981764945,0.2191154981764945,0.29668037494629207,3.2905625727199697,0.9003274550693646,0
90,23,20,3,727811.5388602655,3041154.5441355407,100580.13066414237,357431.47403743205,22,0.2393208001426673,0.8616995221594153,0.8695652173913043,1013718.1813785136,242603.84628675517,0.2393208001425099,0.2393208001425099,0.2685342597432674,3.4499072904610837,0.8169719194814768,0
90,25,22,3,1030413.6401940489,2289517.027856211,50364.135506486484,267393.3975341983,24,0.45005720754932604,0.9328809387323197,0.76,763172.342618737,343471.2133980163,0.45005720754893286,0.45005720754893286,0.31261984106509866,5.210143277199383,0.9545883817119468,0
90,21,18,3,2132694.852605577,9991662.807545535,374236.5692828552,1215508.7645510181,21,0.21344744049957215,0.8891460624477312,0.8571428571428571,3330554.2691818452,710898.284201859,0.21344744049952943,0.21344744049952943,0.28344154600980936,3.2479689702078933,1,0
90,25,22,3,562810.0845191824,2822731.7289893124,90396.86577880516,316892.64412021503,25,0.19938490035696696,0.8732472161431585,0.88,940910.5763297708,187603.36150639414,0.19938490035682566,0.19938490035682566,0.2735941379389987,3.505571143275296,1,0
90,28,25,3,1248341.9753084425,2526477.392710442,45647.69347864285,286851.68708558724,28,0.4941037584225952,0.8329599239079333,0.7857142857142857,842159.1309034807,416113.9917694808,0.494103758422204,0.494103758422204,0.3840357537518139,6.284034640512829,0.9730743392398162,0
90,27,24,3,1626339.9764443738,3581810.3188863136,72424.82749784963,404284.7020144633,25,0.4540553049022415,0.957989204924722,0.7777777777777778,1193936.7729621045,542113.325481458,0.4540553049019879,0.4540553049019879,0.32266686084917984,5.246723271903906,0.9508477502322509,0
90,21,18,3,506242.0449594317,2625609.407026166,100922.25533651117,316214.9446504988,20,0.19280935069950939,0.9886754341064585,0.8571428571428571,875203.1356753887,168747.34831981055,0.19280935069936248,0.19280935069936248,0.32804019529632544,3.023756376568576,0.9599321042582827,0
90,25,22,3,5642597.119022428,10226897.736972174,183372.0247179898,1263359.5533349852,25,0.5517408371673472,0.7719318956022434,0.76,3408965.912324058,1880865.7063408094,0.5517408371672394,0.5517408371672394,0.39648471850643463,6.889598101297253,0.9777545855908316,0
90,24,21,3,430632.4182450384,2110863.448684706,70009.62626831947,239878.05324580413,23,0.20400770997913892,0.9534247031464371,0.875,703621.1495615686,143544.13941501282,0.2040077099789456,0.2040077099789456,0.33802352356881793,3.2921534899564557,0.9289830866911375,0
90,24,21,3,885783.4993768479,3501886.321840653,109004.28426932519,400187.13493397716,24,0.2529446755173399,0.9926816807362907,0.875,1167295.440613551,295261.1664589493,0.2529446755171954,0.2529446755171954,0.33419605748190684,3.6712973037053573,0.9679798319830403,0
90,21,18,3,958122.9543320225,4356654.314962032,161834.82669666706,527234.877710801,21,0.2199217300857051,0.9734996754125423,0.8571428571428571,1452218.104987344,319374.31811067415,0.21992173008560414,0.21992173008560414,0.3227727878586938,3.2578579559748206,0.8655520032814336,0
90,26,23,3,4070588.47502845,12427777.750273865,321430.3567402083,1387410.5005657547,25,0.32753952933688574,0.9808656399303393,0.7692307692307693,4142592.5834246217,1356862.8250094834,0.32753952933683306,0.32753952933683306,0.3368362532077008,4.188823457710184,0.9197648633495142,0
90,25,22,3,734603.9783535951,2939740.0839711996,88205.4442247042,329496.788198839,25,0.24988739050732423,0.9964878501030136,0.88,979913.3613237332,244867.9927845317,0.2498873905071542,0.2498873905071542,0.33481288935050424,3.7355606685195903,0.9999999999999999,0
90,24,21,3,3178993.5577984266,5172139.0044714995,83047.72694471135,650433.496436172,22,0.61463807431499,0.9463858323348564,0.75,1724046.334823833,1059664.5192661423,0.6146380743147524,0.6146380743147524,0.30806893998653334,7.259404904079162,0.9441655844890555,1
90,20,17,3,606043.0064955994,2939664.816313968,116681.09049091845,362846.4520569908,20,0.2061605810064114,0.9875861801385698,0.85,979888.272104656,202014.33549853312,0.2061605810062711,0.2061605810062711,0.32880100980290505,3.1097279818628563,0.9414943113813089,0
90,23,20,3,1892761.8019187266,7696783.899151657,252348.78683621436,900775.2851465674,20,0.24591593407307458,0.9050515438487895,0.8695652173913043,2565594.633050552,630920.6006395755,0.2459159340730107,0.2459159340730107,0.3167500825769825,3.116225558231789,0.9999999999999999,0
90,21,18,3,1117044.3024429104,5716966.8379925,219043.9302642662,692423.1775118905,21,0.19539107608939055,0.9033610525039676,0.8571428571428571,1905655.6126641666,372348.10081430344,0.19539107608932219,0.19539107608932219,0.30686939064407176,3.161115565600715,0.8781611210443011,0
90,24,21,3,590488.5361926248,2011094.3638752298,59191.90948677523,232790.88619103766,23,0.29361552933523394,0.8898202907309734,0.75,670364.78795841,196829.51206420828,0.29361552933494195,0.29361552933494195,0.3851002020802967,3.8449943248269487,0.8155352459182179,0
90,25,22,3,2849159.105357941,4057944.783884054,48351.42714104454,521129.90606821055,23,0.702118746581409,0.9721035346464064,0.76,1352648.2612946846,949719.7017859803,0.702118746581063,0.702118746581063,0.32962588809635585,10.315567925903508,0.9560921873007874,0
90,27,24,3,1192356.7454058107,2337185.1921549216,42401.053583300396,268376.71603749756,26,0.5101678503730074,0.9246429431740658,0.7777777777777778,779061.7307183072,397452.24846860353,0.5101678503725707,0.5101678503725707,0.3463494659292285,6.168110243905298,1,0
90,28,25,3,1342864.8241209935,4328476.4390950315,106628.98624907278,464931.30318935326,24,0.3102396057864278,0.9220713175108664,0.7857142857142857,1442825.479698344,447621.60804033116,0.3102396057862844,0.3102396057862844,0.3684557513334154,3.93107825038597,0.9821249749676437,0
90,24,21,3,3347987.3919968763,13506445.8008051,423269.1003670094,1564547.182391802,24,0.24788071128209466,0.8350255013103166,0.875,4502148.600268367,1115995.7973322922,0.24788071128205794,0.24788071128205794,0.3901415125852054,3.696341596945096,0.9484849918048468,0
90,22,19,3,520343.8446834414,2566320.9004588244,92998.95708069921,303129.8779081676,21,0.20275868251324614,0.99019057742542,0.8636363636363636,855440.3001529415,173447.9482278138,0.20275868251308807,0.20275868251308807,0.3306359868138359,3.1157429257358316,0.8937525151732313,0
90,23,20,3,830719.6560463748,4150225.704706804,144326.3499417578,484508.99552192143,23,0.20016252492100586,0.8707905855184326,0.8695652173913043,1383408.5682356013,276906.5520154583,0.20016252492090938,0.20016252492090938,0.29690336919451404,3.3570376837915297,0.8823095828447108,0
90,25,22,3,1636880.2351969013,3502045.222739177,74606.59950169103,411346.96691300144,25,0.4674069382565322,0.891357643862859,0.76,1167348.4075797256,545626.7450656338,0.4674069382562653,0.4674069382562653,0.3627681102380504,5.513546652105011,0.9999999999999999,0
90,21,18,3,472231.18583308876,2514455.167013684,97248.76100859974,303749.0379680447,21,0.187806564232263,0.9166762616891557,0.8571428571428571,838151.7223378946,157410.39527769625,0.1878065642321136,0.1878065642321136,0.31141468384541016,3.1234232170635123,0.85306779523447,1
90,21,18,3,1822512.2649956825,7862196.72049276,287604.0216903371,952943.3115786049,21,0.2318070037913304,0.9960795655707536,0.8571428571428571,2620732.2401642534,607504.0883318941,0.23180700379127145,0.23180700379127145,0.3351808143406759,3.3133866000014573,0.897811746519167,0
90,26,23,3,2949382.747480375,4837217.181791827,72609.01670428665,593269.4468012931,23,0.6097271709407184,0.758479294834814,0.7692307692307693,1612405.7272639424,983127.5824934584,0.6097271709404664,0.6097271709404664,0.25141890954705265,7.6840571117743135,1,1
90,24,21,3,3694043.9456433044,8416891.610191371,196785.31935616944,1000656.4700428778,22,0.4388845807601977,0.9516613256772399,0.75,2805630.536730457,1231347.9818811014,0.43888458076009346,0.43888458076009346,0.3558057874385302,4.773175193848996,0.9316350606132131,0
90,21,18,3,1729266.6397920996,7645161.016532393,281709.2560352522,926074.8678746495,21,0.22619100317866356,0.9779542374338176,0.8571428571428571,2548387.0055107977,576422.2132640332,0.2261910031786044,0.2261910031786044,0.3294933746244928,3.287342705400763,0.9757423480591334,0
90,26,23,3,2737186.758775058,4886413.099353444,82662.55156070716,579056.8941437528,25,0.5601627826220167,0.965518718555473,0.7692307692307693,1628804.366451148,912395.5862583527,0.5601627826217874,0.5601627826217874,0.330798809762252,6.8805825422361995,0.9999999999999998,0
90,22,19,3,630703.9906912213,2917220.169051509,103932.55356183123,345487.2532792704,22,0.21620033941286965,0.9745340117078443,0.8636363636363636,972406.7230171696,210234.66356374044,0.2162003394127214,0.2162003394127214,0.3324022054303906,3.32414860826459,1,0
90,22,19,3,616621.2644113204,3182445.944133869,116628.39453284309,376994.2655054831,20,0.19375702690181773,0.910762374661903,0.8636363636363636,1060815.3147112897,205540.42147044014,0.1937570269016959,0.1937570269016959,0.33357017265668265,2.977912526444059,0.9624870017319168,0
90,26,23,3,2163131.1666506105,4665954.99396546,96262.45489672496,540045.9317102699,25,0.46359880655680397,0.863371554285052,0.7692307692307693,1555318.33132182,721043.7222168702,0.4635988065566053,0.4635988065566053,0.33103991242575587,5.515079427578358,0.9400517926687546,0
90,25,22,3,4799906.822660736,7537480.517675869,109502.94780060534,959725.5387088545,24,0.6368052045247763,0.939255172908596,0.76,2512493.5058919564,1599968.940886912,0.6368052045246074,0.6368052045246074,0.36053899921213334,8.617769795796448,0.9571257777802089,0
90,25,22,3,1112787.5021806108,2738210.9389180075,65016.93746949585,319117.3645517367,23,0.406392176133778,0.9517708489324824,0.76,912736.9796393359,370929.16739353695,0.4063921761334811,0.4063921761334811,0.3461199517360752,4.682826148644144,0.9470422241458851,0
90,23,20,3,1102230.2456858784,4347268.872508679,141088.63594881742,507290.8883256011,23,0.25354545072100887,0.9653659654050332,0.8695652173913043,1449089.6241695595,367410.0818952928,0.2535454507208922,0.2535454507208922,0.32170401856065606,3.5955474720588763,0.8951303904352408,0
90,25,22,3,982789.4007102946,2385002.965399642,56088.542587573895,275634.3836743625,22,0.41207051520172927,0.9774400845243235,0.76,795000.9884665473,327596.4669034315,0.41207051520138366,0.41207051520138366,0.3346895366353164,4.633747420435777,0.9300243698402674,0
90,21,18,3,2934330.9220503573,15621027.00702772,604128.3849989221,1883910.1674930134,21,0.187844942635977,0.935238154095571,0.8571428571428571,5207009.002342573,978110.3073501191,0.18784494263595294,0.18784494263595294,0.3313982402449193,3.1183937293283384,0.8461032032374458,0
90,28,25,3,3851689.9779344914,7307780.523293817,123431.80519140456,817444.6369379555,28,0.5270670028549108,0.934930807919627,0.7857142857142857,2435926.8410979393,1283896.6593114971,0.5270670028547666,0.5270670028547666,0.3278751623278313,6.622641835819618,0.9634888441675129,0
90,23,20,3,4439816.9124309,18438743.052736424,608648.9626219796,2145875.9228178975,23,0.24078739530847595,0.9997030215726019,0.8695652173913043,6146247.684245475,1479938.9708103,0.24078739530844978,0.24078739530844978,0.33343932659762593,3.525638018949742,0.9591895975027203,0
90,25,22,3,1925487.7527205774,3675949.719167724,70018.47865788585,442215.8488849517,24,0.523806879805746,0.9833826800328668,0.76,1225316.5730559079,641829.2509068592,0.523806879805461,0.523806879805461,0.3368505943501251,6.202760288737922,0.948938135033643,0
90,24,21,3,1913114.0358292384,5703877.8411912285,157948.49189008298,664368.7235190141,23,0.33540585704923825,0.9145513795318867,0.75,1901292.6137304094,637704.6786097462,0.3354058570491207,0.3354058570491207,0.3000624348232989,4.079992256908944,0.8249669533566871,0
90,26,23,3,7697029.682221977,16950921.39560305,355918.9120531182,1957545.846677639,25,0.4540773626746968,0.8764585331777012,0.7692307692307693,5650307.1318676835,2565676.560740659,0.45407736267464316,0.45407736267464316,0.3392986457034041,5.328840447620567,0.9612127079173197,0
90,21,18,3,3220656.795918698,16272747.158574484,621528.1125074184,1962270.9409994865,19,0.19791721487059805,0.9765440152075574,0.8571428571428571,5424249.052858162,1073552.2653062327,0.1979172148705737,0.1979172148705737,0.32504099173392065,2.949273474629218,0.9223215083193774,0
90,23,20,3,4106154.2771345126,19388167.352411367,664435.3510989938,2266121.4030497633,23,0.21178661203497431,0.8728337431750548,0.8695652173913043,6462722.450803789,1368718.092378171,0.21178661203495244,0.21178661203495244,0.2734823522820061,3.4105972827877498,0.9098541809643914,0
90,27,24,3,2086534.047002226,3407217.0837487704,48914.186546168305,399816.86504615983,26,0.6123865887364938,0.9098999267076643,0.7777777777777778,1135739.0279162568,695511.3490007421,0.6123865887361343,0.6123865887361343,0.30420428646529774,8.063034567067017,0.9898098486087505,0
90,25,22,3,1137081.4892595168,3385400.724108764,89932.76939396992,385905.79497105227,23,0.33587796007768844,0.9179200164917509,0.76,1128466.9080362546,379027.1630865056,0.33587796007749005,0.33587796007749005,0.31764156254093184,4.030633165336402,0.924915072633654,0
90,23,20,3,872826.3935343204,3538245.0951425694,115887.76963514127,412076.4541030564,21,0.24668341792724346,0.9998181702787641,0.8695652173913043,1179415.0317141898,290942.1311781068,0.24668341792710402,0.24668341792710402,0.33330215553624837,3.3176569139880314,0.9638301269360305,0
90,23,20,3,1122376.651030039,3816504.285032588,117135.98408706734,449964.9593868218,23,0.29408499695164403,0.8976991786137327,0.8695652173913043,1272168.0950108627,374125.5503433463,0.2940849969514899,0.2940849969514899,0.37976983441904055,3.841389671072562,0.8952671844810328,0
90,26,23,3,1282546.0636372515,4359353.046567512,118338.7301127023,483451.17580574175,26,0.2942055965498859,0.9603108403489343,0.7692307692307693,1453117.6821891705,427515.3545457505,0.2942055965497509,0.2942055965497509,0.316678541336876,4.085316576755825,0.8682432818934214,0
90,24,21,3,1072758.1545007215,4509633.339519139,143203.13270910076,523477.50224357715,23,0.2378814581441939,0.8156649009490267,0.875,1503211.1131730464,357586.0515002405,0.23788145814408845,0.23788145814408845,0.4201713446338233,3.5206197234969316,1.0000000000000002,1
90,22,19,3,1510188.9796358033,7126852.212227691,255302.87420872215,842762.6890734204,22,0.21190126224934597,0.9899335324821736,0.8636363636363636,2375617.404075897,503396.3265452678,0.21190126224928654,0.21190126224928654,0.33554680425499767,3.3010309487590064,0.9303237571190497,0
90,22,19,3,2106849.6707838867,8630069.909134941,296510.0108341388,1105922.08562623,22,0.2441289228206065,0.6114509992850861,0.8636363636363636,2876689.969711647,702283.2235946289,0.24412892282054993,0.24412892282054993,0.23808595971199664,3.7297967866627237,0.9405811794780669,0
90,23,20,3,1229829.338094704,5170718.911306946,171343.02492227138,602834.9714752139,21,0.23784494171693735,0.9326461725618697,0.8695652173913043,1723572.9704356485,409943.1126982347,0.23784494171684537,0.23784494171684537,0.309185020271812,3.2588141756019193,0.9553995447992074,0
90,22,19,3,556545.8616930235,2559702.296310911,91052.56520990397,303300.71983379073,20,0.21742601180415005,0.9589216418065325,0.8636363636363636,853234.0987703037,185515.28723100782,0.21742601180398013,0.21742601180398013,0.31748896331879617,3.0880635085416888,0.8441047280737912,0
90,24,21,3,927512.887801874,3912734.083935616,124384.21650557256,446264.4481259264,24,0.23704981424873625,0.9834709800425897,0.875,1304244.6946452053,309170.96260062465,0.23704981424861507,0.23704981424861507,0.3351278613735253,3.587789999885922,0.9121368533036929,0
90,25,22,3,1305132.2700464644,2772294.1849337555,58686.476595491644,329155.0784482179,23,0.47077697494689946,0.8764421821349929,0.76,924098.0616445852,435044.09001548815,0.4707769749465598,0.4707769749465598,0.3887052316367574,5.321298494229204,0.9649317514431582,0
90,23,20,3,1272669.1157138261,4868863.864537263,156356.29342710596,568506.0265590177,23,0.2613893407419226,0.9784370547177546,0.8695652173913043,1622954.6215124212,424223.03857127536,0.2613893407418152,0.2613893407418152,0.3421666101361318,3.6359651031278886,0.8097356285435289,0
90,22,19,3,2346468.457555061,11440368.485456899,413359.09217735624,1351670.6492377194,21,0.20510427269346335,0.9991090678348441,0.8636363636363636,3813456.1618189663,782156.1525183538,0.20510427269342751,0.20510427269342751,0.3335198222507587,3.136644375036052,0.8301476056762584,0
90,25,22,3,2328374.3814304546,4427407.378338374,83961.31987631675,530508.8581777206,25,0.525900189989695,0.969674064084345,0.76,1475802.4594461247,776124.7938101515,0.5259001899894575,0.5259001899894575,0.34757185563289644,6.318491168944148,0.9709967553304711,0
90,26,23,3,2201052.21968161,5323552.979553522,120096.18307199658,602319.8352226262,25,0.4134554926258657,0.9913816640573709,0.7692307692307693,1774517.6598511739,733684.0732272033,0.4134554926257104,0.4134554926257104,0.33561435701887227,4.82698234102368,0.8909587273074875,0
90,22,19,3,1276453.1255043778,4891861.704189617,164336.7535766018,583024.5727357494,22,0.26093401708615416,0.9935877221531152,0.8636363636363636,1630620.5680632058,425484.3751681259,0.26093401708604747,0.26093401708604747,0.33260684049634787,3.5477430340038825,0.883089032307096,0
90,24,21,3,1790359.6998463906,3385568.2894987618,66467.02456884879,413750.15938367334,24,0.5288210270042809,0.8666917435410855,0.75,1128522.763166254,596786.5666154636,0.5288210270039685,0.5288210270039685,0.3044894983049698,6.224893653075625,0.980795081356552,0
90,22,19,3,580435.8714010979,3099745.046140711,114514.0533972551,388981.13512370945,22,0.18725277813527705,0.6490686613462271,0.8636363636363636,1033248.3487135703,193478.62380036595,0.18725277813515623,0.18725277813515623,0.41091371335373317,3.3967982407444546,0.9022287699058659,0
90,23,20,3,1382672.1010889518,5678143.872997529,186759.64225689464,662842.9432243988,21,0.24350776098929433,0.9712442447500359,0.7391304347826086,1892714.6243325097,460890.7003629839,0.24350776098920854,0.24350776098920854,0.31978791323116246,3.347026203401405,0.9072127672468341,0
90,21,18,3,2802866.8831680985,12379329.423123375,456022.02571215585,1502439.585748459,21,0.2264150817355576,0.9346875197581972,0.8571428571428571,4126443.1410411247,934288.9610560328,0.22641508173552105,0.22641508173552105,0.3456301420186034,3.294664514063437,0.8637686634742514,0
90,24,21,3,2131057.290331287,8923608.190992052,283022.9541941985,1033562.7942025425,24,0.23881116749189488,0.8284797748581345,0.875,2974536.0636640172,710352.430110429,0.2388111674918414,0.2388111674918414,0.4135229153591977,3.6518691465912094,0.9222111393861664,0
90,23,20,3,904032.4701312522,3781271.9347349396,125097.36802624729,447393.3274578902,23,0.23908158041386257,0.8221086139848494,0.8695652173913043,1260423.9782449799,301344.1567104174,0.23908158041373612,0.23908158041373612,0.4104583389890962,3.576360834070019,0.8588531098529907,0
90,24,21,3,728874.8115717219,1755775.769817172,42787.53992689374,208982.2012939256,22,0.4151297814339949,0.9702422672109934,0.75,585258.5899390574,242958.2705239073,0.415129781433522,0.415129781433522,0.3443053495369564,4.558768905561324,0.910943159996823,0
90,26,23,3,1432650.2722924983,3063823.2931556585,62737.42387935231,352635.69584691024,25,0.46760212166689225,0.9943356361547296,0.7692307692307693,1021274.4310518862,477550.0907641661,0.467602121666587,0.467602121666587,0.33145947515833074,5.517898733633675,0.9419951637830252,0
90,23,20,3,1031991.7629478851,4296835.725830414,141949.73751663172,499984.65269638965,23,0.2401748237066243,0.9982842966005724,0.8695652173913043,1432278.5752768049,343997.2543159617,0.2401748237065125,0.2401748237065125,0.33404918916546616,3.522265426058192,0.9081832400302281,0
90,26,23,3,1690145.5649462058,2853603.153383365,44748.368786044586,342193.5989947131,23,0.5922847270972834,0.9991826064296694,0.7692307692307693,951201.0511277883,563381.8549820686,0.5922847270968683,0.5922847270968683,0.3337142163627668,7.215082309776962,0.9482378555832126,0
90,22,19,3,574409.8279581156,2631198.7713102945,93490.40651600814,311498.7191162878,22,0.21830727279940562,0.9983004337734455,0.8636363636363636,877066.2571034315,191469.9426527052,0.21830727279923967,0.21830727279923967,0.3330642258842583,3.331878967277982,0.8140567880642507,0
90,25,22,3,2384880.832584939,5940557.145688565,142227.05252414505,689693.697514427,25,0.40145743473158824,0.8718841782775583,0.76,1980185.7152295217,794960.277528313,0.4014574347314531,0.4014574347314531,0.37180858528056115,4.849244115443456,0.9826630133468122,0
90,25,22,3,5557245.349024004,7888099.7090612035,93234.17440148798,1016539.0294617906,23,0.7045100282694945,0.966755784616434,0.76,2629366.569687068,1852415.1163413348,0.7045100282693159,0.7045100282693159,0.3480916851686702,10.532999474684713,0.9751319406604362,0
90,27,24,3,2324273.492629434,5630475.59846024,122451.92984558543,631298.1441132204,23,0.4128023382722123,0.9244796029873116,0.7777777777777778,1876825.1994867467,774757.830876478,0.4128023382720657,0.4128023382720657,0.36841155336892123,4.697033523389465,0.9507283571903514,0
90,25,22,3,3130666.9791585547,6009058.70687813,115135.66910878303,726727.3873691412,24,0.5209912453633692,0.874171984308084,0.76,2003019.5689593768,1043555.6597195183,0.5209912453631957,0.5209912453631957,0.34992845125361705,6.206918032737688,0.9195491545508796,0
90,26,23,3,11617070.032214982,17533462.69505188,227553.56395526516,2146237.359945958,26,0.6625656457177039,0.9992365484593215,0.7692307692307693,5844487.565017293,3872356.677404994,0.6625656457176282,0.6625656457176282,0.3329820393979977,9.431789696594056,0.9999999999999999,0
90,25,22,3,2399431.9234330957,4916317.7939908,100675.43482230822,580646.617960891,21,0.4880546831950989,0.9835325258879263,0.76,1638772.5979969334,799810.6411443652,0.48805468319490036,0.48805468319490036,0.3409694055106612,5.295068258612409,0.9892233032670781,0
90,24,21,3,1145665.7214271754,4230890.1495998185,128551.01784052681,487805.2922125378,24,0.2707859766898623,0.891548257942956,0.875,1410296.7165332728,381888.57380905846,0.27078597668973436,0.27078597668973436,0.3497382959809305,3.7946435617793948,0.897078735210347,0
90,21,18,3,2333204.014284597,10677263.604404988,397336.1709581139,1291498.4917872217,20,0.21852078404449965,0.9990881008690504,0.8571428571428571,3559087.868134996,777734.6714281989,0.21852078404445874,0.21852078404445874,0.3335359196136515,3.1156958766841205,0.9290113615428982,0
90,23,20,3,1426084.2656392034,7246928.581446336,253080.18764378832,849367.5271676866,22,0.19678464464105286,0.8407362961459555,0.8695652173913043,2415642.860482112,475361.42187973444,0.19678464464099857,0.19678464464099857,0.40528035839465254,3.231623288623043,0.9676266002537903,0
90,21,18,3,1298194.683144706,5136580.8486516075,182780.2935955668,625157.9746154731,21,0.2527351795670148,0.9593829272731387,0.8571428571428571,1712193.6162172025,432731.56104823534,0.2527351795669164,0.2527351795669164,0.3514912233101294,3.4202701085234253,0.9398344343525813,0
90,22,19,3,1083845.4283779776,5289298.145406395,191156.94168310988,647382.9433353724,22,0.20491290121716083,0.7407973305088179,0.8636363636363636,1763099.3818021317,361281.80945932586,0.20491290121708336,0.20491290121708336,0.45033046229973483,3.3866567315414775,0.7747423207333783,0
90,26,23,3,3331435.00159024,7584292.427983468,163571.43947666264,878648.1294407145,24,0.439254555810366,0.9170801637285414,0.7692307692307693,2528097.4759944896,1110478.3338634132,0.43925455581025014,0.43925455581025014,0.36036999073645415,5.128364955826866,0.9406880180595772,0
90,26,23,3,2663091.2335754163,5360440.309718668,103744.19523627893,625952.9801466349,26,0.4968045682267258,0.8441042565751784,0.7692307692307693,1786813.4365728896,887697.0778584721,0.49680456822654046,0.49680456822654046,0.34507261732792993,6.033619314458839,0.9505012804880222,0
90,25,22,3,5166152.693029505,17175345.619494155,480367.7170585859,1970615.2129111222,25,0.3007888637283421,0.8304287966881981,0.76,5725115.206498052,1722050.8976765017,0.300788863728307,0.300788863728307,0.3700202156990898,4.102305677354006,0.8955408712928473,0
90,25,22,3,2247527.1427322007,4131783.811381707,75370.26674598025,497880.7376959056,24,0.5439604890605501,0.9980137634836752,0.76,1377261.270460569,749175.7142440669,0.5439604890602867,0.5439604890602867,0.3333192848898711,6.485899304924218,0.9562083302443621,0
90,25,22,3,1710474.7248245487,3338684.583039991,65128.39432861772,397781.6315180821,23,0.5123199518495959,0.988587665410376,0.76,1112894.8610133303,570158.2416081829,0.512319951849289,0.512319951849289,0.33428703120704817,5.818104868728285,0.9389665579178621,0
90,22,19,3,1531839.3366787897,7004923.410607942,248776.54881496148,829556.5652680309,22,0.2186803833370715,0.9876602987813845,0.8636363636363636,2334974.4702026476,510613.1122262632,0.21868038333700904,0.21868038333700904,0.32970514201215206,3.3345448725623874,0.9176142952656368,0
90,23,20,3,2252452.8985404195,4401156.333750282,93421.88848738532,551925.9168196997,22,0.5117866141829511,0.8437191340732382,0.7391304347826086,1467052.1112500941,750817.6328468065,0.5117866141827186,0.5117866141827186,0.29851748581568327,5.795415676809934,0.989486268238215,0
90,25,22,3,2249993.414583369,7502763.595210085,210110.80722506865,849747.2431230407,25,0.29988861917754017,0.9266464543995473,0.76,2500921.1984033617,749997.8048611231,0.29988861917746024,0.29988861917746024,0.36337792185277085,4.044281464345408,0.9117206914783096,0
90,25,22,3,1229017.3956272923,5594725.896568423,174628.34003764525,624843.9323864881,23,0.21967428223443472,0.9686320898375042,0.88,1864908.6321894743,409672.4652090974,0.2196742822343562,0.2196742822343562,0.3412313346740319,3.350660777743424,0.921099981992177,0
90,22,19,3,976229.2913009318,4036200.786084529,139089.61339925442,479637.6680898597,21,0.2418683665754197,0.9826050300773953,0.8636363636363636,1345400.2620281763,325409.7637669773,0.24186836657529984,0.24186836657529984,0.3373919609232126,3.3263528920928636,1.0000000000000002,0
90,23,20,3,2991025.4041081686,7210304.672692183,183446.9247210441,886074.7332600075,21,0.41482649345398115,0.8885206988001688,0.7391304347826086,2403434.8908973946,997008.4680360561,0.4148264934538661,0.4148264934538661,0.3694680582407974,4.569448107134003,0.9642823891009608,0
90,21,18,3,1041792.5675238046,4807732.767220333,179330.48569983474,589209.7840297424,21,0.21669103046380772,0.8418565312473492,0.8571428571428571,1602577.5890734445,347264.1891746015,0.21669103046371757,0.21669103046371757,0.3519996391039882,3.2856085886739987,0.8743022460158686,0
90,24,21,3,1997974.1302764304,3809838.7331673345,75494.35845378769,479293.0863230837,24,0.5244248563284665,0.7193623229882296,0.75,1269946.2443891114,665991.3767588101,0.5244248563281911,0.5244248563281911,0.2562062623720908,6.348727191451324,0.9999999999999999,0
90,23,20,3,1638644.7310103728,6308860.465572398,203052.85802443582,736256.954951941,23,0.2597370380835392,0.9983536410798579,0.8695652173913043,2102953.488524133,546214.910336791,0.25973703808345694,0.25973703808345694,0.33348200001243705,3.6259374140880714,0.9402568944178573,0
90,26,23,3,1072543.5102761248,1849818.0739491489,29895.17552588554,220495.00739540177,25,0.5798102664148955,0.9851542343111419,0.7692307692307693,616606.0246497163,357514.5034253749,0.5798102664142686,0.5798102664142686,0.3393604000524164,7.255658574256527,0.9475995066497058,0
90,22,19,3,958429.3825744904,4195642.251583002,147146.03950038686,497537.0406923211,22,0.22843448633225336,0.9974987899679852,0.8636363636363636,1398547.4171943339,319476.4608581635,0.2284344863321445,0.2284344863321445,0.33232296884474816,3.3812465655090347,0.9462695037762423,0
90,22,19,3,264975.619043815,1014446.7898555136,34066.87140053176,120931.40501179808,22,0.26120208737739115,0.9818375787263439,0.8636363636363636,338148.92995183787,88325.20634793834,0.26120208737687617,0.26120208737687617,0.3280902615039208,3.549824214452537,0.8864428310926606,0
90,25,22,3,1343551.3217657676,2747097.5230637826,56141.84805192059,325161.28474674706,24,0.4890803149452237,0.9097804470545667,0.76,915699.1743545942,447850.44058858923,0.4890803149448676,0.4890803149448676,0.3726349805175863,5.691616733701904,0.9507424496265335,0
90,25,22,3,1082811.985321902,3645535.024480193,102508.92156633161,411433.1524136144,22,0.2970241618995281,0.9966385589651844,0.76,1215178.3414933977,360937.328440634,0.29702416189936515,0.29702416189936515,0.33181521158014793,3.6943231872763618,0.9616799907766077,0
90,21,18,3,478884.3341695969,2073365.6848590672,75927.68336616523,256661.24623868617,21,0.23096954756532354,0.8003961489864425,0.8571428571428571,691121.8949530224,159628.11138986563,0.23096954756510074,0.23096954756510074,0.4264677984832922,3.380338169907589,0.9675305563241777,0
90,22,19,3,3771208.4750164608,14990251.580722898,509956.5048048382,1784035.8022550696,21,0.2515773971309389,0.9800654918534591,0.8636363636363636,4996750.526907633,1257069.4916721536,0.2515773971309053,0.2515773971309053,0.3424339225955431,3.375727947194646,0.9324244354149501,0
90,24,21,3,1929824.9571573576,4023606.3198799198,87240.89011344007,486980.2474924248,23,0.47962568992447346,0.9300335891103382,0.75,1341202.1066266398,643274.9857191192,0.47962568992423504,0.47962568992423504,0.3437768049543024,5.482268838908549,0.9744093230951403,0
90,23,20,3,620958.4365684397,3143536.494834109,109677.30688111608,363576.3964298767,23,0.1975349857043767,0.981321716135188,0.8695652173913043,1047845.4982780364,206986.14552281323,0.19753498570425101,0.19753498570425101,0.33279093057552156,3.3149646610183248,0.9737440459381548,0
90,26,23,3,1657297.6697877492,3439947.233975687,68563.44477645915,397306.49061509786,25,0.4817799684304637,0.9790795537993635,0.7692307692307693,1146649.0779918956,552432.5565959164,0.4817799684301836,0.4817799684301836,0.32378324084436705,5.58033099984174,0.988051612060114,0
90,24,21,3,659397.0741807726,3033521.8723334,98921.86658969281,345157.98278631497,23,0.21737014003243163,0.9708643273091946,0.875,1011173.9574444667,219799.02472692422,0.2173701400322883,0.2173701400322883,0.34705873588498554,3.358853630527035,0.8541999783330455,0
90,25,22,3,5297475.988849599,7378419.485512117,83237.73986650076,949378.1781738568,25,0.7179689361997824,0.9790704058145971,0.76,2459473.1618373725,1765825.329616533,0.7179689361995879,0.7179689361995879,0.33907205142993524,11.40562177306944,0.9865602900479895,0
90,26,23,3,2245147.0229615797,5432537.982167498,122591.95996945842,626708.5832048504,25,0.41327774059398065,0.8118021926158887,0.7692307692307693,1810845.9940558327,748382.3409871933,0.41327774059382855,0.41327774059382855,0.4079771026470238,4.990788728096876,1,0
90,24,21,3,1547987.8677020161,5620885.863607935,169704.08316274654,644686.8376683457,24,0.27539927073134307,0.9696089845623739,0.875,1873628.621202645,515995.95590067207,0.2753992707312451,0.2753992707312451,0.32191814392443957,3.798888192020052,0.9366208827839853,0
90,26,23,3,4491867.681076473,6256343.030510429,67864.43651669064,778486.2523647135,24,0.7179701718991712,0.9988010041643165,0.7692307692307693,2085447.6768368098,1497289.227025491,0.7179701718989417,0.7179701718989417,0.33320789736538214,10.700567845491811,0.9377025038198601,0
90,20,17,3,1167786.376363728,6329424.815089778,258081.92193630253,778448.0511556782,20,0.18450118462256815,0.9773031918902121,0.85,2109808.2716965927,389262.125454576,0.1845011846225099,0.1845011846225099,0.3436077940700659,3.0162827574757114,0.9215714023230411,0
90,24,21,3,1481457.4112391523,6439069.092816729,206567.15339906572,746415.2195875961,22,0.23007322795955093,0.8188934527923214,0.875,2146356.364272243,493819.1370797174,0.23007322795947951,0.23007322795947951,0.4173434160073966,3.384457238611618,0.9679652483284671,0
90,27,24,3,1469283.9168743896,2991083.5297591817,56362.948625362675,339001.47614614014,26,0.4912212923027909,0.9747210411241299,0.7777777777777778,997027.8432530606,489761.30562479654,0.49122129230246236,0.49122129230246236,0.34419074657301435,5.824912154424273,0.9734687143748334,0
90,23,20,3,758147.3942507454,3418226.9294697056,115655.63196604175,396789.02493610745,21,0.2217955126718695,0.9916797799354585,0.8695652173913043,1139408.9764899018,252715.79808358182,0.22179551267173975,0.22179551267173975,0.3349317430932411,3.209834485083207,0.8406901943925739,0
90,22,19,3,276827.2716557218,1390704.430772781,50630.77995986632,164225.26860857333,22,0.19905543229030812,0.981252232813761,0.8636363636363636,463568.14359092695,92275.75721857394,0.19905543229002184,0.19905543229002184,0.3261564197432684,3.2435855962619335,1,0
90,21,18,3,1201390.4685247631,4248391.956123826,145095.30893328867,542017.6017759946,21,0.2827871064939621,0.7100755781330826,0.8571428571428571,1416130.6520412753,400463.4895082544,0.282787106493829,0.282787106493829,0.22964452181557637,3.735597006940215,0.962259943179786,0
90,22,19,3,1025600.8052273234,5413111.286643535,199432.2946098278,640765.4674753632,22,0.18946604843645662,0.9114143229779392,0.8636363636363636,1804370.4288811784,341866.9350757745,0.18946604843638662,0.18946604843638662,0.32898333732922025,3.2129473750766038,0.9999999999999999,0
90,23,20,3,3032523.464743783,3455911.334294322,18408.168241327785,505076.6892777644,23,0.8774887927968588,0.9920811160177261,0.7391304347826086,1151970.444764774,1010841.1549145944,0.8774887927963507,0.8774887927963507,0.33697662342061213,27.437639781908874,0.9819966158102444,0
90,20,17,3,424434.19944381714,1924373.2037546202,74996.95021554013,242432.88021016997,19,0.22055711366978525,0.8159774445353276,0.85,641457.7345848734,141478.06648127237,0.220557113669556,0.220557113669556,0.2936929489459829,3.109670219782999,0.9306902950339713,0
90,22,19,3,879392.7749421626,3683630.4116706913,127465.34712402406,440295.000202496,21,0.23872991496535068,0.8909792815829971,0.8636363636363636,1227876.8038902304,293130.92498072085,0.23872991496522106,0.23872991496522106,0.37881214892738463,3.3132004314150283,0.9407307198158484,0
90,24,21,3,1989481.2753860971,4159768.7874751734,90428.64633704482,504694.98465643823,22,0.47826727326187785,0.9048968246985813,0.75,1386589.5958250577,663160.425128699,0.47826727326164786,0.47826727326164786,0.2904470261260488,5.361428786803026,0.94845419144786,0
90,24,21,3,3575678.5878985785,8070874.26093531,187299.81970986378,959059.2202263434,22,0.4430348525196526,0.9987995291117169,0.75,2690291.42031177,1191892.8626328595,0.4430348525195429,0.4430348525195429,0.3338852410989834,4.922441551787083,0.9255887786500243,0
90,22,19,3,504894.62288706854,2392770.662332325,85812.54724751165,282945.3901308717,22,0.21100836400038336,0.9999987372442898,0.8636363636363636,797590.2207774416,168298.20762902286,0.21100836400020698,0.21100836400020698,0.33333392486942764,3.297249635434626,0.9493935118046744,0
90,21,18,3,4292725.718955087,23626125.604728807,920638.0897987487,2840464.0065693613,21,0.181694019187628,0.9953847947414018,0.8571428571428571,7875375.201576269,1430908.5729850288,0.1816940191876126,0.1816940191876126,0.33545925623491074,3.0853209725302597,0.9581597451664703,0
90,23,20,3,1203234.942360749,5100336.857830157,169439.21371606117,593172.4192675411,22,0.23591283789683,0.9930141180169807,0.8695652173913043,1700112.2859433854,401078.31412024965,0.2359128378967375,0.2359128378967375,0.3366113573896712,3.348876261155771,0.9008809467113165,0
90,21,18,3,501428.16467359615,2637691.619848417,101726.831198801,317557.5077099382,21,0.19010113271020748,0.9932583078020103,0.8571428571428571,879230.5399494724,167142.72155786538,0.19010113271006332,0.19010113271006332,0.3328375223863024,3.121669120767417,0.8650813753430378,0
90,25,22,3,1532382.6997759626,3294597.753206198,70488.60213720941,385190.4489617395,25,0.46511981569957406,0.9947466677531298,0.76,1098199.2510687327,510794.2332586542,0.4651198156992916,0.4651198156992916,0.33220014725776403,5.464577779631428,1.0000000000000002,0
90,26,23,3,1962081.1367306265,4487079.175363561,97115.30917818981,522624.41061744327,25,0.4372735715257829,0.8178957306768201,0.7692307692307693,1495693.0584545203,654027.0455768754,0.437273571525588,0.437273571525588,0.37363038566906104,5.282331352944171,0.931308087466962,0
90,21,18,3,1217046.1538184404,5818205.211902124,219102.81228969924,702673.0215923339,20,0.20917896662162366,0.9988466061554394,0.8571428571428571,1939401.737300708,405682.05127281346,0.20917896662155175,0.20917896662155175,0.33317466596547257,3.0647495791315023,0.7915835207811833,0
90,25,22,3,5533254.9841017425,15359850.45868076,393063.8189831608,1814321.429394959,23,0.3602414619195861,0.741737610540864,0.76,5119950.152893587,1844418.328033914,0.36024146191953915,0.36024146191953915,0.41471412682267883,4.389369965703284,0.969978932803637,0
90,23,20,3,1364888.5195590204,5572162.079699272,182924.93739740227,648985.7633140648,23,0.24494774201407257,0.9926165298049954,0.8695652173913043,1857387.3598997574,454962.8398530068,0.24494774201398467,0.24494774201398467,0.33540535201749383,3.5478255318497283,0.9271316544301611,0
90,23,20,3,617621.4510313484,2704467.1708026174,90732.42259875084,314218.6494800079,23,0.2283708442457542,0.9963265336427621,0.8695652173913043,901489.0569342058,205873.81701044948,0.22837084424558532,0.22837084424558532,0.3320531197782995,3.4631352329930047,0.8722228535458513,0
90,22,19,3,298547.6269519948,1384288.242393575,49351.846156435444,163969.62826665444,21,0.21566868648364734,0.9606017075657756,0.8636363636363636,461429.4141311916,99515.87565066492,0.21566868648333573,0.21566868648333573,0.34376850073154125,3.1978039604775526,0.9711813983671014,0
90,22,19,3,523475.87664673873,2681293.391611304,98082.61431657114,317415.18718215666,22,0.1952325986720776,0.919508107814233,0.8636363636363636,893764.4638704347,174491.95888224625,0.195232598671932,0.195232598671932,0.36993870071294627,3.236202352380537,0.9148815495006487,0
90,26,23,3,1501857.3170068753,3170423.2872469146,64175.614240001494,367466.0810958523,26,0.47370877038648124,0.8764121201945507,0.7692307692307693,1056807.7624156382,500619.10566895845,0.47370877038618237,0.47370877038618237,0.35580154138155345,5.725945679551907,0.9752963285767736,0
90,25,22,3,992612.8889644467,4765838.736777439,150929.0339125197,551962.0402827396,24,0.20827664211639327,0.7281334210692897,0.76,1588612.9122591463,330870.9629881489,0.20827664211630587,0.20827664211630587,0.2370540573298452,3.578714151451913,0.9742349180363117,1
90,25,22,3,2725482.495516125,6213602.015636873,139524.78080482996,723442.0966008286,24,0.43863164854409065,0.9882154304633349,0.76,2071200.671878958,908494.1651720417,0.4386316485439495,0.4386316485439495,0.32783241211372804,5.00706028749376,0.9488883462549259,0
90,23,20,3,1126170.8621535888,3698288.245463118,111831.19057867517,436232.90502513526,22,0.30451138132210664,0.910802472019977,0.8695652173913043,1232762.748487706,375390.2873845296,0.30451138132194194,0.30451138132194194,0.29984342007690773,3.762343143484722,0.8935507474914549,0
90,26,23,3,4279185.983378236,10129719.62264067,225020.5245870166,1202352.5001394306,26,0.42243873895714923,0.6902276670050882,0.7692307692307693,3376573.20754689,1426395.3277927453,0.4224387389570658,0.4224387389570658,0.47298628650974056,5.343301471458135,0.9264758350456593,0
90,22,19,3,1651236.8377106078,7099765.4442047775,247660.3912042804,842378.268486353,21,0.23257625208706104,0.9980618737220398,0.8636363636363636,2366588.4814015925,550412.2792368693,0.23257625208699556,0.23257625208699556,0.33397109119223767,3.271645074289328,1,0
90,22,19,3,1216974.431274231,5546546.375691425,196798.72474623608,658181.240075311,21,0.21941120633329333,0.9367360722424316,0.8636363636363636,1848848.7918971416,405658.143758077,0.21941120633321423,0.21941120633321423,0.34568629243549986,3.2259681217739273,0.915814703107157,0
90,27,24,3,456933.7627024604,1404537.839128235,35096.44727502869,154553.60617880104,26,0.3253267729588144,0.8877933330868901,0.7777777777777778,468179.2797094116,152311.25423415346,0.32532677295835116,0.32532677295835116,0.3839856305663257,4.321218648667539,0.9608917112133206,0
90,24,21,3,1669447.6054204877,6704875.791505603,209809.50775354644,765988.286213179,24,0.2489900868164119,0.9871080536939055,0.875,2234958.5971685345,556482.5351401626,0.24899008681633766,0.24899008681633766,0.32806941690180313,3.65087499804489,0.8922303852616952,0
90,23,20,3,1157485.9241675688,4147828.1350415843,130014.87873365285,485385.3928445453,22,0.2790583135276615,0.9920079203431825,0.8695652173913043,1382609.3783471948,385828.6413891896,0.2790583135275269,0.2790583135275269,0.33663931711598716,3.578287745014749,0.8112646441975879,0
90,25,22,3,2243619.2092015245,3773421.4753106977,61192.09064436687,456335.78212317196,25,0.594584841338508,0.9469770754850069,0.76,1257807.1584368993,747873.0697338415,0.5945848413381928,0.5945848413381928,0.32189370653017324,7.45743081026311,1,0
90,21,18,3,585386.71835982,2669006.9413612406,99220.01061911529,322866.3907669132,21,0.21932753687820802,0.9957007689865244,0.8571428571428571,889668.9804537469,195128.90611994,0.21932753687804366,0.21932753687804366,0.3352877459427631,3.254045113974793,0.9424796589890124,0
90,26,23,3,4672345.34515874,7277862.577236084,100212.20123374407,891707.8305549298,25,0.6419941700702619,0.9794911615416836,0.7692307692307693,2425954.192412028,1557448.4483862466,0.6419941700700856,0.6419941700700856,0.3360278392995485,8.753987450719535,0.9832340965180889,0
90,22,19,3,504028.5722268472,3306733.768468962,127395.69073827793,387625.9152329743,22,0.1524249024922448,0.9738725280401771,0.8636363636363636,1102244.589489654,168009.5240756157,0.15242490249215263,0.15242490249215263,0.321737307653776,3.0426925195316956,0.8249957548825533,0
90,24,21,3,1860413.145594478,3145668.8775563724,53552.32216507894,399226.20949309145,23,0.5914205270832886,0.8091337081726219,0.75,1048556.2925187908,620137.7151981593,0.5914205270829126,0.5914205270829126,0.3092488874394411,7.1514047974653625,0.961765950257088,0
90,26,23,3,3944396.688805501,5976668.974603774,78164.31868454898,745081.132357449,25,0.6599657276595843,0.8697265488733629,0.7692307692307693,1992222.9915345914,1314798.8962685002,0.6599657276593633,0.6599657276593633,0.31690990010386483,9.383903467343975,0.9889768972640697,0
90,26,23,3,767046.258795344,1253412.407858725,18706.390348591573,153361.70665723312,24,0.611966383917581,0.8623189987633942,0.7692307692307693,417804.1359529083,255682.0862651147,0.6119663839166045,0.6119663839166045,0.28397395921286006,7.9404252728996285,0.9855524648543139,0
90,24,21,3,1403081.350344268,4885089.299048053,145083.6645293244,563555.1444544647,24,0.28721713451940295,0.9076704232616203,0.875,1628363.0996826843,467693.7834480893,0.28721713451928543,0.28721713451928543,0.3674608358739602,3.8843459481041314,0.836594913386657,0
90,26,23,3,3479970.008501366,9181352.894075152,219283.95713745334,1034616.4614862842,24,0.37902584168686704,0.9336471639868358,0.7692307692307693,3060450.964691717,1159990.0028337885,0.37902584168678444,0.37902584168678444,0.32454235003051035,4.461359095649956,0.9871063427679803,1
90,24,21,3,610315.0881847594,2660377.8535210583,85419.28188901243,308431.897406899,24,0.22940917485716059,0.8166949105281612,0.875,886792.6178403528,203438.36272825312,0.22940917485698809,0.22940917485698809,0.34910997802220867,3.61079946567617,0.9999999999999998,0
90,27,24,3,3491096.5336168446,5944814.517160367,90878.44383494527,691488.8290766344,25,0.5872507079133957,0.9986962878390747,0.7777777777777778,1981604.8390534557,1163698.8445389483,0.5872507079131982,0.5872507079131982,0.33283843235100685,7.360543565428627,0.9404485251113017,0
90,25,22,3,1834261.3094571568,3703592.88706016,74773.26310412012,439098.73288943013,25,0.49526537213777366,0.9617766844802059,0.76,1234530.9623533867,611420.4364857189,0.49526537213750615,0.49526537213750615,0.34021856702361025,5.872402977413497,1,0
90,23,20,3,3790928.161595601,17452514.38891346,593982.0098833852,2028524.2408681617,22,0.21721386827811667,0.9349949487856664,0.8695652173913043,5817504.796304487,1263642.7205318671,0.21721386827809178,0.21721386827809178,0.32644377310926154,3.289682395422044,0.8348365276852892,0
90,27,24,3,1581477.7940782083,2521790.056340123,34826.38008377463,297381.84600417176,27,0.6271250812895908,0.9808610488557741,0.7777777777777778,840596.6854467076,527159.2646927361,0.6271250812890934,0.6271250812890934,0.32450813712616255,8.538982382902923,0.9797577868455268,1
90,22,19,3,1249876.4832426743,6190318.29391944,224565.53684894388,730989.3832605247,22,0.20190827416260446,0.9999997448788716,0.8636363636363636,2063439.4313064802,416625.49441422476,0.20190827416253923,0.20190827416253923,0.33333344895634626,3.255127182533696,0.9253062032566934,0
90,26,23,3,5014254.260896546,12131733.898901505,273749.21684634464,1412118.3753666845,25,0.41331719791102234,0.8071324543399319,0.7692307692307693,4043911.299633835,1671418.0869655153,0.4133171979109543,0.4133171979109543,0.3869784478256911,5.06460065427629,0.9838172675636901,0
90,23,20,3,2308719.7966974583,10918227.282391356,374326.4124214738,1265453.1529972267,23,0.21145555381693623,0.9802455419428893,0.8695652173913043,3639409.0941304523,769573.2655658195,0.2114555538168975,0.2114555538168975,0.33585467044289175,3.3806141137831482,0.948212367353814,0
90,24,21,3,2014560.1389853896,4364485.556516357,97913.5590637903,521310.64543519996,23,0.4615802052494152,0.9999877491314056,0.75,1454828.5188387856,671520.0463284632,0.4615802052492037,0.4615802052492037,0.3333337973422964,5.136249545450565,0.962418377555917,0
90,23,20,3,2364852.210221141,9595733.712023309,314386.15225226816,1117854.4925797961,21,0.24644829475184069,0.9850944911501422,0.8695652173913043,3198577.9040077697,788284.0700737137,0.2464482947517893,0.2464482947517893,0.32999957001551483,3.3400926893049574,0.932295952265506,0
90,24,21,3,3510313.6948289727,6689711.309422572,132474.90060806661,826123.7513045381,24,0.5247332108164535,0.8434854554607552,0.75,2229903.769807524,1170104.564942991,0.5247332108162968,0.5247332108162968,0.37916731002699083,6.236077532471067,0.9910576946240043,0
90,25,22,3,3091076.5177686284,11404048.706800558,332518.8875612773,1281898.4467745558,25,0.27105079934681975,0.9810274024271836,0.88,3801349.568933519,1030358.8392562094,0.27105079934677223,0.27105079934677223,0.3405415850738562,3.8551146858822256,0.9272603864919252,0
90,24,21,3,2658934.6297100857,4549722.162572801,78782.8138692798,565540.4709318308,22,0.5844169236492263,0.9236059063565464,0.75,1516574.0541909337,886311.5432366952,0.5844169236489694,0.5844169236489694,0.34775700027746226,6.779107671989191,0.9516903002879686,0
90,23,20,3,2726580.900194448,5820759.979942858,134529.52520645258,715232.1481995324,21,0.46842352366172396,0.9699129112184012,0.7391304347826086,1940253.3266476195,908860.300064816,0.46842352366156303,0.46842352366156303,0.3309169524619333,5.088396298991913,0.9561378891656421,0
90,23,20,3,646204.3918765192,3469681.3942748383,122759.86966949217,400921.50171908154,22,0.1862431498588329,0.9584382338834043,0.8695652173913043,1156560.4647582795,215401.46395883974,0.18624314985872553,0.18624314985872553,0.32119873471192617,3.154177266309536,0.7966851557314105,0
90,26,23,3,950955.0491802377,1758042.3822838326,31041.82050398442,210955.43765306514,23,0.5409170215477586,0.7667674579015815,0.7692307692307693,586014.1274279442,316985.01639341254,0.5409170215471432,0.5409170215471432,0.3053916741515808,6.450843703668576,0.9834559819894152,0
90,21,18,3,1081304.6197362551,4642667.097609836,169588.68942255146,562781.4801241978,21,0.23290591313185163,0.9999539080108822,0.8571428571428571,1547555.6992032786,360434.87324541836,0.2329059131317513,0.2329059131317513,0.3333440910373168,3.318508339424917,0.9235023602403301,0
90,22,19,3,2256298.7516916916,9777583.384691628,341876.57422727,1160410.2339006956,21,0.23076241469073613,0.9687938274721619,0.8636363636363636,3259194.461563876,752099.5838972306,0.23076241469068895,0.23076241469068895,0.31992373837544064,3.258712767825277,0.9331440226362318,0
90,24,21,3,634349.3547373039,2553958.353031681,79983.70826226569,291724.6775637934,24,0.24837889544441868,0.9994913127838021,0.875,851319.4510105603,211449.78491243464,0.24837889544422415,0.24837889544422415,0.3335666855562488,3.6473012304403807,0.9364830948430666,0
90,24,21,3,1610249.1865461995,7361197.511772532,239622.8468844305,838848.2900919287,24,0.2187482653428005,0.9363001068340673,0.875,2453732.5039241775,536749.7288487331,0.21874826534274108,0.21874826534274108,0.3152437776353131,3.5007024622030403,0.9119985165214783,0
90,22,19,3,2241291.556313448,10490083.627231162,374945.0941326234,1240889.3140365388,22,0.2136581209414838,0.9979231197369293,0.8636363636363636,3496694.542410387,747097.1854378161,0.21365812094144307,0.21365812094144307,0.3343111779843062,3.3095227366658357,0.8832652645384592,0
90,21,18,3,1173887.676284003,3510751.8484178944,111279.24629209004,434778.69449312694,21,0.3343693108963757,0.90890233071079,0.8571428571428571,1170250.616139298,391295.8920946677,0.33436931089618527,0.33436931089618527,0.37601118689795376,3.9070959678141244,0.8462327084868178,0
90,22,19,3,1622138.4361663521,7789848.193902327,280350.44353345333,941295.7946970825,19,0.2082374901010148,0.7959948022465648,0.8636363636363636,2596616.064634109,540712.8120554507,0.20823749010096138,0.20823749010096138,0.23824082396139024,2.980134530064822,0.8634686351021567,0
90,26,23,3,1911292.4884092556,5771348.294638914,148463.68485498684,642543.0009823259,26,0.3311691464166789,0.9908398440513302,0.7692307692307693,1923782.764879638,637097.4961364185,0.3311691464165641,0.3311691464165641,0.33638142409605876,4.327947279535781,0.9645491962324345,0
90,21,18,3,984562.5407844845,4518037.235753518,168260.69976043009,546354.3650179277,20,0.2179181997423404,0.9892290334781367,0.8571428571428571,1506012.4119178392,328187.51359482814,0.2179181997422439,0.2179181997422439,0.33709332503672995,3.1293355550641038,0.8305700864580368,0
90,26,23,3,1550179.3908931823,5782920.894513048,162797.7501392256,637953.6084044736,25,0.26806166281191146,0.9854136867770347,0.7692307692307693,1927640.2981710162,516726.46363106073,0.26806166281181876,0.26806166281181876,0.33117319721239213,3.7968611635804748,0.8907843591540613,0
90,23,20,3,717314.5904557608,4274005.110285374,154638.71825346147,492235.58745874715,22,0.16783194496641535,0.9707116965514566,0.8695652173913043,1424668.3700951247,239104.86348525362,0.16783194496633685,0.16783194496633685,0.32634910225186087,3.0635111061250253,0.941050595551802,0
90,24,21,3,1340678.1671774976,4936664.0461053755,149832.7449553282,565737.9020249918,22,0.2715757350826641,0.9722108512639394,0.875,1645554.682035125,446892.7223924992,0.27157573508255406,0.27157573508255406,0.3440300583555608,3.5339291405471998,0.9012304154633314,0
90,24,21,3,4291677.455035657,8030059.816748464,155765.93173803357,977464.7179926295,24,0.5344514926381845,0.9998881850941669,0.75,2676686.605582821,1430559.1516785522,0.5344514926380514,0.5344514926380514,0.333304189526284,6.275215042723526,0.9999999999999998,0
90,27,24,3,1418319.1448087746,5006782.31214941,132906.04323483835,543365.5652973661,26,0.2832795708666645,0.9997116400522483,0.7777777777777778,1668927.4373831367,472773.0482695915,0.28327957086655137,0.28327957086655137,0.33346916117797304,4.008727379613247,1.0000000000000002,0
90,26,23,3,3844691.6779969065,5434659.704688327,61152.61641120849,677966.1226205319,25,0.707439267021538,0.9930572012386654,0.7692307692307693,1811553.2348961092,1281563.8926656356,0.7074392670212778,0.7074392670212778,0.3339138136535879,10.73616772498264,0.9693058849488058,0
90,23,20,3,1178662.2903438155,4591070.302834615,148365.56576046953,538254.7335710701,22,0.2567293054989443,0.9027883924222428,0.8695652173913043,1530356.7676115383,392887.4301146052,0.2567293054988325,0.2567293054988325,0.3737710513650459,3.490529464688338,1.0000000000000002,0
90,22,19,3,2708526.389976224,11776975.574405521,412202.23565587716,1398670.1026942616,21,0.2299848864306331,0.9519730593899478,0.8636363636363636,3925658.5248018405,902842.1299920747,0.22998488643059406,0.22998488643059406,0.3545244204723857,3.2632163922029114,0.9691851985939107,0
90,25,22,3,1297510.405825951,2087989.4968109326,31619.16363939927,260712.26563368383,23,0.6214161554965039,0.8817719998933203,0.76,695996.4989369776,432503.4686086503,0.6214161554959087,0.6214161554959087,0.355104014030958,7.699950295940746,0.957140495914138,0
90,25,22,3,4277152.707830083,6628539.776661441,94055.48275325434,824667.3184027018,23,0.6452631879631997,0.9336958455352719,0.76,2209513.258887147,1425717.5692766942,0.6452631879630051,0.6452631879630051,0.32295920454010546,8.358322183128635,0.9523313886181412,0
90,25,22,3,1516588.772904832,4737266.98646473,128827.12854239592,538046.6238713714,23,0.3201400253010213,0.9649709131628504,0.76,1579088.9954882434,505529.5909682773,0.32014002530088614,0.32014002530088614,0.3168213954204976,3.947928214934578,0.966317606761241,0
90,26,23,3,22843454.66943895,32295694.55673388,363547.6879728819,3983519.323855485,23,0.707321981551105,0.8663460325938377,0.7692307692307693,10765231.518911293,7614484.889812984,0.7073219815510612,0.7073219815510612,0.30332375915268495,10.215168154054817,0.9783962617849523,0
90,25,22,3,2596317.7882059175,4080355.6060513426,59361.512713817014,511219.72237330215,23,0.6362969404810773,0.8963230715155261,0.76,1360118.5353504475,865439.2627353058,0.6362969404807653,0.6362969404807653,0.34044374882822226,8.188267261148342,0.9858316946494636,0
90,22,19,3,2033779.9872089676,7742269.110180052,259476.77831686742,926236.673421115,22,0.2626852616805266,0.9171281241062087,0.8636363636363636,2580756.3700600173,677926.6624029892,0.2626852616804588,0.2626852616804588,0.35728842251790377,3.5696322400243665,1.0000000000000002,0
90,26,23,3,2325051.539212261,8380207.187941048,232890.60187418413,941969.0527498963,25,0.2774455913879655,0.8179956951203037,0.7692307692307693,2793402.3959803493,775017.1797374203,0.2774455913878993,0.2774455913878993,0.3395010048802317,3.892765158263821,0.9319711019165796,0
90,25,22,3,730747.9889056057,2026899.2694381545,51846.05122130197,238519.49651717313,24,0.36052506403428947,0.7749920575154726,0.76,675633.0898127182,243582.66296853524,0.3605250640339337,0.3605250640339337,0.2563123631063208,4.506846660668335,0.9683701310307539,0
90,27,24,3,1463885.467294582,5704606.042915642,157063.72502300225,617956.9746131698,26,0.25661464723094685,0.9477756419211674,0.7777777777777778,1901535.3476385474,487961.8224315273,0.2566146472308569,0.2566146472308569,0.33386265783495256,3.787938974799673,0.8884837001898975,0
90,22,19,3,1192426.3984560755,5767144.393163543,207941.72703215762,681656.8575687303,22,0.2067620155079502,0.9831061668577363,0.8636363636363636,1922381.4643878478,397475.46615202515,0.2067620155078785,0.2067620155078785,0.3363262327078371,3.2781148223321033,0.8622775002483837,0
90,25,22,3,1133192.1677670917,2115369.9269296145,39287.11036650093,257757.50204352333,24,0.5356945626107793,0.9019993501158867,0.76,705123.3089765381,377730.72258903057,0.5356945626102728,0.5356945626102728,0.287548960967508,6.436839086140472,1.0000000000000002,0
90,21,18,3,530975.0263628761,2802810.4745373246,108182.64038925947,337436.9336433948,21,0.1894437855097347,0.9866169598423774,0.8571428571428571,934270.1581791082,176991.675454292,0.1894437855095995,0.1894437855095995,0.332468742740134,3.1191412265971734,0.8897223694421457,0
90,24,21,3,1054600.6399128996,1349329.2002313284,12280.356679934544,182485.34645247212,24,0.7815740145038866,0.9868494472181653,0.75,449776.40007710946,351533.5466376332,0.7815740145027281,0.7815740145027281,0.32817990701576877,14.859938615283351,0.9821810359801337,0
90,24,21,3,770528.5749654358,2903135.933207676,88858.63992675999,332344.90096338687,23,0.26541250313202286,0.9991211873172785,0.875,967711.9777358919,256842.85832181192,0.26541250313184,0.26541250313184,0.33357566255342264,3.5971333399047456,0.8653184378966381,0
90,26,23,3,1590687.7107297587,3037123.6685283454,55632.15222302258,355195.1652524277,25,0.5237480867876583,0.9720891262778659,0.7692307692307693,1012374.5561761152,530229.2369099195,0.5237480867873133,0.5237480867873133,0.32031854340410115,6.202578885706402,0.9749353051860042,0
90,26,23,3,4010340.739007725,5979531.722642065,75738.11475516697,733265.4783055561,26,0.6706780605948652,0.9226957858224014,0.7692307692307693,1993177.2408806884,1336780.2463359083,0.670678060594641,0.670678060594641,0.32640374079288315,9.681591371349128,0.9579259899666439,0
90,26,23,3,3492672.188784772,9473739.816549819,230041.06260634793,1063720.1265220528,25,0.3686687893500096,0.9996340536006699,0.7692307692307693,3157913.272183273,1164224.0629282573,0.36866878934993175,0.36866878934993175,0.33347715872566486,4.541578244264819,0.9395291423023777,0
90,25,22,3,568931.8890355228,2154822.672994694,63435.63135836684,244749.94223918451,23,0.2640272427821534,0.8511522441416577,0.88,718274.2243315647,189643.96301184094,0.2640272427819083,0.2640272427819083,0.3775961298948628,3.6140756511739593,0.9724072806174369,0
90,25,22,3,2164384.2295282832,4262096.42334797,83908.48775278739,507018.38397904905,24,0.507821507198001,0.8973307923654915,0.76,1420698.8077826565,721461.4098427611,0.5078215071977628,0.5078215071977628,0.284992059544144,5.941330465709563,0.954373509142531,0
90,24,21,3,554382.2141550166,2458088.120895351,79321.07944751396,279964.826862929,23,0.22553390557571187,0.9823158679617464,0.875,819362.7069651169,184794.07138500552,0.22553390557552835,0.22553390557552835,0.3281597118739558,3.4244765967270054,0.9999999999999998,0
90,25,22,3,530465.0892757184,1513782.1371983627,39332.68191690578,172498.50071677004,25,0.3504236681357121,0.9620984670426046,0.76,504594.0457327876,176821.69642523947,0.35042366813524906,0.35042366813524906,0.33204477321838854,4.3856277351441415,0.9633055834104939,0
90,26,23,3,4987829.634726926,6904455.89879502,73716.39477184977,877052.4030552335,25,0.7224073421334605,0.7807024269563358,0.7692307692307693,2301485.29959834,1662609.8782423085,0.7224073421332513,0.7224073421332513,0.2698902992226706,11.524860485732562,0.9537641724688339,0
90,24,21,3,5680383.599820671,10359765.489724277,194974.24541265026,1299983.073991101,22,0.5483119869319846,0.8122440553296905,0.75,3453255.1632414255,1893461.1999402235,0.5483119869318788,0.5483119869318788,0.24503866239736535,6.342972256371967,0.9405277737345032,0
90,24,21,3,590601.0804025308,2421020.9071433684,76267.49278086823,276454.5375926332,24,0.2439471210924626,0.9806189014728401,0.875,807006.9690477895,196867.02680084363,0.24394712109226108,0.24394712109226108,0.3247890090131709,3.6248017013397527,0.8913824359239378,0
90,24,21,3,2593573.391444497,4125156.3994934084,63815.95866870465,522596.3941534112,22,0.6287212266090986,0.9983116721806966,0.75,1375052.1331644694,864524.4638148323,0.6287212266087937,0.6287212266087937,0.3328698946605749,7.89371292678989,0.9860328664010188,0
90,21,18,3,1441842.504806029,7213766.855600161,274853.5405140062,878086.4280333312,21,0.19987373222167612,0.8692096384092106,0.8571428571428571,2404588.9518667203,480614.1682686763,0.19987373222162072,0.19987373222162072,0.36141785938676346,3.1947430125441305,0.9115009451472612,0
90,24,21,3,2140317.85645926,6269680.918298521,172056.79424330246,733781.1643341929,23,0.34137588249702544,0.8672538393242586,0.75,2089893.6394328403,713439.28548642,0.3413758824969166,0.3413758824969166,0.29272240338396754,4.176417157801608,0.9266318872116255,0
90,22,19,3,2014263.4452522646,8829293.246193966,309774.0818609865,1047357.0012821349,20,0.22813416533880815,0.9683664718861716,0.8636363636363636,2943097.748731322,671421.1484174215,0.22813416533875647,0.22813416533875647,0.33365850367006994,3.096005942809743,0.8809622708573561,0
90,21,18,3,1511131.713787306,6692281.967547809,246721.44065526198,810547.0895165756,20,0.225802158533495,0.9750894201908825,0.8571428571428571,2230760.6558492696,503710.57126243535,0.22580215853342755,0.22580215853342755,0.343685664387472,3.140290899149991,0.9277238609784805,0
90,23,20,3,604769.3022130505,2500938.884858718,82442.15576720296,291785.4482747731,23,0.2418169055926263,0.9329712683144123,0.8695652173913043,833646.2949529061,201589.7674043502,0.2418169055924329,0.2418169055924329,0.31112572875045874,3.539274847387137,0.8845883098568077,0
90,26,23,3,1272867.8825137361,2935909.439759631,63963.13681714981,333807.44603266276,26,0.4335514799180982,0.9875999565706005,0.7692307692307693,978636.479919877,424289.29417124536,0.4335514799178028,0.4335514799178028,0.3389196945337227,5.218747275976988,0.9370309013117334,0
90,22,19,3,1111454.8690873259,5023292.778862344,177810.8140806826,594943.3432874047,21,0.22126022073888008,0.9879980898876578,0.8636363636363636,1674430.926287448,370484.95636244194,0.22126022073879198,0.22126022073879198,0.3389620345958662,3.2081082839071704,0.954603255243534,0
90,24,21,3,1181595.9187499997,5093266.459946669,162986.2725498612,581118.6306043378,22,0.23199177346047198,0.955662815125486,0.875,1697755.4866488895,393865.3062499999,0.2319917734603809,0.2319917734603809,0.3539488223955652,3.3471966413744503,0.9645834564808992,0
90,24,21,3,1667874.1398296827,6560342.365491416,203852.84273590558,752857.7163826384,23,0.25423583814813494,0.9123057001072806,0.75,2186780.788497139,555958.0466098943,0.2542358381480575,0.2542358381480575,0.2936775569190163,3.5658881182125914,0.7812713791486753,0
90,23,20,3,1462293.4376680101,5805251.491999203,188824.26323179103,679741.8924558775,23,0.25189148819531604,0.9098769045852888,0.8695652173913043,1935083.8306664012,487431.1458893367,0.2518914881952293,0.2518914881952293,0.29877501606053797,3.5998651911479254,0.8581368963441676,0
90,22,19,3,828596.6489955856,3730145.823044657,131888.59882041233,442018.2059354143,22,0.22213518942780583,0.9798513522501955,0.8636363636363636,1243381.9410148857,276198.88299852854,0.2221351894276867,0.2221351894276867,0.32599496204750217,3.351451223876767,0.9160712284990054,0
90,26,23,3,3113532.2500963835,8581317.042803071,210299.41510410348,959573.07810725,23,0.36282685216802,0.9769595221138558,0.7692307692307693,2860439.0142676905,1037844.0833654612,0.3628268521679355,0.3628268521679355,0.341269825249709,4.24976455275863,0.8374975267253691,0
90,27,24,3,6026032.400119642,8049006.185807329,74924.95502546987,984499.3306291697,25,0.7486678803582596,0.8452482198666036,0.7777777777777778,2683002.0619357764,2008677.4667065472,0.7486678803580736,0.7486678803580736,0.3419630768012062,12.641623360436101,0.9823448132717663,0
90,25,22,3,1106516.820673854,2159252.849340731,42109.441146675075,257180.76911313424,24,0.51245356513536,0.9955410372098986,0.76,719750.9497802436,368838.940224618,0.5124535651348853,0.5124535651348853,0.3354302887926914,5.94530707956668,0.9583412350054437,0
90,25,22,3,4036604.756532275,10432563.596772872,255838.35360962394,1239970.7862625115,22,0.3869235705191905,0.7312586316481378,0.76,3477521.1989242905,1345534.9188440917,0.3869235705191164,0.3869235705191164,0.23604861091341103,4.3738048451827,0.8704179991445085,0
90,26,23,3,1271417.1627404152,3846022.4555929294,99023.28049432745,431701.5845983579,26,0.3305797554278903,0.8650645189960278,0.7692307692307693,1282007.485197643,423805.7209134717,0.3305797554277184,0.3305797554277184,0.306887208299043,4.359596879026123,0.9005607570024168,0
90,27,24,3,4157120.293939766,8942828.379359758,177248.4476081478,1008867.9367056362,27,0.4648552021342627,0.989636914005062,0.7777777777777778,2980942.793119919,1385706.7646465886,0.46485520213415876,0.46485520213415876,0.3338604781504346,5.691829464878023,0.9424336057545084,0
90,23,20,3,629773.7142585628,2613179.1598598845,86235.0193739705,309677.9021456912,23,0.24099905736738292,0.8135467093701407,0.8695652173913043,871059.7199532948,209924.57141952091,0.24099905736719845,0.24099905736719845,0.254119082129505,3.591092161748554,0.9672403149672136,0
90,21,18,3,6708880.741976717,28250713.998143144,1025801.5836269727,3427575.1755714826,20,0.23747650209539622,0.9986398345377702,0.8571428571428571,9416904.666047715,2236293.5806589057,0.2374765020953794,0.2374765020953794,0.3335191072232082,3.2023094940014705,0.8989692576681111,0
90,23,20,3,3839583.163382541,6026540.134005146,95085.0856792437,789514.706930378,22,0.6371123526941778,0.8785749364105832,0.7391304347826086,2008846.7113350488,1279861.054460847,0.6371123526939663,0.6371123526939663,0.29643462130052606,8.170536432591168,0.9822001932097552,0
90,25,22,3,7112223.506135413,10867706.798905768,150219.33171081412,1399985.3122193406,23,0.6544364545104275,0.6915512982161598,0.76,3622568.932968589,2370741.1687118043,0.6544364545103072,0.6544364545103072,0.23582612056378113,9.021738614183057,0.9474028596449245,0
90,22,19,3,329414.90317509376,1657172.0132193791,60352.59591110389,195651.2989689023,20,0.19878135796835142,0.9882514552030663,0.8636363636363636,552390.6710731264,109804.96772503125,0.1987813579681115,0.1987813579681115,0.3324996978593506,2.9946957118217483,1,0
90,23,20,3,797507.8968140271,2121157.705319673,57549.99167415853,254323.31277534357,23,0.37597765353022694,0.9823532554292056,0.7391304347826086,707052.568439891,265835.9656046757,0.3759776535298724,0.3759776535298724,0.3408810972449406,4.419172016754996,0.9512712614451135,0
90,22,19,3,825961.7740502903,2920314.7173277745,95197.86105806744,351551.82947462145,21,0.2828331375208085,0.8876858689410334,0.8636363636363636,973438.2391092582,275320.5913500968,0.28283313752061484,0.28283313752061484,0.3197467969273151,3.535212374348314,0.9358620975404883,0
90,23,20,3,2449335.5378285497,4549875.711373155,91327.83363237414,575624.5258766726,23,0.538330207945131,0.8909030944137528,0.7391304347826086,1516625.237124385,816445.1792761832,0.5383302079448944,0.5383302079448944,0.35765502515559044,6.302837842266751,0.9518180398799301,0
90,28,25,3,1414698.3293746677,3220010.3836692655,64475.43051052135,353616.12774462096,25,0.4393458904819281,0.9324416734583997,0.7857142857142857,1073336.794556422,471566.1097915559,0.4393458904816552,0.4393458904816552,0.3517058448329983,5.1462957123663795,0.8933805250180756,0
90,21,18,3,522846.052710229,2415820.8319963478,90141.65615648187,296292.26396874234,21,0.21642583994027048,0.8362155065149456,0.8571428571428571,805273.6106654493,174282.01757007634,0.21642583994009126,0.21642583994009126,0.36493066032233196,3.286962727322264,1,0
90,23,20,3,390906.78018272377,1780772.9995036828,60428.966057432976,208215.44160255278,22,0.21951522192410455,0.879584076193345,0.8695652173913043,593590.9998345609,130302.26006090792,0.21951522192385803,0.21951522192385803,0.2790695819828698,3.343322808303818,0.8895184085066694,1
90,24,21,3,439082.8020158337,1537811.5773094888,45780.36563723561,177032.67666236908,24,0.28552444817963646,0.9322637588473065,0.875,512603.85910316295,146360.9340052779,0.28552444817926514,0.28552444817926514,0.3040848768900702,3.8670000598359566,0.8369828268590168,0
90,22,19,3,1058675.0852862808,4676258.685682401,164435.61819982363,554464.8910731334,22,0.22639361003005828,0.9917343619952034,0.8636363636363636,1558752.895227467,352891.6950954269,0.22639361002996147,0.22639361002996147,0.32966137024246767,3.371926941010863,0.9526191059907219,0
90,26,23,3,1661364.4158208037,3135721.266615404,56706.03272286922,363882.5561054433,25,0.5298189075374984,0.9999597052464414,0.7692307692307693,1045240.4222051346,553788.1386069346,0.5298189075371604,0.5298189075371604,0.33331719438654267,6.296634602579617,0.8892000244868183,0
90,21,18,3,954183.6013479717,4605825.37564728,173887.70353806237,563867.0628878144,21,0.20716886193577588,0.8388123033018534,0.8571428571428571,1535275.1252157602,318061.2004493239,0.20716886193568593,0.20716886193568593,0.3545863160594427,3.2427080892533984,1,0
90,25,22,3,2022830.0421079495,4645818.375381388,104919.53333093751,539762.1328537482,24,0.43540876518692023,0.9990697880758048,0.76,1548606.1251271293,674276.6807026499,0.4354087651867328,0.4354087651867328,0.333770581349709,5.05260098954814,0.979273589196092,0
90,23,20,3,3853931.5282461895,17578977.19774606,596741.1160652117,2039873.1065193338,23,0.2192352538428751,0.98061367884468,0.8695652173913043,5859659.065915354,1284643.8427487297,0.21923525384285011,0.21923525384285011,0.3250923285078837,3.4183552156861916,0.8254908929531946,0
90,27,24,3,3277478.548365466,6931524.498840709,135335.03520278676,783910.6935202046,26,0.4728366103175641,0.9377032156048262,0.7777777777777778,2310508.1662802366,1092492.8494551552,0.47283661031742763,0.47283661031742763,0.36241302017599925,5.692847274752386,0.9035106675557785,0
90,24,21,3,1226463.1541341615,2123768.724753448,37387.73210913696,266041.37580176495,23,0.5774937448878604,0.9696123674112336,0.75,707922.9082511492,408821.05137805385,0.5774937448873165,0.5774937448873165,0.3191024480083362,6.987771769170167,0.9293293790279984,0
90,24,21,3,1167578.856937146,5104249.742118932,164027.9535492411,581403.4579767871,23,0.2287464203215533,0.9950133313415523,0.875,1701416.5807063107,389192.952312382,0.22874642032146367,0.22874642032146367,0.33338289523612974,3.420020179769568,0.9464191466521539,0
90,27,24,3,2144713.2776106745,3841456.0760449963,62842.32586793786,446967.4379480009,24,0.5583073801063018,0.9924576887230024,0.7777777777777778,1280485.3586816655,714904.4258702248,0.5583073801060111,0.5583073801060111,0.3319342925609912,6.662978180652738,0.9527587323419371,0
90,27,24,3,982169.8037565593,2920235.000289288,71780.19246417514,322109.9377586148,27,0.3363324539494,0.8750099700879909,0.7777777777777778,973411.666763096,327389.9345855198,0.3363324539491696,0.3363324539491696,0.2909616199674305,4.487448789091637,1.0000000000000002,0
90,25,22,3,3204616.5473071397,6590127.26103971,135420.4285493027,775878.0870857195,22,0.4862753662212387,0.9896430803078698,0.76,2196709.0870132367,1068205.5157690465,0.4862753662210911,0.4862753662210911,0.3320767778358698,5.205052175758054,1.0000000000000002,0
90,23,20,3,1604800.8398777724,5920514.93081389,187639.743084179,712823.3662284778,22,0.2710576459363629,0.7606964817070389,0.8695652173913043,1973504.9769379634,534933.6132925908,0.2710576459362713,0.2710576459362713,0.44574780918990425,3.6460267229237995,0.9430682849407551,0
90,24,21,3,2689512.774610146,7863756.112449163,215593.47240995898,913103.4321189234,21,0.34201375731274514,0.9260160751793919,0.75,2621252.037483054,896504.258203382,0.3420137573126582,0.3420137573126582,0.3451498898301614,3.8948955076596263,0.8130763287390763,0
90,26,23,3,2969091.312854368,5693376.778062252,104780.21020030323,661838.2652538888,24,0.5214991785357266,0.9902860788954307,0.7692307692307693,1897792.259354084,989697.1042847893,0.5214991785355434,0.5214991785355434,0.32937620293449094,5.9730770388246075,1.0000000000000002,0
90,25,22,3,4046740.3941545114,7410552.513186199,134552.48476126746,915141.9351382902,24,0.5460780943058255,0.7978722210326551,0.76,2470184.171062066,1348913.4647181705,0.5460780943056782,0.5460780943056782,0.383091734978417,6.610500185915842,0.9586427399933257,0
90,24,21,3,7509989.647343407,11164787.947372137,152283.26250119708,1446795.432619481,22,0.672649555257372,0.9486140953776164,0.75,3721595.982457379,2503329.8824478025,0.6726495552572516,0.6726495552572516,0.31791463900135675,9.179771732855599,0.9822144756529684,0
90,26,23,3,2394574.2457086197,3631821.696648129,47586.44042075033,445679.1927111307,24,0.6593314445799898,0.9581176898494783,0.7692307692307693,1210607.232216043,798191.4152362066,0.6593314445796268,0.6593314445796268,0.34254666788636506,8.792922328649597,0.9718281471150022,0
90,26,23,3,2909635.959379293,4594628.0708371755,64807.38890222627,559797.5565568043,24,0.633269094803685,0.9976781739279951,0.7692307692307693,1531542.6902790584,969878.653126431,0.6332690948034094,0.6332690948034094,0.33244174537001364,8.291659541722726,0.9738794934537536,0
90,22,19,3,1776570.2120414109,8468544.14315322,304180.63323235506,1031043.244150542,22,0.20978460783930022,0.7637334981119499,0.8636363636363636,2822848.0477177403,592190.0706804703,0.2097846078392507,0.2097846078392507,0.28234386325507094,3.3895755728786563,0.8452452573773442,0
90,27,24,3,3690119.1424987842,6105559.635011789,89460.75898196318,720596.0950949447,27,0.6043867168764546,0.9725982035111747,0.7777777777777778,2035186.5450039299,1230039.7141662615,0.6043867168762567,0.6043867168762567,0.3367419929260797,8.054884658782901,0.9847348810330305,0
90,24,21,3,704672.825760166,2670326.074139635,81902.21868247786,305776.691546234,23,0.26389017902502565,0.9676653731400711,0.875,890108.6913798783,234890.94192005534,0.263890179024828,0.263890179024828,0.33186485463243415,3.620290031575695,0.9335775547013769,0
90,20,17,3,255240.91351497534,1193582.0701421418,46917.05783135832,147740.77029202966,19,0.2138444602174405,0.9423234993820353,0.85,397860.6900473806,85080.30450499179,0.21384446021708217,0.21384446021708217,0.3093319063173694,3.0359030232473097,0.9183939311909888,0
90,23,20,3,2657539.4075592174,11531503.071300946,385824.5071192056,1340407.6647947445,21,0.23045906428043575,0.9739565799315193,0.8695652173913043,3843834.3571003154,885846.4691864058,0.23045906428039578,0.23045906428039578,0.34183867446506094,3.1857885347867176,0.9109254923582323,0
90,21,18,3,1629418.4917007596,8422691.687749624,323489.19981185056,1019479.954963924,21,0.19345579205641258,0.9054934792656804,0.8571428571428571,2807563.8959165416,543139.4972335865,0.19345579205636665,0.19345579205636665,0.3249048740266738,3.151511566858268,0.9557878259719279,0
90,22,19,3,935737.8452354182,4335545.021234203,154536.68981812656,517277.9355480505,22,0.2158293457113784,0.8759470747249102,0.8636363636363636,1445181.6737447344,311912.6150784727,0.21582934571127885,0.21582934571127885,0.36044088746707365,3.347282358341472,0.9607665122443447,0
90,26,23,3,862036.4122639442,3609571.2653526994,105674.41742649062,399583.3862440349,26,0.23881961288260473,0.8813408842858615,0.7692307692307693,1203190.421784233,287345.47075464803,0.2388196128824724,0.2388196128824724,0.3319187323229237,3.781268882018795,0.9999999999999999,0
90,22,19,3,524193.1747056692,2429516.6979564354,86605.61469321664,287971.99434594717,21,0.2157602683473522,0.9467709441162894,0.8636363636363636,809838.8993188118,174731.05823522308,0.21576026834717457,0.21576026834717457,0.320748901847208,3.217211008835745,0.8082044921193431,0
90,22,19,3,1174843.6783622513,5728952.88558666,207004.96396474587,676891.8654704865,21,0.2050712759949219,0.9906263354947283,0.8636363636363636,1909650.9618622202,391614.55945408373,0.20507127599485028,0.20507127599485028,0.32899802281688606,3.1710842542721847,0.9325195928522412,0
90,25,22,3,846399.5248522406,1186296.4604596882,13595.877424297907,160030.77482793946,23,0.7134806121933033,0.6174156205008514,0.76,395432.1534865627,282133.1749507469,0.7134806121921005,0.7134806121921005,0.2973744621232558,11.390860907271867,0.9570049189284585,1
90,26,23,3,2834491.916487245,4484942.667579455,63478.87504200804,543461.7156153581,25,0.6320018173200865,0.996606463477298,0.7692307692307693,1494980.8891931518,944830.6388290817,0.6320018173198048,0.6320018173198048,0.3318985679904175,8.317481387625014,0.9533881233407103,0
90,25,22,3,1267071.960851648,5161530.199170336,155778.3295327476,578107.2168659267,24,0.24548378328873702,0.992570538469149,0.76,1720510.066390112,422357.3202838826,0.24548378328864187,0.24548378328864187,0.33030254064575637,3.6332468171943204,0.9714057818405337,0
90,23,20,3,569156.8829132126,2990240.894074183,105264.52222439,345462.3620720671,23,0.1903381376533681,0.9797528113324961,0.8695652173913043,996746.9646913944,189718.9609710709,0.19033813765324079,0.19033813765324079,0.33510876918946747,3.281849903164629,0.9389925251457281,0
90,25,22,3,2675670.81480619,7414276.54041468,189544.22902433958,855805.423274641,24,0.3608809032440242,0.9222972731663706,0.76,2471425.51347156,891890.2716020633,0.3608809032439269,0.3608809032439269,0.2967983312731575,4.431485270122709,0.932848851440524,1
90,26,23,3,3104148.3031526967,6748777.881428146,140178.06070290183,775232.9200618949,25,0.4599571000394742,0.9980049166036261,0.7692307692307693,2249592.6271427153,1034716.1010508989,0.459957100039338,0.459957100039338,0.33261419661883207,5.329783225654902,0.9999999999999999,0
90,24,21,3,4801463.361676368,10020535.987001667,217461.35938855412,1214842.6982348748,23,0.4791623290315209,0.8614707918983179,0.75,3340178.662333889,1600487.787225456,0.4791623290314253,0.4791623290314253,0.3042261103430954,5.48522033999041,0.9631711358659101,0
90,22,19,3,1541355.6910252015,6697167.876638988,234355.09934608123,799715.8576399874,22,0.2301503739217165,0.8872888864968025,0.8636363636363636,2232389.292212996,513785.23034173384,0.2301503739216478,0.2301503739216478,0.3053018060235223,3.4124107385246334,0.917951660238812,0
90,23,20,3,4391719.840286185,18301640.95329508,604779.1788264737,2151962.5059787496,23,0.23996317332928813,0.860510165092309,0.8695652173913043,6100546.984431694,1463906.6134287284,0.23996317332926187,0.23996317332926187,0.2963414099189962,3.5582615627589975,0.9018300214549497,0
90,27,24,3,1241975.6065684312,2911986.3735874374,61852.25063033359,325293.39867209835,25,0.4265046079312336,0.9999319948276097,0.7777777777777778,970662.1245291458,413991.86885614373,0.42650460793094064,0.42650460793094064,0.3333233712487029,5.019509349090435,0.9329911675825172,0
90,23,20,3,813503.6200162855,3476889.7724251347,115799.39793081954,404192.6816354751,21,0.23397452127124288,0.9878828378700848,0.8695652173913043,1158963.2574750448,271167.8733387618,0.2339745212711083,0.2339745212711083,0.33848577195180074,3.2288511098529407,1.0000000000000002,0
90,22,19,3,554300.1097553989,2676295.653751001,96454.342908891,316338.28973294876,21,0.20711467695219116,0.9964142241341636,0.8636363636363636,892098.5512503338,184766.70325179966,0.20711467695203636,0.20711467695203636,0.33404606189498676,3.160209266005416,0.9176457364430405,0
90,26,23,3,4200943.6298498,8317119.990881808,158314.47542430804,961250.0393522276,22,0.5050959508164914,0.9714234865208752,0.7692307692307693,2772373.330293936,1400314.5432832667,0.5050959508163699,0.5050959508163699,0.31990048693702855,5.50059204245346,0.9387895309826256,0
90,25,22,3,1949501.7366241477,8101076.202372839,246062.9786299476,929482.949971694,25,0.2406472532690027,0.7810868344909965,0.76,2700358.7341242796,649833.9122080492,0.2406472532689433,0.2406472532689433,0.23117266967131103,3.7774189158530813,1.0000000000000002,0
90,28,25,3,270362.5405718565,816196.8631993708,19494.082950982644,87738.83082566995,26,0.33124672828531115,0.9689786935155918,0.7857142857142857,272065.62106645695,90120.84685728549,0.3312467282844994,0.3312467282844994,0.31871543971731914,4.338420239943901,0.930554832800701,0
90,26,23,3,3178140.0079011153,7178392.86571065,153855.87914652057,826563.2741621948,26,0.44273698407924095,0.8612528249941819,0.7692307692307693,2392797.62190355,1059380.002633705,0.4427369840791176,0.4427369840791176,0.2783007822355726,5.372321673646717,0.9999999999999999,0
90,22,19,3,1013387.0379306229,4202746.456369735,144970.8826563233,499412.1405673863,22,0.24112495208805176,0.9771345572923216,0.8636363636363636,1400915.4854565784,337795.67931020766,0.24112495208793705,0.24112495208793705,0.342598089565603,3.4449134296014314,0.9098504460593838,0
90,26,23,3,2816937.9962004493,5805178.003975065,114932.30799133143,673443.7880119344,26,0.48524575719660623,0.9874356527834891,0.7692307692307693,1935059.3346583552,938979.3320668164,0.48524575719643903,0.48524575719643903,0.33047615385022977,5.859481983576527,0.9469989447190611,0
90,26,23,3,820959.4390856898,2725433.6285653193,73249.00728767805,301847.74603871076,25,0.30122158561518353,0.9892351792230573,0.8846153846153846,908477.8761884398,273653.1463618966,0.30122158561496243,0.30122158561496243,0.3304331337110798,3.9780040642895567,0.9263061152375311,0
90,22,19,3,1198562.0303085411,5161519.940356702,180134.4504567346,612438.2139790236,21,0.2322110626633516,0.9949708507962904,0.8636363636363636,1720506.6467855673,399520.6767695137,0.2322110626632616,0.2322110626632616,0.33424812856314867,3.2688698365106643,0.940622348902469,0
90,22,19,3,1243820.1421871285,5725437.509900325,203709.88035059982,677937.370620656,22,0.2172445581732609,0.9708093433067133,0.8636363636363636,1908479.169966775,414606.7140623762,0.21724455817318503,0.21724455817318503,0.32800591156330244,3.3279552736987887,0.9383886761606944,0
90,27,24,3,3224514.1631587055,5656358.518540251,90068.30945857576,664043.0572418685,26,0.5700689149368652,0.8263172783300969,0.7777777777777778,1885452.839513417,1074838.054386235,0.5700689149366636,0.5700689149366636,0.40389909988975065,7.268234986862195,0.9758750937497958,0
90,24,21,3,1902993.3320414964,3617891.541392888,71454.09205630796,457835.23147267156,23,0.5259951301105943,0.7076938409014466,0.75,1205963.8471309626,634331.1106804988,0.5259951301103034,0.5259951301103034,0.26216755512700674,6.283542776255993,0.923744547295945,1
90,25,22,3,2557794.237990695,4138260.492089943,63218.650163969935,517300.4213723254,25,0.6180843963010931,0.8792298281101871,0.76,1379420.164029981,852598.0793302316,0.6180843963007944,0.6180843963007944,0.2882667288284574,8.182718549390454,0.9873641954224202,0
90,24,21,3,5714086.828000159,9860061.5879895,172748.94833288924,1239998.9590058923,23,0.5795183708547911,0.9908095879226214,0.75,3286687.1959965,1904695.6093333864,0.5795183708546736,0.5795183708546736,0.33022615557411206,7.0460883324423165,1,0
90,22,19,3,791008.6251871065,2420819.0108469226,74082.29025726434,293160.29863949586,21,0.32675248403227214,0.9996638196624186,0.7272727272727273,806939.6702823075,263669.5417290355,0.32675248403200213,0.32675248403200213,0.3331863461553759,3.8669112511538,0.9327365237113333,0
90,23,20,3,2744005.8289296115,10716739.72337501,346640.60410632164,1250188.1778905562,22,0.2560485651195034,0.9740900624972427,0.8695652173913043,3572246.5744583365,914668.6096432038,0.2560485651194557,0.2560485651194557,0.33013910019506354,3.4650214470391503,0.9736121841946155,0
90,24,21,3,1385143.1734360163,2385162.2314669667,41667.4607512896,298434.93260438915,21,0.5807333166530644,0.959877739971178,0.75,795054.0771556556,461714.39114533877,0.5807333166525774,0.5807333166525774,0.35183755275247275,6.5089211838213155,0.9485747570652006,0
90,23,20,3,530274.5391385468,2175115.1373337703,71514.80861718363,253298.82549878553,21,0.24379148029299597,0.9810723216579363,0.8695652173913043,725038.3791112568,176758.17971284894,0.24379148029277176,0.24379148029277176,0.32446705042941104,3.2576744870360335,0.8914615331271795,0
90,26,23,3,434984.3201291052,630282.2626311517,7511.45932700179,77962.1967706051,26,0.6901420933417141,0.8512077306817263,0.7692307692307693,210094.08754371724,144994.7733763684,0.6901420933395241,0.6901420933395241,0.34957748420715123,10.379101232695445,0.9416885633932092,0
90,26,23,3,2129299.8573913993,4376148.2736465,86417.24677904231,507172.6099544607,25,0.48656940401533455,0.9606714487239238,0.7692307692307693,1458716.0912155,709766.6191304665,0.48656940401511223,0.48656940401511223,0.3277005673087847,5.76897850929147,0.9703354820256314,0
90,26,23,3,3356577.946800181,5355494.473642929,76881.40487856723,651402.1230327021,26,0.6267540678678608,0.981236136973855,0.7692307692307693,1785164.824547643,1118859.3156000604,0.6267540678676269,0.6267540678676269,0.3286769728599006,8.472817634551646,1,0
90,22,19,3,1762229.7445934373,8732301.69905436,316821.4524754965,1033987.0601625451,22,0.20180587035650305,0.9280778099580638,0.8636363636363636,2910767.2330181203,587409.9148644791,0.20180587035645683,0.20180587035645683,0.31102452609372216,3.2636270431821583,0.9543050983377482,0
90,25,22,3,4002344.4812546764,7538291.740126761,141437.89035488336,903479.8495410265,22,0.5309352064406628,0.9932784650449653,0.76,2512763.9133755867,1334114.8270848922,0.5309352064405222,0.5309352064405222,0.3309286899178844,5.935280536410441,0.990032631379733,0
90,27,24,3,3434411.7481826185,6279273.519476952,105365.25078867904,726522.4129405796,26,0.5469441229991443,0.9477043903106052,0.7777777777777778,2093091.173158984,1144803.9160608728,0.5469441229989701,0.5469441229989701,0.34978004050238837,6.779084225055935,0.9301913403816494,0
90,27,24,3,2267193.7814850574,4518326.483693351,83375.28526697382,522025.923274802,26,0.501777326111086,0.8109950812087315,0.7777777777777778,1506108.8278977836,755731.2604950191,0.501777326110864,0.501777326110864,0.3039784438893968,6.109263677743781,0.9999999999999998,0
90,26,23,3,933771.4978830854,2909096.6409949125,75974.04396583952,324037.7942554038,22,0.32098331995028334,0.93830935724791,0.7692307692307693,969698.8803316375,311257.1659610285,0.32098331995006263,0.32098331995006263,0.3259795237942742,3.830073708943464,0.979382589692433,0
90,25,22,3,630122.5787845476,2736007.6600635275,84235.4032511592,306764.1043341309,24,0.23030731528349835,0.9252697858695674,0.76,912002.5533545092,210040.8595948492,0.23030731528332996,0.23030731528332996,0.2995287487850405,3.5650209848645646,0.8343632426251234,0
90,26,23,3,3216812.38071384,6625002.3549447125,131084.2297781105,776409.0258293519,23,0.4855564131705429,0.9532347086951338,0.7692307692307693,2208334.118314904,1072270.79357128,0.4855564131703964,0.4855564131703964,0.3140406911707763,5.492646278994741,0.9794317575083532,0
90,25,22,3,4623172.611407577,9352919.182135511,189189.8628291174,1102952.6236517325,23,0.49430263657549256,0.9580483336371233,0.76,3117639.727378504,1541057.537135859,0.49430263657538687,0.49430263657538687,0.32285881354071494,5.497278615252576,0.9666043231090329,0
90,24,21,3,884092.7762934825,3866906.2212352417,124283.89353923996,440443.9462062458,24,0.22863051900204603,0.9992065597622092,0.875,1288968.7404117472,294697.5920978275,0.22863051900192777,0.22863051900192777,0.33358398498035,3.543853782337784,0.9728599607417496,0
90,24,21,3,3706190.878233672,7311679.428080421,150228.68957694783,886624.285467224,23,0.5068864020486978,0.9466962556738221,0.75,2437226.476026807,1235396.9594112241,0.5068864020485593,0.5068864020485593,0.35834253537492095,5.796723795712193,0.9355725947617635,0
90,26,23,3,5308903.635377364,10483380.834494118,199018.35381218285,1202707.4465777513,25,0.5064114067008463,0.9570379517755763,0.7692307692307693,3494460.2781647057,1769634.545125788,0.5064114067007497,0.5064114067007497,0.3155750227659351,5.826160785203289,0.9763544768446225,0
90,24,21,3,939035.2055816688,3683183.861141911,114339.52731501008,443998.90748652583,23,0.25495203090140645,0.6749888540551372,0.875,1227727.9537139703,313011.7351938896,0.25495203090126795,0.25495203090126795,0.2904517242279221,3.774986188464906,0.9554716063019784,0
90,25,22,3,2081855.7348774073,3688144.7174377493,64251.559302413676,443169.62364380737,23,0.5644723551745991,0.997298757176697,0.76,1229381.5724792497,693951.9116258024,0.5644723551742931,0.5644723551742931,0.33208005469494456,6.654668602545338,0.9054224768313351,0
90,22,19,3,878383.507907866,4222835.8554240465,152020.5612507355,499207.7675846962,22,0.20800796857387036,0.9898191793415222,0.8636363636363636,1407611.9518080156,292794.50263595534,0.20800796857377182,0.20800796857377182,0.3304236364252748,3.283817422289625,1.0000000000000002,0
90,24,21,3,2980306.833341276,12569927.203243125,399567.51541257714,1462785.484290415,23,0.23709817767059937,0.803199700678483,0.875,4189975.734414375,993435.6111137586,0.23709817767056168,0.23709817767056168,0.4154517849378799,3.5574348463869527,0.9340382374371421,0
90,23,20,3,935765.402586102,3316170.9264913313,103495.89234370562,388418.03438179387,23,0.2821825000365421,0.9710068057471236,0.8695652173913043,1105390.3088304438,311921.800862034,0.2821825000363719,0.2821825000363719,0.3243219778583815,3.752980196432536,0.9109208037020894,0
90,26,23,3,2408957.5535156834,3941662.9140912564,58950.2061759836,472512.9231502699,25,0.6111526038675617,0.9883939323101669,0.7692307692307693,1313887.638030419,802985.8511718945,0.6111526038672515,0.6111526038672515,0.32822325241318145,7.874991649473107,0.9584509797609262,0
90,26,23,3,2548828.230251873,4480002.570879506,74275.93617798589,535697.8030077653,25,0.5689345463368612,0.8554373033518392,0.7692307692307693,1493334.1902931686,849609.4100839576,0.5689345463366072,0.5689345463366072,0.28092175355679594,7.104771838758758,0.9809370837863366,0
90,27,24,3,1148840.0285533092,1849326.535571339,25943.944704371483,220276.97488381353,26,0.6212207560184931,0.882064013014381,0.7777777777777778,616442.1785237797,382946.67618443636,0.6212207560178212,0.6212207560178212,0.27841619359615527,8.276584638196649,0.9849396207955057,0
90,24,21,3,2557688.8412222597,5666234.115317288,129522.71975395955,682215.6138102966,24,0.451391310201553,0.8420689157640648,0.75,1888744.7051057627,852562.9470740865,0.45139131020139367,0.45139131020139367,0.4040010745694255,5.267150157910223,1,0
90,21,18,3,588947.9107914101,2824369.1889683944,106448.63229414208,341254.5191667163,21,0.20852369905873241,0.9615182407499396,0.8571428571428571,941456.3963227981,196315.97026380338,0.20852369905858475,0.20852369905858475,0.32598057507113015,3.2058140326363773,0.919897930548142,0
90,23,20,3,579159.3168507433,3012716.2292210576,105806.82227697023,352784.66579613124,23,0.19223825703634012,0.8433926676381107,0.8695652173913043,1004238.7430736859,193053.10561691443,0.1922382570362125,0.1922382570362125,0.2757354452809938,3.334233636365277,0.9999999999999998,0
90,21,18,3,1281237.8000511923,6349131.00774089,241328.24798522366,765795.162738232,21,0.20179734809203015,0.9998896298458061,0.8571428571428571,2116377.0025802967,427079.26668373076,0.2017973480919666,0.2017973480919666,0.3332813420064597,3.1732512423574537,0.8652433767120318,0
90,25,22,3,4007152.9864607947,8191259.659707621,167364.26692987312,972475.5983989055,24,0.4891986279193763,0.9720668641407862,0.76,2730419.886569207,1335717.6621535982,0.4891986279192569,0.4891986279192569,0.33982531058372073,5.6460006027374385,0.9354539452544618,0
90,26,23,3,4211601.266929309,7064357.529177269,109721.39470184465,845422.2958073013,22,0.5961761206923519,0.9990721420354087,0.7692307692307693,2354785.8430590895,1403867.0889764363,0.5961761206921833,0.5961761206921833,0.3336970004961861,7.132023201344907,0.9999999999999998,0
90,27,24,3,6822562.514490087,9451437.61664446,97365.74452423614,1173347.1603252047,26,0.7218544724322664,0.8069186456834205,0.7777777777777778,3150479.2055481537,2274187.504830029,0.7218544724321136,0.7218544724321136,0.2957773442621681,11.676472730728161,1.0000000000000002,0
90,25,22,3,2901075.159696877,7107414.141637428,168253.55927762212,820918.6554605613,24,0.40817589940356425,0.9694905791844395,0.76,2369138.047212476,967025.0532322923,0.40817589940344945,0.40817589940344945,0.3241974636058112,4.782961815081177,0.9657858082417908,0
90,25,22,3,1166033.5975942193,2996059.025251487,73201.01710629072,347066.446859569,25,0.38918912737240025,0.8910526149163962,0.76,998686.3417504956,388677.86586473975,0.3891891273721404,0.3891891273721404,0.3624126244333382,4.741279022815678,1.0000000000000002,0
90,23,20,3,4668483.226858883,17866541.176757466,573828.6065173295,2223307.1184992553,23,0.26129753826845004,0.6410799795026302,0.8695652173913043,5955513.725585822,1556161.0756196277,0.2612975382684207,0.2612975382684207,0.32855854358237446,3.874514259560947,0.9374827312403444,0
90,22,19,3,1704359.2561137355,6399477.0818506805,213414.4466244066,763446.0746655867,20,0.2663278943442331,0.9762287162404506,0.8636363636363636,2133159.02728356,568119.7520379118,0.2663278943441499,0.2663278943441499,0.3325935938210914,3.318876007199501,0.876866121559477,0
90,23,20,3,2251134.658224189,3753912.865622377,65338.18293035603,487609.9100808828,23,0.5996768542069941,0.9646871459808306,0.7391304347826086,1251304.2885407924,750378.2194080631,0.5996768542066746,0.5996768542066746,0.32555154385179547,7.4628630335980315,0.9869557614933816,0
90,25,22,3,398517.1310066865,1628828.6823061649,49212.462051979135,182654.46906401255,24,0.2446648535450667,0.9484186565551288,0.88,542942.894102055,132839.0436688955,0.24466485354476628,0.24466485354476628,0.3574293852546486,3.5759750222623583,0.9603663688194854,0
90,22,19,3,298205.6859637537,1231616.9374752524,42427.784159613584,147433.2183688823,22,0.24212535317581535,0.8816729378607264,0.8636363636363636,410538.9791584175,99401.89532125124,0.24212535317542216,0.24212535317542216,0.37461875830367863,3.474921476237428,0.9461789001598699,0
90,21,18,3,1353401.0302875214,7429331.078077145,289330.0022756963,893533.6441360385,21,0.18216997143673205,0.9734808236570924,0.8571428571428571,2476443.692692382,451133.6767625071,0.182169971436683,0.182169971436683,0.34494544067862815,3.088285477153943,0.9637375176208783,0
90,23,20,3,572852.1077130234,2495554.186845127,83595.74257096107,290545.64396032214,22,0.22954905597020597,0.9378235219185711,0.8695652173913043,831851.3956150423,190950.7025710078,0.22954905597002198,0.22954905597002198,0.308897972362204,3.3605645230731263,0.920045954694977,0
90,25,22,3,2520249.155222796,3559599.5852725287,41574.017201989314,456406.1681250313,23,0.7080147906661625,0.9794833763752168,0.76,1186533.195090843,840083.0517409319,0.7080147906657646,0.7080147906657646,0.3306579950364864,10.50391901765357,0.9741270486487461,0
90,25,22,3,2722403.0340773873,5775649.921706413,122129.87550516102,676429.0655086477,25,0.47135873381892635,0.9628223908774867,0.76,1925216.6405688042,907467.6780257957,0.47135873381876314,0.47135873381876314,0.3201900880438043,5.538604397206024,0.9709624007972713,0
90,26,23,3,3607162.4370864336,9946944.666891795,243837.77806943702,1132515.123391337,24,0.3626402436008756,0.8894391866825323,0.7692307692307693,3315648.2222972647,1202387.4790288112,0.36264024360080277,0.36264024360080277,0.36711400308440995,4.396537619191387,0.9649779336753669,0
90,27,24,3,5024711.749938963,7359878.534763132,86487.65869719145,881248.1162936124,26,0.6827166679728355,0.9482349928159644,0.7777777777777778,2453292.844921044,1674903.916646321,0.6827166679726501,0.6827166679726501,0.315597118505476,9.876316684154142,0.9729505952837351,0
90,26,23,3,2611782.9280370804,3747068.339883521,43664.82353255541,455996.5815945596,26,0.6970203612879854,0.9461174336551272,0.7692307692307693,1249022.7799611737,870594.3093456934,0.6970203612876134,0.6970203612876134,0.3305769698440579,10.44311060238539,0.9757315925526038,0
90,25,22,3,1304231.211214395,3063462.222985912,70369.24047086065,359731.21644557227,23,0.42573765115430545,0.8619560491188175,0.76,1021154.0743286373,434743.737071465,0.4257376511540275,0.4257376511540275,0.33302011906978146,4.812247551680398,0.9493855960240064,0
90,25,22,3,2841203.427664308,5023659.548606134,87298.24483767305,603915.1923300204,23,0.5655644854460855,0.9988870941829723,0.76,1674553.1828687114,947067.8092214359,0.5655644854458602,0.5655644854458602,0.33321713095749717,6.475210849742933,0.9451625275862388,0
90,26,23,3,1317572.4467643455,2875441.280367828,59918.03206167241,334593.0938684872,24,0.45821573744512106,0.9021852264640305,0.7692307692307693,958480.426789276,439190.8155881152,0.4582157374448024,0.4582157374448024,0.31490774321494136,5.381997196854997,0.9812005822365594,0
90,25,22,3,4878028.299126085,10260708.838259865,215307.22156535118,1220592.2518366787,25,0.47540850988155364,0.9878707218867903,0.76,3420236.279419955,1626009.4330420282,0.475408509881461,0.475408509881461,0.3387190913015009,5.669072513949696,0.9420350732726556,0
90,24,21,3,3277729.7215559524,7439140.082272154,173392.0983631751,888437.8441368187,22,0.4406059954922084,0.9555213165521829,0.75,2479713.360757385,1092576.5738519842,0.44060599549209,0.44060599549209,0.3421045204435265,4.832252804933786,0.9773718468459482,0
90,26,23,3,1680855.8818014185,3760260.5777682755,79977.10369103293,429325.14707587805,25,0.4470051601579601,0.9585713662597959,0.7692307692307693,1253420.1925894252,560285.2939338061,0.44700516015772224,0.44700516015772224,0.3403343871800224,5.27956421906364,0.9795825070129623,0
90,22,19,3,983954.0735873262,4060959.0932406206,139863.8645296952,485795.9870931619,22,0.2422959825487665,0.8881100102912418,0.8636363636363636,1353653.0310802069,327984.6911957754,0.24229598254864715,0.24229598254864715,0.33858282730904204,3.4733488075938785,0.8673734442140338,0
90,25,22,3,1036821.1799859265,4232810.026459383,127839.55385893825,474026.5897875231,24,0.24494866849787514,0.9949809636279331,0.88,1410936.675486461,345607.0599953088,0.2449486684977594,0.2449486684977594,0.33098202747031596,3.5682785478723424,0.8954876606338589,0
90,26,23,3,786271.5259206655,2230130.760310479,55533.047476531305,249409.38806426516,25,0.3525674547490875,0.9845832177258472,0.7692307692307693,743376.920103493,262090.50864022181,0.35256745474877127,0.35256745474877127,0.3318937755452871,4.328332756457221,0.8940958807510437,0
90,23,20,3,1206679.5490234839,5564781.057076978,189482.67426319534,658984.0838896133,23,0.2168422327215694,0.7999923546546356,0.8695652173913043,1854927.0190256592,402226.5163411613,0.21684223272149147,0.21684223272149147,0.23907412375094605,3.4778065406169696,1,1
90,21,18,3,349252.9519003658,1790657.9214964649,68638.33188552853,215860.22677951102,21,0.19504169261334836,0.9643422362525027,0.8571428571428571,596885.973832155,116417.65063345527,0.19504169261313048,0.19504169261313048,0.32736761483322274,3.1448932520150215,0.9533914443892617,0
90,23,20,3,607545.5730815637,2850083.7362753986,97501.65926929715,333960.5865283234,21,0.21316762218197666,0.8561577628030597,0.8695652173913043,950027.9120917995,202515.1910271879,0.21316762218182703,0.21316762218182703,0.265578554463534,3.2011374230778054,0.8369957258266032,0
90,21,18,3,525214.639175864,2921306.0109459925,114099.58913191089,355083.9032177879,21,0.17978761458324818,0.8560431925229097,0.8571428571428571,973768.6703153308,175071.54639195467,0.17978761458312506,0.17978761458312506,0.2677442889431995,3.1120524264479363,0.8757263038830251,0
90,22,19,3,1055988.3449157104,4757005.110540514,168228.03480112742,563529.1887997693,22,0.22198595973244642,0.9982382381455869,0.8636363636363636,1585668.3701801712,351996.11497190344,0.2219859597323531,0.2219859597323531,0.3329758154253152,3.349793567181603,0.9621955322096338,0
90,25,22,3,6275538.181852867,8857610.167513177,103282.87942641233,1139771.111579804,23,0.7084911238099848,0.9119341037355927,0.76,2952536.7225043923,2091846.0606176222,0.7084911238098248,0.7084911238098248,0.37484097215877327,10.568596563255943,0.9639616595545464,0
90,23,20,3,557502.6501346185,2578817.123602506,87883.23797686466,299642.5169407591,23,0.21618541502299052,0.9375331779225169,0.8695652173913043,859605.7078675019,185834.2167115395,0.21618541502282287,0.21618541502282287,0.3062039845131191,3.4095525362439503,0.8382900937377079,1
90,24,21,3,1219226.2320164011,4923455.049490942,154342.8673947725,562233.2253829157,24,0.24763630819422527,0.9996068689624366,0.875,1641151.6831636473,406408.74400546704,0.24763630819412466,0.24763630819412466,0.33347902414518366,3.6427548280622095,0.9371227179463311,0
90,26,23,3,4299038.709103042,11071498.085545916,260479.2067862644,1261598.4519589753,24,0.38829783249614097,0.8921700068061582,0.7692307692307693,3690499.361848639,1433012.9030343473,0.38829783249607086,0.38829783249607086,0.2865182489322521,4.592707249355941,0.9019859447339867,0
90,24,21,3,2254322.5879168543,6245976.844879762,166318.92737345444,733509.4109878482,23,0.3609239425478354,0.854667910903586,0.75,2081992.2816265875,751440.8626389514,0.36092394254771976,0.36092394254771976,0.3400743365609276,4.248981824885262,0.9461546648146133,0
90,24,21,3,1674239.3387266453,3096740.0898858868,59270.86463163504,379701.5743663393,24,0.5406457404010937,0.9621053413538527,0.75,1032246.6966286289,558079.7795755485,0.5406457404007445,0.5406457404007445,0.31652337307574946,6.406209471040387,0.9856334491290102,0
90,22,19,3,2230406.4559247545,10886607.718548978,393463.69375564647,1286363.245775917,22,0.20487616653296933,0.9795815317747787,0.8636363636363636,3628869.2395163258,743468.8186415848,0.2048761665329317,0.2048761665329317,0.3422273074622169,3.269331494080672,0.9086416158691671,0
90,22,19,3,489995.9557616589,2174983.5626521744,76590.34576775074,257854.27006957255,20,0.22528719948758266,0.9860198520758924,0.8636363636363636,724994.5208840581,163331.9852538863,0.22528719948737547,0.22528719948737547,0.3289518785979555,3.069785073136863,0.9194393665232783,0
90,26,23,3,5272257.550499763,8306555.735907009,116703.77636181713,1007102.3217705996,25,0.6347104285002959,0.9975394956953463,0.7692307692307693,2768851.911969003,1757419.183499921,0.6347104285001433,0.6347104285001433,0.33339403140418766,8.490017488898213,0.9999999999999997,0
90,22,19,3,1188249.588290951,5094028.300665987,177535.3960170471,631592.1427292315,21,0.23326324828925027,0.7082929828999845,0.8636363636363636,1698009.433555329,396083.1960969837,0.2332632482891587,0.2332632482891587,0.26728102286413996,3.429469928352784,0.8795216919447213,0
90,25,22,3,3121393.1761041153,6334599.832405064,128528.26625203795,748799.6121099415,24,0.4927530165577199,0.9737632150502478,0.76,2111533.277468355,1040464.3920347051,0.49275301655756437,0.49275301655756437,0.33293819997898366,5.723979420266609,0.9411441165239248,0
90,23,20,3,233964.4704286266,895126.2599176404,28746.1647603919,104481.86102364257,23,0.2613759431545356,0.9999999995185297,0.8695652173913043,298375.4199725468,77988.1568095422,0.2613759431539516,0.2613759431539516,0.3333333331553984,3.634636546854034,0.9769416229684512,0
90,24,21,3,428749.20295449614,1874666.943704472,60246.57253124899,213772.7210360592,23,0.22870686678190916,0.9536308391528965,0.875,624888.9812348239,142916.40098483206,0.22870686678166519,0.22870686678166519,0.3440365683881675,3.4244307062703485,0.9434600219744718,0
90,27,24,3,2001827.9179387381,3156746.331273037,42774.75604941848,375718.5242057854,26,0.6341427874981697,0.8571261138480959,0.7777777777777778,1052248.7770910123,667275.9726462461,0.6341427874977679,0.6341427874977679,0.2779864715877048,8.638103008330134,0.9425310153457662,0
90,22,19,3,5606880.324075036,24671826.318816565,866588.4543064333,2924063.104107232,21,0.22725842228382526,0.9978022865534593,0.8636363636363636,8223942.106272188,1868960.1080250118,0.2272584222838068,0.2272584222838068,0.33367840951833805,3.269550123771787,0.8895334919843793,0
90,26,23,3,2971548.5201344145,5426628.063616066,94426.13628775581,638984.9266221413,24,0.5475865464333588,0.9192066710313908,0.7692307692307693,1808876.0212053554,990516.1733781382,0.547586546433157,0.547586546433157,0.29641758235638277,6.47870527310209,0.9549821849116837,0
90,20,17,3,829367.5859754876,3699454.4089346365,143504.34114795743,467926.1250042641,20,0.2241864594877123,0.7996399251515036,0.85,1233151.4696448788,276455.8619918292,0.22418645948759106,0.22418645948759106,0.27763127989590813,3.2607105907587632,0.8664642239586909,0
90,25,22,3,2856420.88881394,4646649.163276905,71609.13097851862,575325.9331205543,23,0.6147270405926069,0.9998879452473349,0.76,1548883.0544256351,952140.2962713133,0.6147270405923423,0.6147270405923423,0.333293655457456,7.676747329528281,0.9556300323027029,0
90,24,21,3,4957602.600383229,10650577.538559524,237207.289090679,1285708.6900064936,24,0.4654773492267605,0.9554558686984466,0.75,3550192.512853175,1652534.200127743,0.46547734922667316,0.46547734922667316,0.31530885481450815,5.420190479515897,0.9674664757943899,0
90,22,19,3,526703.6266191083,2527474.635848871,90944.13678317107,298791.7079527271,21,0.2083912610430619,0.989153193257401,0.8636363636363636,842491.545282957,175567.87553970274,0.20839126104289696,0.20839126104289696,0.3337950185411826,3.1459891033129694,0.9081485605914417,0
90,22,19,3,594829.6472829962,3026690.6635598857,110539.13710349497,357143.42569748824,21,0.19652806097573985,0.9955618161576775,0.8636363636363636,1008896.8878532952,198276.54909433206,0.19652806097560996,0.19652806097560996,0.33492227491827253,3.0907671022315517,0.858761555997469,0
90,21,18,3,275832.217004161,1217799.2474257788,44855.57287721989,152054.73424233415,21,0.22650056451175926,0.7584140724221232,0.8571428571428571,405933.0824752596,91944.07233472033,0.22650056451138728,0.22650056451138728,0.314725985085807,3.3898738659553707,0.9437313557374012,0
90,22,19,3,1491402.4062650742,6403447.977223564,223274.7986799313,761258.8766463631,22,0.23290614862018294,0.9391080425548086,0.8636363636363636,2134482.659074521,497134.1354216914,0.23290614862011025,0.23290614862011025,0.3048481092690894,3.409515454246284,0.8761618188682408,0
90,24,21,3,2641177.744643707,5623985.13699299,124283.6413478868,677265.709935426,23,0.4696274403839217,0.9830974030802442,0.75,1874661.7123309968,880392.5815479023,0.4696274403837547,0.4696274403837547,0.3392258118930011,5.34303539166665,0.9349875250347914,0
90,23,20,3,1706051.1233569703,8116903.526646802,278732.71318651445,940420.4885045802,23,0.21018496989104316,0.9872353122388127,0.8695652173913043,2705634.5088822674,568683.7077856568,0.2101849698909914,0.2101849698909914,0.3286732226565322,3.3739150232858472,0.9148144926280964,0
90,23,20,3,471576.89757364505,2406345.4695288576,84120.3726937049,278814.92470482725,23,0.19597223405572764,0.9384862175278277,0.8695652173913043,802115.1565096192,157192.29919121502,0.19597223405556474,0.19597223405556474,0.3358665065217718,3.3144756231254515,0.8707084012899342,0
90,23,20,3,308153.17655015644,1199676.7360985524,38761.893893408516,141153.14021434542,22,0.2568635093750664,0.8719735464922571,0.8695652173913043,399892.2453661841,102717.72551671881,0.2568635093746382,0.2568635093746382,0.3852081944198611,3.513039902890427,0.9014701371292194,1
90,23,20,3,531509.7788871361,2021078.6837665946,64763.8654295417,235954.06993373352,22,0.2629832193847703,0.990879234663097,0.8695652173913043,673692.8945888649,177169.92629571204,0.26298321938451,0.26298321938451,0.33608187843428927,3.5219206618019894,0.9665760089754787,0
90,23,20,3,936580.1107088152,3623854.778775925,116838.02904639606,422761.51934048365,23,0.25844857696668444,0.9997254529263865,0.8695652173913043,1207951.5929253083,312193.3702362717,0.2584485769665418,0.2584485769665418,0.3332060062956286,3.61835545145141,0.9754344035479595,0
90,26,23,3,2470133.954928624,6031280.984643339,136967.19345056597,681746.958396011,25,0.40955378487879984,0.9913102690031097,0.7692307692307693,2010426.994881113,823377.984976208,0.40955378487866406,0.40955378487866406,0.3299659456932197,4.890518167219623,0.8932248998290586,0
90,20,17,3,1199452.1355306036,6097108.234369785,244882.80494195904,753707.0386123755,18,0.19672475695429176,0.9222094831751458,0.85,2032369.411456595,399817.3785102012,0.19672475695422723,0.19672475695422723,0.3025397790745044,2.8024007495095815,0.7259624827288191,0
90,24,21,3,1538927.4962627017,6559480.442367026,209189.70608768018,747967.8669823731,23,0.2346111875450819,0.9798386197442569,0.875,2186493.4807890086,512975.83208756725,0.2346111875450104,0.2346111875450104,0.33815139292275814,3.446651151485205,1,0
90,23,20,3,1305452.1262295798,5648729.744545096,188838.15731806587,657679.2508939371,22,0.23110543171055523,0.936401442777291,0.8695652173913043,1882909.9148483651,435150.70874319325,0.2311054317104734,0.2311054317104734,0.303411681527781,3.343467528004476,0.9416334413287355,0
90,22,19,3,1267020.4137778997,5768946.035782392,204632.98281838608,683073.8928402831,20,0.21962771118309568,0.9882298516655599,0.8636363636363636,1922982.011927464,422340.1379259666,0.21962771118301957,0.21962771118301957,0.32908924906026465,3.0854095725184463,1.0000000000000002,0
90,22,19,3,1189322.9550110425,5765800.557942031,208021.7092241358,681746.9753496186,21,0.20627195530941805,0.9698857846052169,0.8636363636363636,1921933.5193140104,396440.98500368086,0.2062719553093465,0.2062719553093465,0.32939865482838,3.1753830179632794,0.8623560777909084,0
90,24,21,3,235978.80788625896,603563.1496669982,15316.014240864139,71270.95053779952,22,0.39097616880033803,0.9565416455976384,0.75,201187.71655566606,78659.60262875298,0.39097616879904246,0.39097616879904246,0.33126694526888045,4.391646277162887,0.9405001885359925,0
90,27,24,3,4521426.91573965,11361825.261653885,253348.08688571237,1256080.6773467804,26,0.3979489924914661,0.9710634296606001,0.7777777777777778,3787275.087217962,1507142.30524655,0.39794899249139604,0.39794899249139604,0.3425393268662056,4.770969481257544,0.9999999999999998,0
90,26,23,3,4559970.8762846645,8303343.461449232,143975.86866017574,982185.9138432016,25,0.5491728599997279,0.9187080361078157,0.7692307692307693,2767781.153816411,1519990.2920948882,0.5491728599995956,0.5491728599995956,0.3117198079257489,6.721002214786263,0.9666339405381159,0
90,23,20,3,1297457.8701474485,5756770.37793841,193883.15251265053,668562.2446694854,22,0.2253794723373808,0.9905419042714663,0.8695652173913043,1918923.4593128033,432485.95671581617,0.2253794723373025,0.2253794723373025,0.33431283963282604,3.3410560019009066,0.9237744950348036,0
90,21,18,3,1209822.8967458506,6808805.902670103,266618.2383773453,824171.124382867,21,0.17768503230077912,0.8831727416118119,0.8571428571428571,2269601.967556701,403274.2989152835,0.17768503230072696,0.17768503230072696,0.30180679071607797,3.0912030977165363,0.9233468374793051,0
90,24,21,3,1731464.8006181833,3422998.139693806,70480.55579481761,417469.60694508825,24,0.5058328196382136,0.8528501358282848,0.75,1140999.3798979353,577154.9335393944,0.5058328196379179,0.5058328196379179,0.34154789737396063,5.923188349344166,0.9111143355578721,0
90,22,19,3,4496829.757708851,17057182.27824788,570925.114569956,2035048.9565673461,22,0.26363262608989974,0.9616212811998497,0.8636363636363636,5685727.426082627,1498943.252569617,0.2636326260898688,0.2636326260898688,0.34638070841338947,3.5644761539289846,0.8708698058525735,0
90,21,18,3,663740.3270825235,3359565.318966138,128372.61866112452,408232.96967132326,21,0.197567323169827,0.8771778476646819,0.8571428571428571,1119855.1063220461,221246.7756941745,0.19756732316970935,0.19756732316970935,0.331633142848142,3.18006264829565,0.9546807992248927,0
90,25,22,3,1392115.3032996296,3003644.305231401,64461.16007727085,352458.1819987966,25,0.4634754191348624,0.901818956203918,0.76,1001214.7684104671,464038.4344332099,0.46347541913455376,0.46347541913455376,0.3393857363891306,5.46776045561126,1.0000000000000002,0
90,28,25,3,2967764.5254008397,8083177.314777478,182693.31390630853,884040.8086987308,26,0.3671532133750022,0.845899199536214,0.7857142857142857,2694392.438259159,989254.8418002799,0.3671532133749114,0.3671532133749114,0.28305605703804165,4.5907923499815535,0.9862107396296232,0
90,25,22,3,3223771.468070543,6836849.315819985,144523.11390997766,802578.0599966146,25,0.4715288167329493,0.9846118423656571,0.76,2278949.7719399952,1074590.4893568477,0.4715288167328114,0.4715288167328114,0.32935129833307564,5.553285133968127,0.9867693116686583,0
90,21,18,3,1251064.9130548956,5610626.241991034,207598.15852076854,681008.767429054,19,0.2229813320465826,0.9252616304172309,0.8571428571428571,1870208.7473303445,417021.6376849652,0.22298133204650314,0.22298133204650314,0.36027690221743036,3.010677253252267,0.9082115346706734,0
90,26,23,3,1635482.923270522,2561491.768079887,35615.7248003602,312242.41654250154,26,0.6384884556923068,0.8901528483878707,0.7692307692307693,853830.5893599624,545160.9744235073,0.6384884556918082,0.6384884556918082,0.3847464343760679,8.766981952044302,0.9838567394501242,0
90,25,22,3,3578719.0936443056,7227965.4627065845,145969.8547624912,855020.393398797,23,0.4951212221625258,0.9996481047105034,0.76,2409321.820902195,1192906.3645481018,0.4951212221623888,0.4951212221623888,0.33319428486393615,5.422836203859885,0.9461615979663032,0
90,23,20,3,2653217.0193235083,10250075.565661093,330298.19766685145,1195872.9156210327,23,0.25884853261100094,0.9918192788764751,0.8695652173913043,3416691.8552203644,884405.673107836,0.2588485326109504,0.2588485326109504,0.33444268999161203,3.6205856527973093,1.0000000000000002,0
90,25,22,3,2061588.7660438064,5197527.929295452,125437.56653006586,600013.5554131866,24,0.39664794380871504,0.9244846950725525,0.76,1732509.3097651508,687196.2553479355,0.39664794380856244,0.39664794380856244,0.3689171378322553,4.694904328317829,0.9599519309610328,0
90,26,23,3,2735195.5515715987,4564082.839695604,70341.81877400019,551794.3818073926,25,0.5992870085051787,0.9715014567289413,0.7692307692307693,1521360.9465652013,911731.8505238662,0.5992870085049161,0.5992870085049161,0.32334015398243304,7.558101847240139,0.939494150384217,0
90,23,20,3,882210.9645861454,3591776.321378585,117807.18942575829,418268.2778338372,21,0.2456196838692038,0.9993098686885742,0.8695652173913043,1197258.7737928617,294070.32152871514,0.24561968386906702,0.24561968386906702,0.33364313884764224,3.310702741078105,0.9536873794886083,0
90,27,24,3,4376375.955589337,6055087.237126876,62174.49190879772,745545.7558975327,26,0.7227601823397005,0.9927428154404039,0.7777777777777778,2018362.4123756252,1458791.9851964458,0.7227601823394619,0.7227601823394619,0.3348872384386143,11.844811292201884,0.9620096845787435,0
90,21,18,3,842606.1756904288,4003754.929564548,150530.89304162475,483687.72748868866,20,0.21045398395097598,0.9787335305975671,0.8571428571428571,1334584.976521516,280868.72523014294,0.21045398395087087,0.21045398395087087,0.34131863150438113,3.0757163120934896,0.922555444531896,0
90,22,19,3,748274.6670461298,4198671.907868224,156836.23821918617,494831.5490713291,20,0.17821698943508787,0.9457314221985201,0.8636363636363636,1399557.3026227413,249424.8890153766,0.178216989435003,0.178216989435003,0.3351620225936899,2.9354928178048088,0.9038200472524397,0
90,25,22,3,1788654.9008213165,6695869.902376594,196288.60006221104,752124.9914488398,24,0.26712808446086955,0.9953719653895804,0.88,2231956.634125531,596218.3002737722,0.26712808446078984,0.26712808446078984,0.3350992828576537,3.6746628521437135,0.966721494190565,0
90,23,20,3,786457.7957643456,3739681.418356389,128401.02706921929,450312.22338264284,22,0.2103007469844284,0.7274831242834009,0.8695652173913043,1246560.4727854629,262152.5985881152,0.21030074698431594,0.21030074698431594,0.4208045466348457,3.4120022090517894,0.9688823113590901,1
90,23,20,3,1941344.3706867693,8101633.433449775,267838.65490273945,942647.699822283,22,0.23962382236045965,0.9999984615389067,0.8695652173913043,2700544.4778165915,647114.7902289231,0.23962382236040053,0.23962382236040053,0.333334022598019,3.4017372524166998,0.8915745345851058,0
90,22,19,3,937660.0565696525,3824086.262441243,131201.19117598134,465103.22354121046,20,0.24519845846019653,0.7921811623822441,0.8636363636363636,1274695.4208137477,312553.3521898842,0.2451984584600683,0.2451984584600683,0.2735330831582595,3.306595041929719,0.8806429527068703,0
90,26,23,3,399112.74019801605,1267396.4534792742,33395.52743389456,141259.20477317728,23,0.3149075722139283,0.9277262752874621,0.7692307692307693,422465.4844930914,133037.58006600535,0.31490757221343135,0.31490757221343135,0.3488954504923094,3.9536490360988603,0.9826680108900276,0
90,22,19,3,243083.40175840966,869224.2748937248,28460.948778877962,103886.25766238649,21,0.2796555604568803,0.9925384845521685,0.8636363636363636,289741.4249645749,81027.80058613655,0.27965556045623685,0.27965556045623685,0.3365437847909618,3.485165472554508,0.9302076229152387,0
90,26,23,3,1479626.1838404424,2923156.905055235,55520.4123544151,340235.47320965776,25,0.5061740549339337,0.9965283379751186,0.7692307692307693,974385.6350184117,493208.72794681415,0.5061740549335875,0.5061740549335875,0.33380292728938155,6.0189222125973245,0.9656978082959207,0
90,21,18,3,362616.2960903045,2013277.150157577,78602.89781272729,242087.95235872595,20,0.18011245797020187,0.9776440128766796,0.8571428571428571,671092.383385859,120872.09869676817,0.18011245797002295,0.18011245797002295,0.32282468158889416,2.9350634239616817,0.7531396910992292,0
90,26,23,3,6050143.445979474,11891223.633445935,224656.9302871716,1380054.1238428575,24,0.5087906537189315,0.9683282491289621,0.7692307692307693,3963741.2111486453,2016714.481993158,0.5087906537188459,0.5087906537188459,0.34739523162579766,5.811068535512216,0.9544616036699408,0
90,22,19,3,1572679.0624398903,6883826.293714318,241415.78323974667,832874.8172189298,20,0.2284600155985471,0.8050991521349165,0.8636363636363636,2294608.7645714395,524226.3541466301,0.22846001559848075,0.22846001559848075,0.34946056893906075,3.175277188447609,0.9497066333227577,0
90,27,24,3,2759712.3946570028,4812426.478497974,76026.4475496656,558795.3403766715,26,0.5734554921486872,0.9822223321996368,0.7777777777777778,1604142.1594993246,919904.1315523343,0.5734554921484489,0.5734554921484489,0.33087590702867586,7.244946098960829,0.960654195832653,0
90,23,20,3,1805267.372358496,8308494.051498875,282748.98604958167,963683.0681119809,23,0.21727973338713574,0.9869797392843362,0.8695652173913043,2769498.017166292,601755.7907861654,0.21727973338708345,0.21727973338708345,0.3394701243513025,3.408263568236405,0.8777932332260964,0
90,25,22,3,4029895.43024481,7351174.654964176,132851.16898877468,879152.5172098003,24,0.5481974812723178,0.9791284079290516,0.76,2450391.5516547253,1343298.47674827,0.5481974812721688,0.5481974812721688,0.323511629752832,6.506668135348604,0.9178872831570845,1
90,22,19,3,3358211.5311361384,16134791.543397594,580753.6369209752,1920418.436307581,22,0.20813479505473503,0.8856010034465183,0.8636363636363636,5378263.847799198,1119403.843712046,0.20813479505470922,0.20813479505470922,0.3628428016877935,3.306769539121442,1,0
